ApplicationDate,Age,AnnualIncome,CreditScore,EmploymentStatus,EducationLevel,Experience,LoanAmount,LoanDuration,MaritalStatus,NumberOfDependents,HomeOwnershipStatus,MonthlyDebtPayments,CreditCardUtilizationRate,NumberOfOpenCreditLines,NumberOfCreditInquiries,DebtToIncomeRatio,BankruptcyHistory,LoanPurpose,PreviousLoanDefaults,PaymentHistory,LengthOfCreditHistory,SavingsAccountBalance,CheckingAccountBalance,TotalAssets,TotalLiabilities,MonthlyIncome,UtilityBillsPaymentHistory,JobTenure,NetWorth,BaseInterestRate,InterestRate,MonthlyLoanPayment,TotalDebtToIncomeRatio,LoanApproved,RiskScore
2018-01-16,33,56650,605,Employed,Doctorate,11,12652,36,0,1,Mortgage,336,0.4234308630650563,4,0,0.0441568040602275,0,Auto,0,21,15,242,131,261435,11144,4720.833333333333,0.8372135908452825,2,250291,0.195152,0.2164127524804118,480.8408279537298,0.1730289485515403,1,33.6
2018-01-17,27,50042,582,Employed,Doctorate,7,19105,60,0,1,Rent,680,0.1039191338396645,6,3,0.308869314312398,0,Debt Consolidation,0,36,14,2214,1219,11162,89196,4170.166666666667,0.9208669734304104,5,7021,0.233105,0.1871293871402189,492.58144374273706,0.2811833524821718,0,53.0
2018-01-23,40,114216,635,Employed,Doctorate,17,9809,60,0,3,Rent,571,0.2241874208084188,3,1,0.6304483929012554,0,Home,0,26,2,720,2127,23984,27250,9518.0,0.8518390523096648,10,2482,0.197309,0.2011140337279482,260.48690525168723,0.0873594142941465,1,46.400000000000006
2018-02-20,43,121939,653,Employed,Doctorate,25,41215,48,Divorced,0,Mortgage,220,0.5329414041983653,2,1,0.2444251231872098,0,Other,0,30,12,1365,4000,188167,2457,10161.583333333334,0.8446177031890929,8,185710,0.209715,0.1846492795717869,1220.7265633854008,0.1417817003634998,1,32.800000000000004
2018-03-21,18,40050,545,Self-Employed,Doctorate,0,112253,48,1,1,Rent,406,0.3061276212624648,4,1,0.184527533056013,0,Home,1,33,2,1506,726,18390,29714,3337.5,0.9370302423573678,4,7672,0.3347529999999999,0.3584856961488986,4432.382784161488,1.4497027068648651,0,64.0
2018-04-07,43,55308,645,Employed,Doctorate,22,19539,72,0,0,Other,362,0.0715581905110223,3,0,0.2662099288951911,0,Debt Consolidation,0,29,24,5995,932,101618,7871,4609.0,0.9664762707448832,4,93747,0.212039,0.1696312,434.265166928783,0.1727631084679503,1,36.8
2018-04-28,25,41402,572,Employed,Doctorate,4,25900,36,1,4,Mortgage,419,0.1113135565726894,2,2,0.0923347235350403,0,Home,0,29,21,9920,6772,36312,37402,3450.1666666666665,0.729440679148017,6,4623,0.2249,0.2377350219528855,1013.0533057953522,0.4150678631356994,0,50.0
2018-06-08,25,34276,574,Employed,Doctorate,3,5163,96,1,3,Rent,365,0.3068512432051159,3,0,0.1981528554668243,0,Debt Consolidation,0,27,26,3141,42,38198,5950,2856.333333333333,0.6432778154586831,6,32248,0.253163,0.2516654856745215,125.3743363618091,0.1716796602970506,0,51.0
2018-06-10,28,72220,546,Employed,Doctorate,5,11336,36,1,1,Mortgage,533,0.0749757526584197,2,2,0.0943437121914956,0,Debt Consolidation,0,27,28,1517,1581,125642,21847,6018.333333333333,0.8586571733035676,9,103795,0.223336,0.2124214087649371,428.4952003309024,0.1597610413177905,1,36.0
2018-07-03,45,117455,652,Unemployed,Doctorate,21,19372,48,Divorced,3,Own,697,0.24441493145149,2,0,0.6809138064677995,0,Auto,1,26,6,3583,11199,288436,9076,9787.916666666666,0.7402011020414656,3,279360,0.188372,0.1858106205731819,574.9512772267276,0.1299511755712462,1,44.8
2018-08-26,42,39637,599,Employed,Doctorate,16,28863,24,0,4,Mortgage,337,0.6577604508520756,4,1,0.1097211866260738,0,Other,0,25,7,823,554,197025,22402,3303.083333333333,0.7110369067251245,5,174623,0.204363,0.2450885830571364,1533.3588044053192,0.5662463267367316,0,50.0
2018-09-19,39,75932,530,Employed,Doctorate,14,29901,12,0,2,Mortgage,350,0.1825249109874367,1,2,0.180458703155087,0,Debt Consolidation,0,17,20,4763,329,228464,157337,6327.666666666667,0.9664366433701548,6,71127,0.229901,0.2335392216872575,2818.0858506671966,0.5006720514145071,0,47.0
2018-09-23,25,22698,630,Employed,Doctorate,2,7604,36,1,1,Mortgage,165,0.2216575065597782,5,2,0.3026516353790942,0,Education,0,22,8,3441,681,121192,18803,1891.5,0.7109753175819017,2,102389,0.177604,0.2038607933003422,284.08995013891774,0.2374252974564725,0,50.0
2018-09-24,59,117989,610,Employed,Doctorate,40,21413,48,1,3,Own,642,0.2998318044591407,3,1,0.5411654235793019,0,Home,1,20,4,2737,303,65900,15765,9832.416666666666,0.6132940460147523,6,50135,0.211413,0.2012746013695579,653.0603922158974,0.1317133351972707,1,48.8
2018-10-01,40,16070,562,Unemployed,Doctorate,18,27411,96,1,1,Other,371,0.1498378456572485,3,0,0.272989871352703,0,Debt Consolidation,0,17,2,1321,1003,108513,4811,1339.1666666666667,0.9508111297938352,9,103702,0.2814109999999999,0.2919530508030619,740.5761325663401,0.830050627927572,0,56.0
2018-10-14,38,107659,607,Employed,Doctorate,14,19552,96,0,1,Rent,399,0.0523118629426809,5,0,0.389597131520311,0,Education,0,27,25,718,3367,159378,12852,8971.583333333334,0.805885933132401,5,146526,0.251052,0.2646463692156646,491.77011400787785,0.0992879496195815,1,36.0
2018-12-18,57,192941,663,Employed,Doctorate,34,8954,48,1,2,Rent,430,0.4364907520987349,3,1,0.1083303251346709,1,Home,0,16,24,4152,257,68953,19450,16078.416666666666,0.939598032038916,4,49503,0.172454,0.154734282454925,251.3506130522092,0.0423767232295184,1,44.0
2019-01-05,30,52828,652,Employed,Doctorate,5,26629,12,0,0,Own,268,0.3075757829788659,4,0,0.1127473101817173,0,Auto,0,25,19,1393,748,188775,35689,4402.333333333333,0.6538592983472737,7,153086,0.165629,0.1884421327474991,2452.0580816921533,0.6178673616321997,0,40.0
2019-01-08,57,34903,535,Employed,Doctorate,31,54146,48,0,1,Mortgage,295,0.5391047586218397,6,1,0.3437752875442585,0,Education,0,21,26,6496,603,116848,43380,2908.583333333333,0.9424393243027046,6,73468,0.281646,0.2772716802835633,1878.660901985221,0.7473263279323454,0,54.0
2019-01-13,42,45271,568,Employed,Doctorate,23,20946,24,1,2,Mortgage,384,0.5671538603144004,4,2,0.3382244289751114,0,Education,0,26,4,7825,1417,35166,35863,3772.5833333333335,0.7504025203961093,3,3434,0.2119459999999999,0.208865939886948,1075.1574590704963,0.3867793843486107,0,59.0
2019-02-27,37,33297,605,Employed,Doctorate,14,15328,48,0,3,Own,1074,0.3202246456913346,1,2,0.1139262705827018,0,Education,0,21,8,7756,1167,69486,95830,2774.75,0.5700274752160365,4,8884,0.207828,0.2048793981870822,470.4307144687015,0.5566017531196329,0,49.0
2019-03-12,40,44449,565,Employed,Doctorate,17,65164,60,0,0,Rent,435,0.2061578952060024,5,2,0.3223982540028214,1,Home,1,26,12,3765,683,16755,34529,3704.0833333333335,0.8921745192129379,7,3397,0.287664,0.3060720269871967,2132.6452917218558,0.6931931764643133,0,73.0
2019-03-14,23,29273,553,Employed,Doctorate,3,18202,60,0,3,Own,527,0.2086372016512068,6,0,0.1548464930360333,1,Auto,0,34,17,7388,1231,17350,14899,2439.4166666666665,0.835878629042253,4,2451,0.2467019999999999,0.2746697965375393,560.895522602345,0.4459654381589908,0,64.0
2019-04-18,21,147047,580,Self-Employed,Doctorate,0,13389,72,1,1,Mortgage,343,0.4792518093509831,3,0,0.6904302358609016,0,Other,0,28,1,2865,1707,174940,46257,12253.916666666666,0.884082520883169,3,128683,0.238389,0.2486509029906582,359.55427205069765,0.0573330381756062,1,48.0
2019-04-22,46,55997,527,Employed,Doctorate,22,9698,36,1,1,Mortgage,720,0.2105171436281317,1,1,0.2852087296023957,0,Debt Consolidation,0,29,9,1701,1489,21077,37865,4666.416666666667,0.6792450754223338,9,10236,0.231198,0.2528536096236378,387.0559591668779,0.2372389861957343,1,42.400000000000006
2019-05-03,27,45153,589,Employed,Doctorate,6,25432,60,0,0,Rent,262,0.2863508733752968,2,2,0.10586100435704,0,Debt Consolidation,0,30,26,519,1044,53932,13566,3762.75,0.921436684657232,4,40366,0.235932,0.240358459471025,732.1561501409618,0.2642099927289779,0,51.0
2019-05-19,46,29822,609,Employed,Doctorate,23,20290,72,Widowed,5,Other,502,0.064469431152272,4,1,0.4290205276475238,0,Home,0,17,10,8987,123,534447,39157,2485.1666666666665,0.6307603984617912,10,495290,0.23079,0.2359030231680758,529.1364139084045,0.4149164028871589,0,48.0
2019-06-21,29,62164,567,Employed,Doctorate,7,28744,60,1,2,Own,566,0.5440065175693268,3,1,0.1873912222937104,0,Auto,0,20,9,3809,318,54972,5271,5180.333333333333,0.8692975877547342,10,49701,0.2502439999999999,0.2007610259834806,762.7578595754068,0.2565004554871771,1,41.6
2019-07-12,34,115637,588,Employed,Doctorate,11,11315,60,0,1,Own,259,0.5256369304114182,3,2,0.5742987527866653,0,Debt Consolidation,0,19,7,1755,2354,753438,47599,9636.416666666666,0.900901317219706,2,705839,0.2223149999999999,0.2006548392322736,300.1907195628626,0.0580289062735487,1,40.8
2019-07-26,60,178505,624,Employed,Doctorate,38,27743,12,0,3,Mortgage,1228,0.4503483274483373,1,2,0.1045776600073843,0,Debt Consolidation,0,28,1,2681,2148,266242,31409,14875.416666666666,0.7442169949890062,6,234833,0.180743,0.1909913335528993,2558.012711532543,0.2545147336959218,1,36.8
2019-08-08,42,18379,605,Self-Employed,Doctorate,22,16635,36,Divorced,2,Rent,556,0.2851410381982806,4,1,0.2945207166780187,0,Home,0,30,16,11150,205,73600,13311,1531.5833333333333,0.852286585643786,2,60289,0.199135,0.1748717137544546,597.1242401622452,0.7528968323601363,0,52.0
2019-08-13,29,107380,600,Employed,Doctorate,6,15479,96,0,2,Other,447,0.3939579557176418,1,1,0.1316403063561177,0,Auto,0,27,20,2593,6986,65458,9557,8948.333333333334,0.9458773915041369,9,55901,0.250479,0.2195080379364994,343.4108596893266,0.0883305114199284,1,35.2
2019-09-24,58,15692,683,Employed,Doctorate,36,13545,48,Divorced,0,Own,443,0.4307928575916164,2,1,0.3375396041084066,0,Home,0,24,12,8262,632,55631,10297,1307.6666666666667,0.7213588019482661,5,45334,0.167045,0.151430130239023,377.9501497718575,0.6277977184082519,0,51.0
2019-10-05,36,39711,626,Self-Employed,Doctorate,14,22891,48,1,4,Mortgage,786,0.0324303664138803,1,1,0.2586171075423545,0,Other,0,28,13,1185,1910,156006,27947,3309.25,0.7310698729285237,4,128059,0.204891,0.225185056072828,727.6647064707116,0.4574041569753605,0,48.0
2019-10-14,53,38978,624,Employed,Doctorate,27,16179,60,1,5,Rent,437,0.4603263410932302,4,1,0.1764911546209985,0,Education,0,26,5,1062,1782,39861,73163,3248.1666666666665,0.6791853210003894,9,4136,0.209179,0.2081023228621521,435.9709845661308,0.2687580639025493,0,51.0
2019-10-17,70,114947,661,Employed,Doctorate,47,46798,36,0,2,Mortgage,493,0.2176930902554863,2,0,0.0117395556330314,0,Debt Consolidation,1,22,19,4653,534,5187,15398,9578.916666666666,0.9187342576358984,3,10808,0.201298,0.2041963525800046,1749.2036506055877,0.2340769555296532,0,49.0
2019-11-13,26,28744,544,Employed,Doctorate,3,12170,84,0,2,Rent,530,0.2553740099102644,1,1,0.3353247402309206,0,Home,0,17,1,7807,22896,126313,84869,2395.333333333333,0.91821608205856,7,41444,0.26517,0.2499975401895303,308.0406948041814,0.3498639137785338,0,60.0
2019-11-15,45,25324,553,Employed,Doctorate,20,14075,60,Widowed,2,Mortgage,596,0.3008546769262899,6,2,0.1382419453636131,0,Home,1,22,22,1118,26657,168916,24125,2110.333333333333,0.8493355570579513,4,144791,0.2425749999999999,0.2320672249346858,398.45435360020576,0.4712309367873348,0,54.0
2019-12-04,31,43385,518,Employed,Doctorate,12,25064,48,Divorced,1,Mortgage,244,0.2291281692521373,6,1,0.3914908793089521,0,Auto,0,30,19,1128,1178,203827,48321,3615.4166666666665,0.6406864775879995,5,155506,0.261064,0.2600438240401103,845.1523778909024,0.3012522423577464,0,51.0
2019-12-28,40,52700,616,Employed,Doctorate,15,20163,60,1,3,Own,344,0.263310538202092,4,2,0.0869987058409696,0,Debt Consolidation,0,21,16,3509,1481,26859,6336,4391.666666666667,0.6052778541686279,2,20523,0.217163,0.218461670421868,555.1180126975323,0.2047327543144286,0,47.0
2020-02-17,37,42069,635,Employed,Doctorate,19,20705,48,Widowed,2,Rent,455,0.5324152509930835,3,1,0.2849749708837105,0,Auto,0,21,7,2097,1937,26586,239659,3505.75,0.4548917042237312,6,7247,0.198205,0.212400170331862,643.8206689340944,0.3134338355370732,0,52.0
2020-02-27,45,48423,566,Employed,Doctorate,24,30357,96,1,0,Rent,523,0.4299404773788917,2,1,0.4851448200605736,0,Auto,0,22,14,628,407,65613,7997,4035.25,0.7081343053775658,7,57616,0.2823569999999999,0.3321044472520651,906.056201832091,0.3541431638267991,0,56.0
2020-03-10,40,15000,648,Employed,Doctorate,19,13830,24,1,0,Mortgage,660,0.5774501501510301,1,2,0.3681852598697762,0,Home,1,31,7,2615,437,38306,30536,1250.0,0.6055501283481479,4,7770,0.16483,0.1706814271034211,684.2394253163164,1.0753915402530532,0,61.0
2020-03-22,34,72895,558,Employed,Doctorate,14,23192,48,1,3,Own,481,0.4839447420725151,1,1,0.0927738363743887,0,Auto,0,21,26,5026,708,57642,9590,6074.583333333333,0.9087613515569322,4,48052,0.239192,0.2358891194066212,750.8407328506906,0.2027860456026927,1,40.8
2020-03-23,57,47225,669,Employed,Doctorate,39,25971,36,0,1,Mortgage,224,0.239321752039474,3,1,0.4596678481004786,0,Home,0,24,27,12733,5542,55174,51334,3935.4166666666665,0.7628461204760133,5,3840,0.176471,0.1561875362553026,908.1825216120268,0.2876906354546177,1,40.8
2020-05-07,45,38652,634,Employed,Doctorate,25,18082,60,1,0,Rent,678,0.4331526109573234,0,3,0.5098225754050315,0,Auto,0,23,24,5041,600,38351,18129,3221.0,0.6781369279995971,4,20222,0.206082,0.1796373668887354,458.8073226285657,0.3529361448707127,1,45.6
2020-07-18,39,43350,554,Unemployed,Doctorate,15,13925,96,1,2,Rent,607,0.4535620436023393,2,0,0.1891864060760223,0,Home,0,24,10,423,1160,126006,13457,3612.5,0.7266186555661122,7,112549,0.271925,0.2267151227694254,315.38363564633994,0.2553311102135197,0,51.0
2020-07-28,33,91948,644,Employed,Doctorate,8,29198,48,0,2,Own,544,0.2192714495308964,2,0,0.3561480043207065,0,Debt Consolidation,0,34,25,932,2388,173974,27727,7662.333333333333,0.7264648063800055,2,146247,0.202198,0.183107004803053,862.4389374433966,0.1835523040122761,1,36.8
2020-09-03,34,90635,575,Employed,Doctorate,14,24248,120,0,0,Rent,643,0.7142162578534165,1,0,0.0812759038883039,0,Home,0,29,2,6205,1287,45613,92886,7552.916666666667,0.7587515596771206,4,6856,0.291748,0.3115893556113448,660.0723762467962,0.1725257187064771,0,55.0
2020-09-12,26,36263,578,Unemployed,Doctorate,3,43568,48,0,0,Other,414,0.3138500598328257,3,1,0.4647590976737923,0,Education,0,16,22,1957,659,62028,22339,3021.9166666666665,0.7524710767850441,8,39689,0.249568,0.2447144573687269,1431.7758122105029,0.6107963970583249,0,60.0
2020-10-26,27,28920,607,Employed,Doctorate,2,19627,12,Divorced,3,Mortgage,428,0.2956445665326045,7,1,0.238515997359465,0,Education,0,17,19,3206,797,432180,40601,2410.0,0.773555773017692,4,391579,0.181127,0.172112397339509,1792.0438181383877,0.921180007526302,0,45.0
2020-11-06,60,169061,631,Employed,Doctorate,38,25339,24,0,1,Rent,187,0.5147685403998368,3,1,0.269223908642725,0,Debt Consolidation,0,18,3,13043,985,30307,20310,14088.416666666666,0.7650544977312375,6,9997,0.184839,0.1922794774383296,1280.1119717192169,0.1041360435619723,1,40.8
2021-02-01,30,100955,558,Employed,Doctorate,9,13601,24,1,2,Rent,394,0.1028122912136769,5,2,0.2386562153282867,0,Home,0,25,8,556,438,76469,65203,8412.916666666666,0.8822044657257057,8,11266,0.2096009999999999,0.2100313962119153,698.9172131180484,0.1299094305127688,1,40.8
2021-02-03,43,49813,632,Employed,Doctorate,22,18336,60,1,1,Mortgage,427,0.3838858070629001,2,0,0.281317413370682,0,Home,0,24,3,6199,840,99052,39587,4151.083333333333,0.5836211584449267,6,59465,0.207336,0.2209228367891441,507.3829204297765,0.2250937515338831,0,51.0
2021-02-12,47,86942,671,Employed,Doctorate,24,22389,72,1,0,Own,362,0.4104745557860212,2,1,0.1735477545630539,0,Home,0,27,3,3432,1641,186645,32731,7245.166666666667,0.9424655286871146,3,153914,0.2018889999999999,0.2237765276337035,567.5786173278942,0.1283032758383143,1,34.4
2021-03-17,43,82482,543,Employed,Doctorate,18,10548,48,0,3,Other,414,0.4955099113929874,2,0,0.145225010841126,0,Debt Consolidation,0,28,23,1873,852,34962,81276,6873.5,0.8566783721742595,1,10909,0.234048,0.2549390930013088,352.6533693938451,0.11153755283245,1,40.0
2021-03-19,39,27876,569,Employed,Doctorate,16,19584,36,0,1,Rent,601,0.2669433591609394,2,1,0.0333027858863075,0,Home,0,19,20,268,2038,555455,11498,2323.0,0.9065631587056044,6,543957,0.220084,0.2365193304159357,764.7616819130701,0.5879301256621051,1,35.2
2021-04-01,28,90296,561,Employed,Doctorate,3,32622,36,1,2,Mortgage,286,0.3171833102880658,5,1,0.3555625121007784,0,Home,0,21,17,686,2226,175741,14297,7524.666666666667,0.9140139762185662,4,161444,0.2371219999999999,0.2200597372371438,1245.949780497716,0.2035903845793013,1,39.2
2021-05-07,47,104173,615,Employed,Doctorate,25,27127,48,Divorced,0,Rent,337,0.2471313910843257,3,0,0.1843493276736104,0,Debt Consolidation,0,24,12,1447,837,62898,20298,8681.083333333334,0.8955392372116364,5,42600,0.2146269999999999,0.2000604373788515,825.5717926945373,0.1339201281746176,1,36.8
2021-05-19,30,83995,547,Unemployed,Doctorate,7,24515,108,1,0,Rent,231,0.4158807680638326,2,3,0.6272136273559706,0,Auto,0,27,5,6406,1558,45679,22521,6999.583333333333,0.911842910636706,5,23158,0.296015,0.2742733577025354,613.7791266824046,0.1206899163067903,0,63.0
2021-05-20,59,31448,677,Unemployed,Doctorate,37,18725,36,0,0,Mortgage,516,0.3529679103479515,3,0,0.2689506868351988,0,Other,0,31,15,3685,1376,106183,31263,2620.6666666666665,0.7933863207750659,7,74920,0.1652249999999999,0.1598834249503491,658.207680018505,0.4480568608567178,0,48.0
2021-07-27,30,120004,634,Employed,Doctorate,9,18427,24,Divorced,0,Rent,253,0.4931678064379191,1,0,0.1388869880943038,0,Education,0,29,9,6109,973,118293,152288,10000.333333333334,0.8301554026836901,4,8998,0.176427,0.1689180288273515,910.1149000481132,0.1163076130843751,1,37.6
2021-10-01,29,29904,545,Employed,Doctorate,3,14572,48,0,0,Own,167,0.3325233578426828,1,1,0.2433716132027345,0,Home,0,25,6,3447,1503,11276,17820,2492.0,0.5531388415820913,4,5945,0.237072,0.2355210711276309,471.4729728988952,0.2562090581456241,0,56.0
2021-10-08,31,41021,518,Self-Employed,Doctorate,11,16639,12,Divorced,2,Mortgage,414,0.4115576474644379,2,2,0.3031305031435476,0,Auto,0,20,17,5952,908,49776,16255,3418.4166666666665,0.8685566588339536,7,33521,0.222639,0.23569147344345,1569.9098300148569,0.5803592784227173,0,59.0
2021-10-09,52,91702,627,Employed,Doctorate,30,18310,36,Widowed,1,Rent,233,0.416794102009222,1,1,0.2546836145299858,0,Debt Consolidation,1,21,8,8090,4297,54480,56265,7641.833333333333,0.8452844642084677,9,7026,0.18981,0.2004137900887434,680.8513155276312,0.119585350224985,0,56.0
2021-10-23,31,121649,592,Employed,Doctorate,6,20567,24,1,0,Own,377,0.2501820791564162,4,1,0.0118261347007935,0,Home,1,21,5,3445,1089,25164,5736,10137.416666666666,0.4013294898413094,9,19428,0.199567,0.2042541615794395,1051.0532328010272,0.1408695410041375,1,44.8
2021-11-25,27,91521,623,Employed,Doctorate,5,38658,36,1,3,Rent,451,0.1838539022375607,3,1,0.3067064057090872,0,Debt Consolidation,0,18,13,704,837,71744,8055,7626.75,0.8971324542885771,6,63689,0.212158,0.1915112927359564,1420.0040374001258,0.2453212754318846,0,47.0
2021-12-03,50,213434,621,Employed,Doctorate,29,21870,84,1,0,Other,611,0.2381545295067682,2,1,0.3107814947226794,0,Other,0,25,19,3244,398,82784,39765,17786.166666666668,0.952968367866995,5,43019,0.23637,0.2165723519520394,507.70607353704855,0.0628975368612525,1,39.2
2021-12-26,18,15000,594,Employed,Doctorate,0,20127,60,1,4,Mortgage,226,0.5034736344733953,2,0,0.686427066061029,0,Auto,1,20,8,525,1161,7508,29244,1250.0,0.9691391991355776,4,9178,0.228127,0.2092801866345363,543.6883205005747,0.6157506564004598,0,68.0
2022-01-11,32,70005,634,Employed,Doctorate,10,22024,48,Divorced,5,Rent,607,0.2154818850847978,4,2,0.1086623443320343,0,Auto,1,27,8,2878,191,410804,208069,5833.75,0.9727546213183712,4,202735,0.200024,0.1926856146248284,661.6454363624013,0.2174665414805915,1,40.0
2022-01-26,22,44537,605,Self-Employed,Doctorate,0,43593,60,1,3,Mortgage,589,0.2804828311524224,2,0,0.3332295994718468,0,Home,0,24,9,2172,4344,83036,75919,3711.4166666666665,0.6358756341646697,2,7117,0.246093,0.2571688771913064,1297.89839135047,0.5084038147204716,0,56.0
2022-02-05,64,33490,634,Employed,Doctorate,39,39652,72,1,0,Mortgage,521,0.3384931905209111,1,0,0.2387241065081476,0,Auto,0,24,18,634,1651,168894,15996,2790.833333333333,0.8803666833943126,2,152898,0.237652,0.2370925592468868,1036.9241514977923,0.558229018153882,0,46.0
2022-03-01,54,38728,642,Employed,Doctorate,33,23003,72,1,1,Mortgage,308,0.2925121136169416,5,1,0.2634523819037139,0,Auto,0,20,4,867,2944,80162,46291,3227.333333333333,0.7106017283280618,4,33871,0.217003,0.2115855797468647,566.5432993911389,0.2709801588693882,0,53.0
2022-03-09,34,82361,476,Unemployed,Doctorate,9,13060,48,0,3,Rent,578,0.0937944110613998,4,1,0.4119461311278563,0,Debt Consolidation,0,31,13,693,4728,27089,44481,6863.416666666667,0.6120654623721753,6,2736,0.2700599999999999,0.3240719999999999,488.6978794097213,0.1554179108184293,0,57.0
2022-03-24,34,53532,619,Unemployed,Doctorate,12,21956,72,0,3,Mortgage,423,0.4418009378663417,6,1,0.3581040721988494,0,Other,0,30,8,1549,403,118068,26612,4461.0,0.6576485234733507,10,91456,0.227456,0.2437228880560918,583.0039891092781,0.2255108695604748,0,54.0
2022-03-30,54,48069,597,Employed,Doctorate,35,34213,72,1,0,Mortgage,290,0.3444054998722783,1,0,0.4336863324294163,0,Education,1,33,8,717,266,273178,21917,4005.75,0.8494961039888086,3,251261,0.2507129999999999,0.2343252125980184,888.9704505643949,0.29431952831914,0,58.0
2022-03-31,38,45908,641,Employed,Doctorate,16,27954,72,0,0,Mortgage,681,0.1275363515666796,3,3,0.5405035337422881,0,Debt Consolidation,0,22,1,1418,3641,45534,14168,3825.6666666666665,0.9059424911613644,11,31366,0.222454,0.1932607861861741,658.7023231646535,0.3501879384415753,0,59.0
2022-04-10,39,61227,630,Unemployed,Doctorate,15,13954,36,0,0,Other,524,0.3580243514411368,5,1,0.3154178963933214,1,Auto,0,25,14,1325,7241,42860,14080,5102.25,0.867391081171102,4,28780,0.183954,0.1790272225815468,503.7898432001618,0.2014385502866699,0,66.0
2022-05-09,41,78951,624,Employed,Doctorate,21,25899,12,1,2,Mortgage,338,0.0367850486857098,6,0,0.1714191189386872,0,Debt Consolidation,1,21,1,1187,1460,29152,240967,6579.25,0.8769795231916986,5,6993,0.178899,0.2075559772123166,2408.5167672335524,0.4174513458575905,0,56.0
2022-05-25,28,66910,566,Self-Employed,Doctorate,4,3729,36,0,0,Rent,226,0.1739696607679563,4,1,0.3960698664117609,0,Home,0,20,25,571,1516,22589,9296,5575.833333333333,0.8966954481273801,4,13293,0.205729,0.2230514393825065,143.00153439737568,0.066178723849477,1,44.8
2022-06-22,52,48343,564,Employed,Doctorate,27,25223,36,Widowed,0,Own,177,0.4119778398602919,3,0,0.3257179916812254,0,Other,0,27,18,3636,3141,96318,21129,4028.5833333333335,0.9712854890541488,4,75189,0.2282229999999999,0.2111796892688847,951.8066586634897,0.2801994064075848,1,43.2
2022-06-27,64,151905,694,Unemployed,Doctorate,40,34902,60,1,2,Own,213,0.5952584924053861,5,1,0.1429495223295033,0,Education,0,16,23,1041,2466,15585,12935,12658.75,0.7629431181604207,2,2650,0.192902,0.2199072565757373,963.7712355471972,0.0929610929631438,1,36.8
2022-07-06,51,74388,665,Unemployed,Doctorate,27,17910,48,Divorced,0,Mortgage,361,0.5121581129163212,3,2,0.0992354643999164,0,Home,0,19,6,1063,2970,121244,29461,6199.0,0.7922051170484483,2,91783,0.18041,0.1718646399529538,518.5232016917771,0.1418814650252907,1,38.400000000000006
2022-07-21,18,25872,571,Self-Employed,Doctorate,0,33683,60,1,0,Rent,300,0.2017279184640739,6,0,0.1380908923652101,0,Debt Consolidation,0,21,1,2662,1028,12376,24013,2156.0,0.9015067887908672,4,9090,0.253183,0.2648020432581796,1018.0826386961002,0.6113555838108071,0,59.0
2022-08-05,58,38673,628,Employed,Doctorate,38,40083,60,1,1,Rent,223,0.0691675980520327,3,1,0.327688669970393,0,Debt Consolidation,0,19,11,5257,1471,78706,74588,3222.75,0.742179105843372,8,4118,0.231083,0.2356811719629004,1143.0802690713565,0.4238865158859224,0,51.0
2022-08-18,47,86909,642,Employed,Doctorate,23,16852,48,0,0,Mortgage,534,0.358398652469327,1,3,0.1152681175196227,0,Debt Consolidation,0,22,29,4193,540,287129,93557,7242.416666666667,0.9164756744121832,10,193572,0.190852,0.1947589990420312,508.1185445529257,0.1438909955773867,1,33.6
2022-09-30,36,104847,610,Employed,Doctorate,13,30281,96,1,3,Rent,352,0.1588609632030484,0,2,0.1706567535375502,0,Education,0,23,25,7273,1195,410521,54077,8737.25,0.8735737433760997,12,356444,0.260281,0.2374731841121621,706.990757982334,0.1212041269257871,1,31.200000000000003
2022-12-17,41,131852,653,Self-Employed,Doctorate,19,14605,48,1,3,Mortgage,288,0.4295569660948725,4,2,0.0625068876291455,0,Debt Consolidation,0,20,17,12529,1507,14036,9988,10987.666666666666,0.5814586519190935,3,4048,0.183105,0.1636790083826892,416.6668588642469,0.0641325297027801,1,36.8
2023-03-31,33,63386,526,Employed,Doctorate,9,11544,48,0,2,Mortgage,281,0.1802369161406747,1,1,0.2252907446441689,0,Home,0,19,21,1687,231,11138,27634,5282.166666666667,0.6065436390921334,7,6794,0.243544,0.2403500499756393,376.5790239081432,0.1244903967263704,1,40.8
2023-04-21,43,49550,585,Self-Employed,Doctorate,22,62899,60,1,3,Own,479,0.242062996992411,3,0,0.233408394456516,0,Auto,0,21,18,3571,825,75084,17972,4129.166666666667,0.749704305344642,3,57112,0.275399,0.2819823217714011,1965.940960331251,0.5921148642578206,0,54.0
2023-06-17,48,90796,659,Employed,Doctorate,27,41952,36,Widowed,4,Rent,345,0.4478040537585069,1,0,0.5159317255930582,0,Home,0,23,9,1204,625,422249,14155,7566.333333333333,0.8970447670257834,5,408094,0.197452,0.1862236127997672,1529.7951218279377,0.2477811958889736,1,37.6
2023-06-24,31,77192,582,Employed,Doctorate,11,7396,96,1,0,Mortgage,708,0.2953377156529636,3,1,0.4216641757375417,0,Other,0,30,13,7056,278,152088,4495,6432.666666666667,0.8682911380960839,4,147593,0.251396,0.2022800192980478,156.02308724363365,0.1343180257918385,1,41.6
2023-07-08,49,60088,654,Employed,Doctorate,27,14852,60,Widowed,0,Own,524,0.500926416895293,1,0,0.1614333694809718,0,Auto,0,32,19,12216,733,27859,1434,5007.333333333333,0.7797525097636574,3,26425,0.192852,0.2105097202502617,402.2224694331877,0.1849731998601759,1,36.0
2023-08-02,18,124156,543,Employed,Doctorate,0,21919,60,1,2,Rent,155,0.3229573040544274,6,1,0.3051624534508703,0,Debt Consolidation,0,20,11,5540,904,66028,49487,10346.333333333334,0.8758035754175924,2,16541,0.255419,0.2521077600874141,646.0630133593393,0.0774248216784695,1,41.6
2023-11-10,22,53508,509,Unemployed,Doctorate,2,13531,24,Widowed,2,Rent,497,0.0823904671108717,3,1,0.3724437548139594,0,Home,0,31,23,20916,413,136876,5872,4459.0,0.8585574719953781,10,131004,0.234031,0.1950698746096036,685.416605297319,0.2651752871265573,1,41.6
2023-11-12,40,21124,648,Self-Employed,Doctorate,19,32398,48,1,0,Mortgage,263,0.1672213307866402,4,1,0.2567947527177624,0,Home,0,22,24,13264,2858,181403,19229,1760.3333333333333,0.7135663933752652,7,162174,0.203398,0.2388176817020547,1054.1177625736857,0.7482206566409879,0,49.0
2023-11-14,42,118021,596,Unemployed,Doctorate,17,22507,60,1,1,Mortgage,313,0.0859254051129908,4,0,0.2508182759541461,0,Debt Consolidation,1,39,20,9088,3385,52419,14141,9835.083333333334,0.8874985500407374,4,38278,0.229507,0.2130126732647482,612.7104425107726,0.09412329424534,1,47.2
2023-12-20,40,49272,545,Employed,Doctorate,18,13651,72,0,0,Mortgage,151,0.3420640079411434,1,0,0.3179729395607203,0,Home,0,26,16,13408,5136,248610,15785,4106.0,0.832469557444901,2,232825,0.256151,0.2627662029167153,378.484907768323,0.1289539473376334,1,40.8
2023-12-29,34,30580,592,Unemployed,Doctorate,10,32990,36,1,0,Mortgage,188,0.5513042688188412,2,1,0.4935325357121081,0,Auto,0,18,2,2529,1815,15505,21960,2548.333333333333,0.7520212759000691,9,5101,0.22199,0.2283145900887037,1274.137548319477,0.5737622818781466,0,65.0
2024-01-07,40,15000,594,Unemployed,Doctorate,18,26646,36,1,2,Rent,146,0.2030866873760209,4,1,0.1829243969233657,0,Home,0,24,2,1254,1981,81789,4950,1250.0,0.7925193540659105,9,76839,0.214646,0.2002833005344656,990.645516996752,0.9093164135974016,0,57.0
2024-01-14,28,29949,611,Employed,Doctorate,7,18742,48,1,4,Mortgage,567,0.4043646662672821,6,0,0.0745560585928913,0,Other,0,29,16,4220,234,53486,9219,2495.75,0.7775885570071098,5,44267,0.208242,0.211783299637289,582.1582415773468,0.46044605492431,0,50.0
2024-02-05,57,176963,632,Employed,Doctorate,34,24882,72,1,2,Mortgage,338,0.1424750366017369,2,2,0.3775059723114009,0,Home,0,20,10,876,2994,608571,21295,14746.916666666666,0.6771282901287026,11,587276,0.223882,0.2674117141894033,697.078157171654,0.070189462690279,1,32.0
2024-02-09,31,81776,612,Employed,Doctorate,10,14455,108,1,1,Own,311,0.3849364933748636,1,0,0.0570250558977983,0,Home,0,31,6,2343,3016,113194,72736,6814.666666666667,0.8690603117886974,7,40458,0.253455,0.2429143205140716,330.56590311086035,0.0941448693666885,1,38.400000000000006
2024-02-19,41,35286,630,Employed,Doctorate,20,25822,60,1,2,Rent,110,0.339547553951029,3,2,0.578440453952334,0,Other,1,21,1,7160,1401,183131,4728,2940.5,0.9036044447767771,3,178403,0.215822,0.2350283685182338,735.4136408758995,0.2875067644536301,0,62.0
2024-04-10,51,61357,552,Employed,Doctorate,30,15238,48,1,0,Mortgage,401,0.4983274504337677,4,1,0.21309437598711,0,Home,0,29,27,1647,3900,53819,26139,5113.083333333333,0.7833259344333314,3,27680,0.234238,0.2175532165281022,478.06776694639046,0.1719251789259039,1,42.400000000000006
2024-04-30,61,35669,628,Employed,Doctorate,37,20923,60,1,4,Rent,216,0.4994152707752471,6,1,0.5017939904204778,0,Home,0,19,25,7361,940,50029,43077,2972.4166666666665,0.9037154619478656,7,6952,0.211923,0.2209102539476514,578.9538673707584,0.267443617944128,0,57.0
2024-05-05,50,130124,619,Employed,Doctorate,25,12170,84,Divorced,3,Mortgage,985,0.2818954108244454,4,0,0.1911690252781218,0,Debt Consolidation,0,21,4,847,200,60076,9084,10843.666666666666,0.7927733056495273,0,50992,0.22767,0.2415907016921635,301.529698067507,0.1186434199441308,1,36.8
2024-06-12,54,103990,650,Employed,Doctorate,33,30065,24,0,3,Rent,265,0.1381018760684182,4,1,0.1823236824408651,0,Auto,0,31,23,591,152,60739,48328,8665.833333333334,0.8914078649606404,4,12411,0.180065,0.1657102078020788,1480.292004985483,0.2013992120379439,1,33.6
2024-06-18,27,48078,600,Employed,Doctorate,5,39344,48,1,2,Other,312,0.3828077620994842,2,0,0.1004054761276949,0,Home,0,19,13,5374,1502,132440,62161,4006.5,0.6495752281950192,2,70279,0.234344,0.2538165432394252,1312.922997074165,0.4055716952637377,0,46.0
2024-06-24,33,28659,493,Unemployed,Doctorate,13,21363,48,1,0,Other,260,0.2421509355059394,3,1,0.3392407306863319,0,Debt Consolidation,0,22,4,8005,1499,83083,10443,2388.25,0.4456254919134224,6,72640,0.2698629999999999,0.2318927040891809,686.9327996525823,0.3964965140385564,0,60.0
2024-07-22,38,94828,528,Employed,Doctorate,14,11330,60,1,0,Own,140,0.2664763250802533,4,1,0.1644204517682734,1,Auto,0,23,2,4679,4553,489065,2419,7902.333333333333,0.7450861349934937,5,486646,0.25233,0.2559019628474968,336.4821914027152,0.0602963923823404,1,47.2
2024-08-10,28,97102,627,Self-Employed,Doctorate,7,35997,84,1,0,Mortgage,492,0.1380784411226631,7,3,0.2102077713933683,0,Debt Consolidation,0,25,27,2392,2677,166627,12339,8091.833333333333,0.6597893710624536,10,154288,0.247497,0.2411419354697301,890.8558247853648,0.1708952431198572,1,36.8
2024-08-30,37,70820,524,Employed,Doctorate,18,10618,48,1,3,Rent,334,0.201831986557862,6,2,0.3646402969535119,0,Debt Consolidation,0,31,21,1414,530,59276,39217,5901.666666666667,0.700874483750629,8,20059,0.243618,0.2059567155917925,326.4890001654529,0.1119156735665833,1,43.2
2024-09-30,50,52581,507,Unemployed,Doctorate,23,19422,108,1,5,Other,428,0.7326348754883283,2,1,0.4971099048592691,0,Auto,0,28,28,2141,858,264926,63777,4381.75,0.8480964469258925,6,201149,0.310922,0.2805678188486878,494.8824968092648,0.2106196147222604,0,57.0
2024-10-06,52,118693,619,Self-Employed,Doctorate,34,29315,96,Divorced,0,Own,296,0.1860164620540539,4,2,0.0754245129324001,0,Debt Consolidation,0,20,4,7143,581,49885,36954,9891.083333333334,0.6629554484440627,7,12931,0.254815,0.2603050357880967,728.7721137847984,0.103605649578472,1,40.8
2024-10-22,35,82896,626,Employed,Doctorate,17,13201,84,1,3,Rent,336,0.2429329003610314,2,0,0.2646014099963338,0,Home,0,15,5,14047,1038,179041,5328,6908.0,0.6665703965587334,5,173713,0.225201,0.1801608,277.5809124322275,0.0888217881343699,1,36.8
2024-11-04,44,55661,629,Employed,Doctorate,21,22541,48,1,1,Rent,700,0.1903448174634628,1,1,0.0486187328437096,0,Debt Consolidation,0,32,20,1292,315,44696,7990,4638.416666666667,0.8740960895054697,7,36706,0.203041,0.2079067486915841,695.4623682769744,0.3008488604107668,0,46.0
2024-11-05,46,31807,531,Unemployed,Doctorate,23,13918,36,1,3,Mortgage,327,0.2411791846051292,3,0,0.2993429823607368,0,Debt Consolidation,0,29,26,481,982,61918,48291,2650.583333333333,0.3453350562141991,6,13627,0.233418,0.2129433651397915,526.4672763947876,0.3219922443719134,0,56.0
2024-11-29,51,53518,534,Employed,Doctorate,29,20341,36,Widowed,0,Other,568,0.172744860109193,1,2,0.3238227049180542,0,Debt Consolidation,0,21,18,2693,2489,13902,21638,4459.833333333333,0.744188673217723,1,3730,0.238341,0.219353198432316,776.1515429097567,0.3013905324361352,0,53.0
2024-12-07,46,52593,603,Employed,Doctorate,26,18548,60,1,1,Other,365,0.0809974897730615,3,0,0.7715251657736267,0,Auto,0,20,18,7772,1596,56221,18733,4382.75,0.9063590644028218,2,37488,0.222048,0.2059004198556357,497.5178141920159,0.1967983148005284,1,43.2
2024-12-25,20,33256,629,Employed,Doctorate,0,71149,36,Divorced,0,Mortgage,202,0.0815828749814443,4,2,0.2915306327001866,0,Auto,0,33,12,15931,2177,39427,30589,2771.333333333333,0.7358101624111337,3,8838,0.241649,0.2299885312777273,2754.1154496171475,1.0666762507639451,0,49.0
2024-12-28,44,88116,592,Employed,Doctorate,23,10805,48,1,2,Own,527,0.2622269606015205,6,0,0.2564752182273405,0,Other,0,24,20,6609,1068,52539,90573,7343.0,0.8179487729771315,4,3251,0.209805,0.2047418433430008,331.53604554795936,0.1169189766509545,1,40.8
2025-01-09,35,162896,634,Employed,Doctorate,13,23968,72,1,2,Own,366,0.6194510124980844,7,1,0.3378759739151644,0,Home,0,21,23,2000,19063,139229,7103,13574.666666666666,0.6625851354850704,5,132126,0.221968,0.2468399755378789,640.9905371638334,0.0741816032681342,1,37.6
2025-01-19,26,32400,558,Employed,Doctorate,0,13728,60,0,5,Rent,410,0.2687500857131972,8,1,0.2243906172368401,0,Debt Consolidation,0,25,19,4673,2661,143006,25842,2700.0,0.9073377818186013,9,117164,0.239728,0.2575746252413038,409.0539253644077,0.3033533056905213,0,49.0
2025-01-20,57,83147,564,Employed,Doctorate,36,26302,48,Widowed,0,Other,392,0.5577396431825478,7,0,0.2781431848097498,0,Debt Consolidation,0,20,25,2092,2754,228078,13565,6928.916666666667,0.5675374181121049,5,214513,0.239302,0.2105155424857754,815.1892185194581,0.1742248141512441,1,38.400000000000006
2025-01-25,44,85885,600,Employed,Doctorate,19,18992,60,0,2,Mortgage,293,0.423404285053205,3,1,0.3696244148468023,0,Home,0,25,2,2316,36,70240,3508,7157.083333333333,0.8631373968703049,7,66732,0.223992,0.1999030449466958,503.0693883170492,0.1112281848961354,1,42.400000000000006
2025-02-03,54,90137,640,Employed,Doctorate,32,27595,48,1,2,Rent,596,0.1461855441912128,3,2,0.3889848994866364,0,Home,0,23,25,930,7803,54228,30398,7511.416666666667,0.6998806844919433,3,23830,0.202595,0.2377795274463526,896.2635669120648,0.1986660616943627,0,49.0
2025-02-28,48,44220,672,Employed,Doctorate,24,19651,60,Divorced,0,Mortgage,673,0.1779421749413907,5,2,0.389009043326031,0,Debt Consolidation,0,29,22,20310,531,140853,14162,3685.0,0.8238749779857766,4,126691,0.188651,0.1587189063275317,476.5375542975729,0.3119504896329913,1,35.2
2025-04-07,52,136609,628,Self-Employed,Doctorate,30,18358,36,Divorced,3,Own,431,0.279236464326742,3,3,0.0936073560373319,0,Auto,0,37,10,3779,1018,152563,55384,11384.083333333334,0.7740137234186634,9,97179,0.189358,0.1646490622351205,649.6343474844381,0.0949250208244936,1,36.8
2025-04-17,28,125522,645,Employed,Doctorate,5,17615,24,1,4,Rent,267,0.5087061397511614,3,1,0.1218311300555835,0,Home,0,18,25,280,2202,294957,44414,10460.166666666666,0.874283613364426,6,250543,0.170115,0.2026791600219008,898.8367298617108,0.1114548904442291,1,32.0
2025-06-19,52,113879,591,Employed,Doctorate,28,24416,72,1,4,Mortgage,131,0.024417372575341,3,2,0.2921464742669683,0,Debt Consolidation,0,26,20,2718,879,40085,6398,9489.916666666666,0.85673040251281,8,33687,0.243916,0.2379961495052582,639.8290815538105,0.0812261170070489,1,40.0
2025-06-28,33,373724,639,Employed,Doctorate,11,13107,96,1,0,Own,347,0.5937512533341406,1,1,0.3918525414073289,0,Home,0,22,15,2766,1513,38026,14933,17111.833333333332,0.5567604983465148,7,23093,0.228607,0.2216950056966093,292.6229058785523,0.0373789817501662,1,40.0
2025-07-21,26,46284,616,Employed,Doctorate,6,24097,72,Divorced,1,Mortgage,379,0.5937582124591686,6,1,0.3802851984997926,0,Debt Consolidation,0,16,9,8130,927,265324,49099,3857.0,0.9104218811474312,4,216225,0.231097,0.2670071089949141,674.4770833719031,0.2731338043484322,0,50.0
2025-08-23,33,71048,647,Employed,Doctorate,11,9031,60,1,0,Rent,470,0.4533952972388397,5,2,0.3585159718290083,0,Education,0,21,16,3445,259,44742,50229,5920.666666666667,0.7130952852752465,5,8078,0.190531,0.2184795135022928,248.64629302024727,0.1213792860635481,1,41.6
2025-09-14,36,96482,581,Employed,Doctorate,18,18597,84,0,0,Own,201,0.1056863369537642,7,0,0.1278152300435381,0,Other,0,24,16,2205,1575,43085,10524,8040.166666666667,0.7350858727840467,8,32561,0.253097,0.2577624705547908,479.9895745885437,0.0846984400723712,1,38.400000000000006
2025-10-09,66,49463,679,Self-Employed,Doctorate,38,36448,36,0,0,Rent,312,0.31791062292946,5,0,0.2821249655464774,0,Auto,0,18,10,7715,737,51572,43204,4121.916666666667,0.9244311521956228,3,8368,0.181948,0.1843069822587252,1325.5708121472978,0.3972838231762645,0,50.0
2025-10-31,33,58051,603,Unemployed,Doctorate,10,19256,24,1,0,Rent,702,0.2577704892768206,1,3,0.0673273812021369,0,Education,0,18,27,5297,660,28255,59292,4837.583333333333,0.8358449051568653,9,3877,0.1927559999999999,0.1987374641459147,978.862328962806,0.3474590954084111,0,50.0
2025-11-21,18,65844,623,Employed,Doctorate,0,13496,48,1,3,Own,1114,0.1975422558597759,3,1,0.1669809677294692,0,Home,0,21,19,4786,857,117557,219061,5487.0,0.7612671118150569,6,2997,0.196996,0.1936103465299673,406.1076694566944,0.2770380297898112,1,36.8
2025-12-09,43,56555,612,Employed,Doctorate,19,19513,12,1,3,Mortgage,579,0.366972380772344,1,2,0.3424361884245477,0,Home,1,28,13,574,5160,31444,53022,4712.916666666667,0.7160015037561699,0,10169,0.178513,0.1827497814008489,1791.50627743855,0.502980732548185,0,57.0
2025-12-19,55,16802,632,Self-Employed,Doctorate,31,17608,36,Widowed,2,Rent,440,0.4904112502049724,9,1,0.2650809222197454,0,Debt Consolidation,0,27,9,847,1494,43763,41941,1400.1666666666667,0.7397054037510139,5,1822,0.186608,0.1759079266125937,632.9626729423983,0.7663106817824532,0,56.0
2025-12-21,44,97359,600,Employed,Doctorate,21,96846,36,1,1,Own,286,0.378240204522126,3,2,0.275600553326879,0,Education,0,19,17,1483,1113,175820,14275,8113.25,0.9049049344734515,8,161545,0.281846,0.2465535912479711,3832.9493661848815,0.5076818002877864,0,44.0
2025-12-24,48,39413,621,Employed,Doctorate,24,19386,36,1,1,Mortgage,97,0.4785101476548102,2,1,0.2104393011721267,0,Home,0,28,19,7459,573,189282,4196,3284.4166666666665,0.921560806639928,8,185086,0.193886,0.2100895708683586,730.4580128735397,0.2519345432847659,1,37.6
2026-01-15,32,54324,574,Employed,Doctorate,12,37298,48,1,1,Mortgage,541,0.1878418536411016,1,2,0.3686362990465119,0,Education,0,27,22,4482,3781,20723,34235,4527.0,0.7038663205973266,4,9862,0.245298,0.244149150752941,1224.5544723185071,0.3900054058578545,0,53.0
2026-02-04,51,114151,667,Self-Employed,Doctorate,29,27964,60,1,4,Rent,316,0.2340300658507661,3,0,0.3423624752664378,0,Debt Consolidation,0,20,17,2949,2599,180037,30020,9512.583333333334,0.8382070528378626,6,150017,0.1994639999999999,0.1959838698715481,734.6399015458329,0.1104473795109109,1,36.8
2026-02-15,33,57102,619,Self-Employed,Doctorate,13,19965,48,1,2,Rent,432,0.2964568830128012,0,0,0.1507557511379698,0,Auto,0,28,12,979,207,37284,75964,4758.5,0.7494120108776635,6,6345,0.205465,0.1819747975881609,588.5341004140842,0.2144655039222621,1,40.0
2026-04-08,46,40341,592,Employed,Doctorate,26,34095,96,1,3,Mortgage,356,0.1233957946134655,3,0,0.1630758143840322,0,Auto,0,23,26,11136,690,52030,45192,3361.75,0.8741848682361277,1,6838,0.273095,0.2554362294054332,836.4975272309833,0.354725225620877,0,50.0
2026-04-11,35,149557,620,Employed,Doctorate,10,50895,60,1,4,Mortgage,322,0.3408256669412318,3,1,0.215550837381738,1,Auto,0,18,10,4687,345,194244,41168,12463.083333333334,0.6483632715649736,4,153076,0.245895,0.2596528136405714,1522.774265032634,0.1480190909177879,0,55.0
2026-04-27,28,92565,542,Employed,Doctorate,7,13086,36,Widowed,0,Mortgage,226,0.4023427573893919,4,3,0.3675402223847763,0,Education,0,23,18,3203,1731,22220,2202,7713.75,0.7645059514360123,2,20018,0.2270859999999999,0.2629014200045189,529.2676999875675,0.0979118716561422,1,43.2
2026-05-27,42,44263,525,Unemployed,Doctorate,20,22249,48,0,3,Mortgage,296,0.1646292557684849,1,0,0.0140808137886426,0,Home,1,24,13,1793,2367,14391,15534,3688.5833333333335,0.7935322820127191,4,5207,0.254749,0.2888022741846285,786.6723659704379,0.2935198335324143,0,59.0
2026-05-30,60,78174,696,Self-Employed,Doctorate,37,9062,60,1,1,Mortgage,213,0.5747604014060312,6,0,0.320162482190335,0,Debt Consolidation,0,19,8,1144,1426,139670,30604,6514.5,0.850416242158554,5,109066,0.166062,0.1443738286578804,212.91737711643265,0.0653799028500165,1,39.2
2026-06-08,54,105917,601,Employed,Doctorate,30,14030,60,1,1,Rent,423,0.3236103771524464,6,0,0.1509054370771529,0,Education,0,27,12,5078,1115,28319,46255,8826.416666666666,0.9189004250275316,4,1729,0.21853,0.227172905719682,393.2367825181656,0.0924765749616963,1,36.8
2026-06-13,43,26605,534,Unemployed,Doctorate,21,19397,48,1,2,Mortgage,420,0.1705776792814982,5,0,0.1148537689669925,1,Home,0,17,26,3399,1587,90158,68095,2217.083333333333,0.8958181420030497,3,22063,0.247397,0.2859977505790473,682.7005426723832,0.4973654016939897,0,66.0
2026-06-15,54,56233,599,Employed,Doctorate,32,12127,48,Divorced,1,Rent,312,0.1723565365623654,2,1,0.2864895200035676,0,Home,0,18,14,4104,312,202770,46635,4686.083333333333,0.7568842433127003,4,156135,0.207627,0.1864910440672774,360.3570893897347,0.143479541775769,1,37.6
2026-07-13,43,32678,595,Employed,Doctorate,21,23828,24,1,0,Rent,729,0.2106746374569538,2,1,0.074106714303099,0,Debt Consolidation,0,29,28,5288,3118,23762,66918,2723.1666666666665,0.6982672074229508,4,4169,0.2013279999999999,0.2149089194136142,1230.170198352122,0.7194455713392945,0,51.0
2026-07-17,59,51992,612,Employed,Doctorate,36,11366,96,1,2,Rent,231,0.400390984362261,1,0,0.2464981890102074,1,Debt Consolidation,0,24,4,3618,787,286556,12646,4332.666666666667,0.6957805092962319,4,273910,0.2403659999999999,0.2509837570165927,275.4885468221098,0.1168999569523256,0,59.0
2026-08-09,38,84502,608,Employed,Doctorate,19,35415,120,1,1,Mortgage,400,0.1693182470383123,3,0,0.3606653413637611,0,Auto,0,18,24,3324,1570,38076,58909,7041.833333333333,0.8939706885178237,5,7832,0.286415,0.2675058964469461,849.7743893100226,0.1774785528356757,0,49.0
2026-08-16,29,39721,599,Employed,Doctorate,4,11967,24,1,1,Rent,1103,0.3986614032913985,6,3,0.3471784696800664,0,Home,0,30,19,3443,382,23450,25680,3310.083333333333,0.9061180319775,5,3164,0.187467,0.1811191290932012,598.0890303691231,0.5139112400098053,0,55.0
2026-08-21,27,30751,612,Employed,Doctorate,5,21402,120,1,2,Rent,139,0.5699508975811428,3,1,0.5151083526109395,0,Home,0,24,17,989,462,244026,5104,2562.583333333333,0.558483781453912,4,238922,0.270402,0.2869794007193028,543.7218883392106,0.2664193899408321,0,53.0
2026-09-09,49,62764,607,Employed,Doctorate,30,7985,24,1,2,Own,815,0.3729148595440473,4,0,0.2752434913088172,0,Debt Consolidation,0,27,6,2658,2038,32949,50617,5230.333333333333,0.8652779985701881,8,7453,0.1794849999999999,0.1622929805232342,391.8458445033278,0.2307397574093418,1,40.8
2026-09-14,51,55335,586,Employed,Doctorate,29,41905,24,Widowed,1,Mortgage,243,0.3352287673240953,5,0,0.6427280355247769,0,Other,0,25,26,802,2977,82481,34365,4611.25,0.9488219394688496,10,48116,0.223905,0.2543808693837951,2245.754993744001,0.5397137422052591,0,58.0
2026-09-17,46,59380,606,Employed,Doctorate,23,40038,72,1,1,Own,520,0.4673681826441638,6,2,0.7265010485976621,0,Auto,0,24,27,3679,1562,11068,10684,4948.333333333333,0.7001321178337456,1,3240,0.252038,0.2371909647319671,1047.256717001518,0.3167241597173832,0,56.0
2026-09-25,61,25120,562,Self-Employed,Doctorate,33,15055,60,0,1,Rent,354,0.326628015534164,4,2,0.2857190103713262,0,Debt Consolidation,0,29,16,765,640,24214,22995,2093.333333333333,0.9261405231188728,4,1219,0.239055,0.286866,475.0054417970038,0.3960217078648107,0,57.0
2026-09-30,21,35657,599,Employed,Doctorate,0,23852,48,1,1,Mortgage,375,0.0775019923347024,2,1,0.1466610428649872,0,Home,0,22,29,6025,4114,10139,23622,2971.4166666666665,0.8702966337729982,11,4602,0.219352,0.2091298746252332,737.477916634557,0.3743931065320886,0,50.0
2026-10-19,58,60624,647,Employed,Doctorate,32,18437,48,0,3,Own,690,0.1697929790599213,1,1,0.1257946146161655,0,Other,0,35,27,542,334,320950,10910,5052.0,0.8857808206079677,8,310040,0.189937,0.1980318714587418,559.1130892285684,0.2472512053104846,1,32.0
2026-10-29,48,69726,631,Employed,Doctorate,27,38196,60,1,0,Mortgage,753,0.2943161922223296,1,2,0.3140876961033196,0,Home,0,19,3,4307,484,63454,26741,5810.5,0.8787079536053753,5,36713,0.227696,0.2380962601544522,1094.6046116240109,0.3179768714609777,0,54.0
2026-11-18,52,109527,638,Employed,Doctorate,29,49940,48,1,1,Rent,243,0.307687123086559,3,0,0.3250803088454044,0,Home,0,18,1,1947,859,144422,3650,9127.25,0.8949735702555807,4,140772,0.22594,0.1989521869919994,1516.90569463551,0.1928188331244909,1,40.0
2027-03-03,48,163034,622,Employed,Doctorate,27,29120,36,1,1,Rent,366,0.3588013615802025,1,1,0.3943208435147015,0,Auto,0,32,25,3798,1593,36409,39423,13586.166666666666,0.9239257692129969,7,6093,0.20312,0.1948263109276549,1074.5424207861315,0.1060300860521951,1,39.2
2027-03-05,33,42785,634,Self-Employed,Doctorate,7,5525,36,Divorced,0,Mortgage,326,0.1144029227711393,6,4,0.1410324726796935,0,Home,0,27,29,13959,4561,49617,10779,3565.4166666666665,0.978833592777588,3,38838,0.173525,0.13882,188.51491303232496,0.1443070925882412,1,40.0
2027-05-02,37,30217,618,Self-Employed,Doctorate,15,30070,36,1,0,Mortgage,556,0.1913534742146728,5,1,0.7139431292019668,0,Home,1,34,7,4857,755,40291,9886,2518.083333333333,0.8022374636789921,6,30405,0.20607,0.226988685231445,1159.2870902445104,0.6811875792743861,0,65.0
2027-05-31,24,20377,566,Employed,Doctorate,0,10318,36,1,1,Rent,1364,0.3329775766264372,2,0,0.062369694066367,0,Home,0,26,8,2694,591,16226,5277,1698.0833333333333,0.7184585652503335,9,10949,0.2123179999999999,0.2064828810702574,386.87058832536985,1.0310863748296826,0,53.0
2027-07-19,58,159395,660,Employed,Doctorate,32,14602,12,Divorced,2,Other,597,0.6268702642428879,3,1,0.4784145617257553,0,Education,0,26,9,4075,881,66708,40244,13282.916666666666,0.811343048101037,7,26464,0.149602,0.1623130128711441,1326.450796214451,0.1448063587601456,1,40.8
2027-08-03,32,223687,523,Employed,Doctorate,12,13932,48,Divorced,2,Mortgage,232,0.4424934310384567,2,1,0.1919100329400961,0,Home,0,24,28,3478,741,101411,29755,18640.58333333333,0.6574453644872865,7,71656,0.247432,0.2589022549145848,468.88948676851294,0.0376001906289688,1,37.6
2027-08-21,18,38534,587,Employed,Doctorate,0,18385,72,1,1,Mortgage,456,0.0511510961230769,8,1,0.3245927903716597,0,Debt Consolidation,0,23,7,5485,1556,128872,30160,3211.1666666666665,0.8470565430514515,5,98712,0.239885,0.2334392841427342,476.7228978897098,0.2904623131436269,0,53.0
2027-09-24,70,280976,571,Employed,Doctorate,47,18911,48,0,3,Mortgage,616,0.4101178120952573,4,0,0.5491323815309109,0,Education,0,19,7,249,694,57848,54549,23414.666666666668,0.8572245990453722,6,3299,0.228411,0.213394503802612,589.0504917626745,0.0514656266056606,1,46.400000000000006
2027-10-09,42,52179,599,Employed,Doctorate,21,12740,48,1,0,Mortgage,999,0.1611387634659981,3,0,0.2161813364751319,0,Auto,0,26,13,8511,2901,36796,92388,4348.25,0.4189663192501425,2,2141,0.20824,0.2211268051222594,402.16718949231625,0.3222370354722742,0,51.0
2027-12-05,28,63410,592,Self-Employed,Doctorate,5,11711,120,Divorced,3,Own,256,0.1684114125357704,2,0,0.0696150191102581,0,Education,0,20,13,1943,485,20646,43292,5284.166666666667,0.8596109515587839,1,1426,0.270711,0.2833184951640077,294.3926848156981,0.1041588427344011,0,52.0
2027-12-21,37,87709,564,Employed,Doctorate,12,10936,60,1,3,Other,581,0.3721193064811505,2,2,0.367930108554038,0,Auto,0,27,29,1934,991,98672,74806,7309.083333333333,0.7667691049337115,4,23866,0.2339359999999999,0.2515400052634044,321.97417940102986,0.1235413714990748,1,42.400000000000006
2027-12-22,28,63770,530,Unemployed,Doctorate,5,22161,48,Divorced,2,Rent,536,0.4591053830890957,2,0,0.1316868290203438,1,Other,0,14,9,2766,165,9648,33741,5314.166666666667,0.7688912049258425,4,3663,0.2521609999999999,0.3020748909626996,800.6054051466286,0.2515174041361069,0,67.0
2027-12-28,49,102122,646,Employed,Doctorate,24,24661,72,0,1,Rent,142,0.2902226857027123,2,0,0.2397862486034616,0,Home,0,19,9,2970,4120,103297,4836,8510.166666666666,0.8752427923879936,3,98461,0.216661,0.2139010280931482,610.7391871651886,0.0884517561933987,1,37.6
2028-02-11,52,92260,590,Employed,Doctorate,30,10802,120,1,3,Own,326,0.6377793997103621,4,0,0.5432147889918078,0,Home,1,29,10,1495,1223,119423,18575,7688.333333333333,0.7849488744660266,7,100848,0.270802,0.2590691829230505,252.6777305994732,0.0752669929242757,1,48.8
2028-02-12,50,108592,576,Employed,Doctorate,25,32148,108,1,3,Mortgage,625,0.110958464466125,3,1,0.1293021121266672,0,Other,0,33,29,1051,4484,44676,20620,9049.333333333334,0.7248411737051819,5,24056,0.289148,0.2936987930313077,849.1713758938273,0.1629038650243657,1,38.400000000000006
2028-03-02,18,38643,616,Employed,Doctorate,0,15247,120,1,3,Own,338,0.1304179588457117,6,1,0.3895501371102958,0,Home,1,29,24,1116,2051,106792,85828,3220.25,0.773303342387261,5,20964,0.262247,0.2588160429524943,356.3794147322148,0.2156290395876763,0,57.0
2028-04-08,32,50791,631,Unemployed,Doctorate,8,25444,60,1,0,Own,378,0.3617656978525849,5,0,0.4967313593450064,0,Auto,0,21,16,5909,788,27122,81902,4232.583333333333,0.7333609924458651,4,10960,0.214944,0.202480994180511,677.6276349102579,0.2494050445733121,0,56.0
2028-04-15,64,32634,654,Employed,Doctorate,40,16123,60,1,1,Own,387,0.2254378001073943,1,2,0.1115938097531735,0,Auto,0,28,22,5030,1222,53012,20360,2719.5,0.9496711994552453,7,32652,0.194123,0.2090555093310654,435.325142059285,0.3023810046182331,0,45.0
2028-04-22,42,49631,621,Employed,Doctorate,22,33627,36,0,1,Own,462,0.3653456065893008,2,1,0.1619819972729353,0,Debt Consolidation,0,27,9,6260,1168,89303,23947,4135.916666666667,0.4708288935518641,4,65356,0.208127,0.2228157886479856,1289.1339639396174,0.4233968198761944,0,47.0
2028-06-05,47,238412,649,Employed,Doctorate,29,7115,12,1,1,Own,298,0.1810598970016462,3,1,0.0236316938463386,0,Home,1,28,14,7569,3600,99731,75480,19867.666666666668,0.8317990977478594,5,24251,0.147615,0.1592224252458355,645.2882762280786,0.0474785636408274,1,40.0
2028-06-15,35,33233,591,Employed,Doctorate,13,25782,36,0,5,Rent,121,0.2061667994272795,1,1,0.5263118721562171,0,Auto,0,24,5,6111,2282,52217,15106,2769.4166666666665,0.8594750260782533,5,37111,0.215282,0.2013973463372358,959.9881333839962,0.3903306231940527,0,61.0
2028-08-12,51,105861,600,Employed,Doctorate,27,15107,48,0,0,Mortgage,540,0.411130156321957,4,2,0.4286509603427947,1,Home,0,33,24,1613,770,60220,35957,8821.75,0.6867152853102418,4,24263,0.210107,0.2079652134232417,466.1469652827449,0.1140529900850449,1,52.0
2028-09-03,45,79129,581,Self-Employed,Doctorate,24,52681,36,1,1,Mortgage,242,0.1890874765238576,5,1,0.0937648609524191,0,Debt Consolidation,0,24,11,3775,994,132572,24053,6594.083333333333,0.8617551135154748,7,108519,0.247181,0.2662933417615393,2140.2508283059947,0.3612709618429645,0,48.0
2028-10-24,24,116283,625,Employed,Doctorate,1,8696,12,Widowed,2,Rent,427,0.113799609541423,3,1,0.3808163701600303,0,Home,0,25,5,7320,2356,60699,18769,9690.25,0.6537694449784467,5,41930,0.161196,0.1719072536051055,793.9038305107172,0.12599301674474,1,40.8
2028-10-30,32,68512,635,Self-Employed,Doctorate,9,13788,72,1,1,Rent,547,0.297221413839731,0,1,0.1873895781055555,0,Auto,0,30,26,2227,469,235423,15474,5709.333333333333,0.8372326655154531,6,219949,0.211288,0.2057047866694247,334.83679896350367,0.1544553010795487,1,36.8
2028-12-16,40,62410,543,Employed,Doctorate,15,18390,36,1,4,Own,312,0.3477729513069305,4,1,0.34675785026189,0,Debt Consolidation,0,18,23,6920,465,56639,30083,5200.833333333333,0.9790542114603884,9,26556,0.2318899999999999,0.229322260147886,711.222334053418,0.1967419966133795,1,43.2
2029-01-20,37,50032,547,Unemployed,Doctorate,14,14856,24,1,3,Mortgage,640,0.264718229172158,3,1,0.0581605630577051,0,Auto,0,22,5,2847,6889,375342,23645,4169.333333333333,0.7659601132721491,2,351697,0.216356,0.2038210427991528,758.8840241767756,0.3355174346442539,1,39.2
2029-02-02,31,125163,590,Self-Employed,Doctorate,6,24408,60,1,3,Own,312,0.4980660097493097,4,0,0.2380660989812612,0,Auto,0,25,20,8647,709,124202,13922,10430.25,0.6836937036402905,5,110280,0.234408,0.207852807016197,657.3737052285866,0.0929386836584536,1,40.0
2029-02-09,45,24553,616,Employed,Doctorate,22,35975,24,1,2,Rent,531,0.2685111350744791,4,1,0.0448582681861076,0,Auto,0,26,13,535,3196,35092,9069,2046.0833333333333,0.9643425784128942,5,26023,0.202975,0.2331693174844731,1889.7950445574063,1.1831360947618978,0,49.0
2029-02-16,28,37319,553,Self-Employed,Doctorate,5,10028,120,1,1,Own,494,0.3583835539452665,4,0,0.2335418583036519,0,Home,0,26,7,454,943,176608,14853,3109.9166666666665,0.6162496037564368,8,161755,0.288528,0.2416588592768764,222.25938605659329,0.2303146556091835,0,53.0
2029-02-19,43,47157,620,Self-Employed,Doctorate,25,52403,120,1,0,Mortgage,282,0.2273737580450732,3,1,0.2244589789516402,0,Home,0,19,12,5733,1508,19397,20343,3929.75,0.8504806216542936,0,8107,0.297403,0.2743560882013445,1283.2457646718606,0.3983067026329564,0,53.0
2029-03-15,57,20939,672,Employed,Doctorate,35,25810,36,1,1,Rent,237,0.327148283327218,4,1,0.0819214707225173,0,Home,0,15,4,3236,1927,57641,12369,1744.9166666666667,0.9068143717349564,6,45272,0.17481,0.1654001060680953,914.2990872742056,0.6598017597445182,0,49.0
2029-05-08,18,68052,585,Self-Employed,Doctorate,0,18667,60,1,0,Rent,240,0.5338870413547052,4,0,0.2149361912269751,0,Other,0,21,13,1561,577,65015,8892,5671.0,0.8065666387648179,3,56123,0.231167,0.2214999758062905,517.1554830044381,0.1335135748553056,0,54.0
2029-05-13,39,77559,604,Employed,Doctorate,17,14680,60,1,0,Mortgage,502,0.0353093247065269,1,3,0.2926560883440157,0,Other,0,18,13,813,519,57038,30412,6463.25,0.929080222669528,4,26626,0.2176799999999999,0.208224471822001,395.6785198986837,0.1388896483810286,1,38.400000000000006
2029-05-31,51,81686,597,Employed,Doctorate,27,19203,48,1,3,Own,748,0.4414476194232912,2,0,0.3013186759553981,0,Debt Consolidation,0,16,7,6816,995,56295,10960,6807.166666666667,0.9429712251176424,4,45335,0.215703,0.2176788366292902,602.5939445124628,0.198407650443767,1,44.0
2029-06-02,21,44465,443,Self-Employed,Doctorate,1,26330,36,1,2,Mortgage,424,0.2671839721358944,1,1,0.4461004600385055,0,Debt Consolidation,0,20,17,2655,1628,83929,12825,3705.4166666666665,0.8489094474207807,3,71104,0.28983,0.2647172152912088,1067.4795006832574,0.4025133027819428,0,58.0
2029-06-27,34,15043,475,Employed,Doctorate,14,42087,60,0,2,Rent,457,0.1778928538526443,9,1,0.3702698909601928,0,Debt Consolidation,1,32,26,3340,1896,38297,26640,1253.5833333333333,0.907503235117087,0,11657,0.309587,0.2490527312620176,1232.9729396861203,1.348113758973173,0,61.0
2029-08-03,32,33837,571,Employed,Doctorate,9,38790,36,1,4,Mortgage,313,0.243962243494411,4,1,0.1890249678521973,0,Home,0,27,17,1163,5461,51263,56591,2819.75,0.661673686829428,7,4232,0.23829,0.2207915183446124,1482.996509768417,0.636934660792062,0,51.0
2029-08-06,25,18259,619,Employed,Doctorate,1,22297,48,Divorced,0,Mortgage,405,0.3847949873299836,5,2,0.7406008029666574,0,Auto,0,31,4,820,1168,29543,40140,1521.5833333333333,0.8603408596189027,5,6809,0.207797,0.1956809073614607,673.3854210638327,0.7087258367252312,0,60.0
2029-08-15,40,200273,626,Employed,Doctorate,19,32217,36,Divorced,4,Mortgage,444,0.2753964429748739,5,1,0.0851585350244629,0,Home,0,24,8,3052,2733,39038,29819,16689.416666666668,0.5906241219234422,2,9219,0.204217,0.194495532373704,1188.2825010390538,0.0978034483553381,1,36.8
2029-08-17,41,138655,578,Employed,Doctorate,21,63013,60,1,0,Mortgage,199,0.3421849824886097,5,3,0.245571254396365,0,Education,1,28,14,2419,3899,36453,8506,11554.583333333334,0.8748542880752663,5,27947,0.279013,0.2676430580500016,1915.255711949307,0.1829798315487482,0,56.0
2029-08-29,38,29782,611,Unemployed,Doctorate,14,42209,48,1,1,Rent,283,0.1326698142122524,2,1,0.2348685506782321,0,Other,0,20,2,1745,2672,228228,21035,2481.833333333333,0.8574749686590085,5,207193,0.231709,0.2078208619316411,1302.088848816667,0.6386765894097106,0,53.0
2029-09-07,18,30794,381,Self-Employed,Doctorate,0,19868,48,1,4,Mortgage,378,0.4232932478490738,2,3,0.2704457012326646,0,Other,0,32,18,1809,1091,263752,3448,2566.1666666666665,0.8175936103754219,4,260304,0.3243679999999999,0.3459233633593722,769.394245544106,0.447123821086227,0,51.0
2029-09-29,47,21556,607,Employed,Doctorate,26,12377,48,1,1,Mortgage,250,0.2055970675703876,3,0,0.525339022068345,0,Home,0,23,2,11650,372,66323,55146,1796.3333333333333,0.8596370238482764,7,11177,0.203877,0.2204955375396494,390.28377354664974,0.3564392875561235,0,61.0
2029-09-30,46,49482,644,Employed,Doctorate,24,17093,36,1,1,Rent,303,0.1909073169871319,2,0,0.2359053395582547,0,Home,0,14,21,2077,428,94289,18098,4123.5,0.7215543529394883,3,76191,0.180093,0.1800050250463891,617.9572057248233,0.2233435687461679,1,37.6
2029-11-04,52,57254,650,Employed,Doctorate,32,7415,24,Divorced,2,Mortgage,163,0.1572844714311494,3,1,0.3041391345411036,0,Education,0,30,1,2270,937,17247,18753,4771.166666666667,0.5715237878017194,9,9440,0.157415,0.1575239055660216,362.1848072776485,0.1100747142091693,1,40.8
2029-12-01,37,76957,575,Employed,Doctorate,17,14177,60,0,1,Rent,600,0.1072555278302549,2,1,0.2315841346241774,0,Debt Consolidation,0,24,3,1602,486,89233,18369,6413.083333333333,0.880138907182605,11,70864,0.231677,0.2502540545913069,416.324894659818,0.1584767953002042,1,41.6
2029-12-06,36,250153,605,Self-Employed,Doctorate,15,21725,24,1,2,Own,442,0.0294703973650459,1,1,0.0312815562413265,0,Home,0,25,8,3909,661,88435,4569,20846.08333333333,0.8452195327004339,1,83866,0.1942249999999999,0.2031738747170654,1109.082676399823,0.0744064317309721,1,36.8
2029-12-07,47,26786,639,Employed,Doctorate,27,12343,72,0,1,Rent,483,0.4474605218263359,2,0,0.3654759376455046,0,Debt Consolidation,0,31,28,2760,595,15073,23764,2232.1666666666665,0.777128642928392,6,3117,0.207843,0.2494115999999999,332.04006715417165,0.3651340553218121,0,54.0
2030-01-09,49,40642,566,Employed,Doctorate,26,22033,48,0,5,Rent,223,0.510541870118817,1,0,0.4075357967964862,1,Home,0,19,6,2771,5819,185292,70788,3386.833333333333,0.4963354044108121,4,114504,0.234033,0.2282299009138764,704.0550022682582,0.273723242636167,0,68.0
2030-01-16,52,140044,663,Employed,Doctorate,31,11949,72,0,3,Rent,477,0.4014298897990639,3,1,0.4450411955628531,0,Education,0,34,12,1067,5000,28522,66855,11670.333333333334,0.7092181177326335,6,10393,0.1954489999999999,0.1855776064406026,276.31140538533526,0.064549262122076,1,39.2
2030-01-27,50,73799,630,Employed,Doctorate,27,20222,60,1,1,Rent,830,0.2787892538568564,4,1,0.0863315750320469,0,Debt Consolidation,0,33,8,4231,5810,87742,97358,6149.916666666667,0.7754300108559088,7,1100,0.210222,0.2126793112260408,550.1252694541926,0.2244136537547976,0,48.0
2030-03-20,62,35951,482,Employed,Doctorate,40,25627,36,1,3,Mortgage,211,0.4447518305389528,3,0,0.2633186606251695,0,Education,0,28,14,1900,3345,185207,10010,2995.9166666666665,0.706665978946484,7,175197,0.269627,0.2599782015318105,1032.4979748891378,0.4150642735576105,0,50.0
2030-04-04,34,235538,577,Employed,Doctorate,9,58552,60,0,0,Other,318,0.0469278380244831,3,1,0.5335788463407527,0,Auto,0,18,29,4037,1219,135709,31662,19628.166666666668,0.9513743580438612,3,104047,0.275052,0.2474155605098631,1709.718426775814,0.1033065625135212,1,40.8
2030-04-06,23,76017,597,Employed,Doctorate,1,22144,48,1,1,Rent,303,0.2164281631005236,3,3,0.1096985728546956,0,Auto,0,21,22,642,840,54753,59327,6334.75,0.8528741293235744,7,8960,0.218644,0.1770635192808873,647.0870588024671,0.149980197924538,1,40.0
2030-04-21,34,192927,629,Employed,Doctorate,15,11287,36,0,2,Rent,580,0.1333525157335545,6,1,0.0726923987428857,0,Debt Consolidation,0,40,15,727,904,27171,3928,16077.25,0.8895011928923137,9,23243,0.181787,0.1454296,388.7460945154544,0.0602557088131026,1,35.2
2030-05-18,34,26372,625,Employed,Doctorate,14,12828,24,0,0,Mortgage,313,0.3244947083540336,2,3,0.14379492989582,0,Other,0,30,16,1359,1148,13012,19969,2197.6666666666665,0.8598686149628777,5,10488,0.175328,0.178511707917069,639.5042866975344,0.4334161777783412,0,49.0
2030-05-26,39,58554,590,Employed,Doctorate,17,15152,48,1,2,Mortgage,727,0.276986289308386,4,1,0.2950580495497048,0,Debt Consolidation,0,23,7,1280,262,7499,26083,4879.5,0.3943872665208489,2,8562,0.215152,0.2160837785836071,474.1644577601106,0.2461654796106384,1,42.400000000000006
2030-07-11,31,80560,519,Employed,Doctorate,7,22876,12,1,2,Mortgage,334,0.2136827382471639,1,1,0.0970657028047092,1,Auto,0,25,4,2185,709,44601,16910,6713.333333333333,0.8850993771486929,6,27691,0.228376,0.2399400207146962,2163.0789319745186,0.371958132866115,0,64.0
2030-07-14,61,69748,644,Unemployed,Doctorate,39,12532,48,1,0,Rent,380,0.5819030261165726,2,0,0.1682808579807843,0,Auto,0,21,13,1590,716,19448,54997,5812.333333333333,0.8588541240942146,3,4604,0.185532,0.180539040582084,368.480580802142,0.1287745450711949,1,40.8
2030-08-06,37,122339,606,Unemployed,Doctorate,15,22245,60,Divorced,2,Mortgage,291,0.3199925380567222,2,1,0.3592990565567912,0,Home,0,22,8,6815,1995,40741,14146,5344.333333333333,0.8127202561918816,6,26595,0.2242449999999999,0.2223791135006889,617.3955270121488,0.1699735907837863,0,53.0
2030-09-26,47,47654,528,Unemployed,Doctorate,24,17573,60,Divorced,1,Rent,385,0.1104880282408424,4,2,0.122057710068844,0,Education,0,18,28,9950,1382,15118,57658,3971.1666666666665,0.9339323448683334,7,4667,0.258573,0.2895035019700435,557.2688251772325,0.2372775821993283,0,53.0
2030-10-09,48,89816,657,Employed,Doctorate,25,13014,48,0,1,Mortgage,1125,0.1297680309123368,4,0,0.4359052407816705,0,Auto,0,24,27,4073,675,39222,194760,7484.666666666667,0.8643153091431416,5,5280,0.179514,0.181014163863448,382.97626074366735,0.2014754067084262,1,38.400000000000006
2030-10-12,59,40941,640,Employed,Doctorate,39,21402,48,0,3,Mortgage,317,0.0783948715998913,6,2,0.2475429995122923,0,Other,0,31,6,4784,5118,182163,20299,3411.75,0.955901046219447,7,161864,0.196402,0.2053083054412279,657.338930811039,0.2855833313727673,0,47.0
2030-10-19,49,101594,634,Employed,Doctorate,28,17986,96,0,0,Rent,443,0.5098582738047575,3,0,0.3988356569595237,0,Auto,0,26,20,2637,939,45396,10534,8466.166666666666,0.9718652196522004,9,34862,0.235986,0.2276827990591844,408.48424498482586,0.1005749447784112,1,40.8
2030-11-06,51,128457,585,Employed,Doctorate,32,10254,48,Divorced,0,Rent,293,0.1089284778973686,2,1,0.1003915934862279,0,Debt Consolidation,1,21,11,12289,1536,29765,38871,10704.75,0.8455178317186538,4,1512,0.212754,0.1948036939770392,309.2011033937181,0.0562555037150534,1,42.400000000000006
2030-11-14,28,116899,627,Employed,Doctorate,4,18707,72,1,3,Mortgage,1427,0.3388571299690219,1,1,0.3042564083402916,0,Other,0,25,26,1195,848,157017,3824,9741.583333333334,0.8816989596712788,5,153193,0.220207,0.2220454159915604,472.30837428132776,0.1949691656162664,1,36.8
2030-12-02,48,52294,682,Employed,Doctorate,26,22035,48,0,1,Rent,400,0.3566328975078597,3,3,0.3577576893861465,0,Auto,0,28,24,5691,3943,549864,3729,4357.833333333333,0.794158658062146,7,546135,0.176035,0.1851070583339886,653.1733269820763,0.2416736131063777,1,32.0
2030-12-15,39,79786,596,Employed,Doctorate,17,55483,48,1,0,Rent,1045,0.1055819214497152,1,1,0.0778469196318717,0,Home,0,23,26,12391,1206,24213,4403,6648.833333333333,0.6385156195020553,7,19810,0.252483,0.2707145778221181,1904.3367506980344,0.4435871081189234,0,49.0
2031-01-11,32,98453,602,Employed,Doctorate,12,13410,60,0,2,Mortgage,553,0.2146754761083012,2,1,0.5206756899862197,0,Education,0,30,13,2104,581,17992,39804,8204.416666666666,0.6971835409448519,3,8963,0.21741,0.2238461870605916,373.3080804187609,0.1129035881590721,1,43.2
2031-01-25,47,74803,609,Self-Employed,Doctorate,24,25742,24,Divorced,2,Mortgage,635,0.3467370905397553,4,3,0.1703510799334659,0,Auto,0,20,16,2186,658,86716,11265,6233.583333333333,0.8534523217634178,0,75451,0.196242,0.2106322337126408,1323.568952643993,0.3141963214273213,1,38.400000000000006
2031-02-05,28,79885,565,Employed,Doctorate,5,28632,24,1,0,Mortgage,332,0.6375508669351033,6,0,0.2726633502181282,0,Debt Consolidation,0,35,16,6414,1828,175295,22157,6657.083333333333,0.5876414956241687,4,153138,0.2211319999999999,0.237807661147385,1510.6741117042611,0.2767990153401907,1,40.0
2031-03-15,37,267290,598,Self-Employed,Doctorate,16,22998,60,1,4,Other,436,0.2684818017395922,3,0,0.2118380957181729,0,Debt Consolidation,0,28,23,4199,5245,55418,9039,22274.166666666668,0.7898185986654469,6,46379,0.2289979999999999,0.2747976,708.8609533431234,0.0513985986760353,1,42.400000000000006
2031-03-30,34,59040,559,Employed,Doctorate,11,11093,48,0,0,Mortgage,657,0.0872935683200279,3,3,0.1264552403824299,0,Home,0,25,8,7454,1891,26084,238431,4920.0,0.707231266284145,2,3364,0.226593,0.2302126280011932,355.67621513776936,0.2058284990117417,1,40.0
2031-05-02,33,135250,591,Employed,Doctorate,11,84036,48,1,2,Mortgage,376,0.176616976328449,4,2,0.1937585061787352,0,Education,0,19,18,259,719,60978,4900,11270.833333333334,0.8330194242598676,7,56078,0.283536,0.2691952715652011,2877.11371657269,0.2886311615443421,0,45.0
2031-05-08,27,116758,615,Employed,Doctorate,5,37569,48,1,0,Rent,257,0.2144427550583632,4,0,0.2978053054255978,1,Home,0,31,7,1104,976,12427,5084,9729.833333333334,0.9339009103150294,5,7343,0.225069,0.2208559409902769,1185.3983066800604,0.1482449140971986,0,61.0
2031-07-22,42,74145,634,Self-Employed,Doctorate,21,17155,48,1,0,Mortgage,186,0.476811467749409,2,1,0.0309301485219826,0,Home,0,21,21,2784,274,52725,55779,6178.75,0.6932825557674164,7,9442,0.195155,0.2007153680071226,522.6869422909651,0.1146974618314327,1,40.8
2031-08-09,36,105977,671,Employed,Doctorate,14,47836,48,1,0,Rent,265,0.1514005898495571,2,4,0.2521913816144026,0,Debt Consolidation,0,24,8,2715,1131,166125,6764,8831.416666666666,0.9253053980425566,7,159361,0.207336,0.2317961845082038,1537.925585337961,0.2041490797442419,0,41.0
2031-08-25,46,56768,626,Employed,Doctorate,21,15156,24,Divorced,3,Mortgage,301,0.3721392565445571,5,1,0.2976528498287927,0,Debt Consolidation,0,27,29,3410,2212,58509,3290,4730.666666666667,0.7496976732503067,1,55219,0.177156,0.1552795418751456,738.6710464784231,0.2197726282014705,1,37.6
2031-09-01,48,134518,623,Employed,Doctorate,27,53495,24,1,2,Mortgage,610,0.1691493787328348,4,0,0.1858297077706712,0,Home,0,25,19,2196,320,94086,279283,11209.833333333334,0.9555503116494848,5,10673,0.216995,0.234318365965137,2813.1922309658407,0.3053740523319562,0,44.0
2031-09-13,36,57340,558,Self-Employed,Doctorate,14,9754,60,1,0,Mortgage,261,0.1620184942534474,3,1,0.2834856459964194,0,Home,0,26,3,2596,10110,99820,11182,4778.333333333333,0.9301691741145994,3,88638,0.235754,0.2179850270355316,268.27859347607574,0.1107663606856105,1,44.0
2031-09-29,44,95579,676,Unemployed,Doctorate,24,26742,60,1,1,Mortgage,344,0.1784329159473245,3,0,0.1006488264198781,0,Auto,0,18,28,2490,4595,307743,15152,7964.916666666667,0.6042532754904802,5,292591,0.1937419999999999,0.2246630114875631,745.692313714996,0.1368115147111808,1,31.200000000000003
2031-10-22,37,90251,614,Employed,Doctorate,13,26997,48,0,1,Mortgage,314,0.0521671928083315,1,2,0.5528057283731386,0,Home,0,24,16,5362,2538,49406,315550,7520.916666666667,0.7580502561304074,6,7286,0.214997,0.1796662284491542,792.5660866697758,0.1471318106174702,1,42.400000000000006
2031-10-23,30,58967,624,Employed,Doctorate,8,59043,72,1,0,Mortgage,709,0.3010087510972067,6,2,0.2457920558404451,0,Other,0,15,22,1441,506,23381,28771,4913.916666666667,0.8285329615882953,4,3770,0.262043,0.269835035389258,1663.061031418662,0.482723088795834,0,49.0
2031-10-31,44,153557,604,Employed,Doctorate,21,30573,24,0,3,Rent,354,0.4066805364170305,3,3,0.4336319919149008,0,Education,0,27,7,6091,5067,27323,9296,12796.416666666666,0.8001580780781848,6,18027,0.2035729999999999,0.2286958046249097,1599.230178232154,0.1526388385992553,1,42.400000000000006
2031-12-14,35,26802,655,Employed,Doctorate,12,44637,96,1,0,Mortgage,445,0.3841413271770738,3,1,0.2878275435073988,0,Home,0,31,3,5375,418,56659,23752,2233.5,0.4887266903570956,6,32907,0.252137,0.2554967131302624,1095.318443158459,0.6896433593724912,0,51.0
2031-12-20,46,16049,480,Employed,Doctorate,24,19936,84,1,0,Rent,300,0.0570038146020018,2,0,0.6154976607401713,0,Other,0,20,16,5297,354,25389,18866,1337.4166666666667,0.7511114724433238,3,6523,0.304936,0.2770425377607029,539.5846959537387,0.6277659886251394,0,59.0
2032-01-09,34,39083,562,Employed,Doctorate,11,43114,108,1,1,Mortgage,377,0.0441236994815022,2,0,0.3925562613121782,0,Auto,0,26,17,8577,3854,204249,41315,3256.9166666666665,0.8536693952464425,4,162934,0.307114,0.2456912,994.1086691402088,0.4209836509398589,0,50.0
2032-01-17,41,51463,671,Unemployed,Doctorate,16,12989,36,1,1,Rent,254,0.1372275518229136,7,1,0.3248005708022097,0,Home,0,24,6,5236,16969,103566,53240,4288.583333333333,0.8700468038635125,7,50326,0.162489,0.1389388850247175,443.26410809636224,0.1625861161835949,1,40.0
2032-02-14,75,35540,702,Self-Employed,Doctorate,54,25602,48,0,2,Rent,267,0.1508123767914166,2,0,0.1614911331279054,0,Education,0,22,18,4386,1322,30111,9496,2961.6666666666665,0.7088062265144708,5,20615,0.169602,0.15583662078242,720.1204063135252,0.3332989554238127,0,44.0
2032-03-18,32,162138,641,Employed,Doctorate,12,6286,84,0,2,Own,244,0.4864785743654843,1,2,0.0966944986458516,0,Other,1,18,15,2004,1952,79269,34073,13511.5,0.9475011392652716,7,45196,0.210786,0.1840143912860982,133.60131809013902,0.0279466615912473,1,41.6
2032-03-27,51,35846,606,Employed,Doctorate,29,21151,24,0,4,Mortgage,210,0.342694586192217,4,1,0.2768385498223904,0,Auto,0,23,8,4006,1115,97079,20463,2987.1666666666665,0.9719844220827384,5,76616,0.193151,0.2060324927057427,1082.740525691353,0.4327647801232003,0,49.0
2032-04-05,27,102697,516,Employed,Doctorate,6,14204,60,0,1,Mortgage,1923,0.4086667615325459,2,0,0.2942274207835265,0,Debt Consolidation,0,28,6,1900,511,54741,12890,8558.083333333334,0.7389177710517232,8,41851,0.261204,0.2089632,383.437971831356,0.2695040328536984,1,43.2
2032-04-11,44,129487,600,Employed,Doctorate,19,26953,24,1,1,Mortgage,330,0.1600804258420555,0,0,0.4245881331196889,0,Debt Consolidation,0,21,17,8437,1982,53199,109912,10790.583333333334,0.8592111824368296,4,4603,0.201953,0.2304074056030469,1412.1629432899083,0.1614521559653007,1,40.0
2032-04-12,46,223250,660,Employed,Doctorate,22,67594,108,1,2,Other,688,0.1560827997472223,3,1,0.2458394459018353,0,Auto,1,24,2,3725,469,256099,109183,18604.166666666668,0.9940335501654152,7,146916,0.282594,0.2907893551336786,1771.405104617039,0.1321964669894937,0,49.0
2032-05-05,42,90250,583,Employed,Doctorate,20,21955,12,1,0,Other,342,0.4357622706404117,5,0,0.3488691949876155,0,Education,0,19,15,11564,2884,15357,6617,7520.833333333333,0.7884007427770653,3,8740,0.195455,0.1911840597850409,2024.5385599881104,0.3146644068682251,1,43.2
2032-05-08,29,38762,635,Self-Employed,Doctorate,6,27377,48,1,2,Mortgage,280,0.1472815091622149,3,0,0.3801235841374831,0,Home,0,20,23,6921,1929,179507,25819,3230.1666666666665,0.8755196339841469,5,153688,0.204877,0.2166061820316803,857.5056247788268,0.3521507532466313,0,50.0
2032-05-14,21,46145,497,Self-Employed,Doctorate,0,34935,60,0,5,Rent,154,0.5640060593887517,4,0,0.1078975948811811,0,Education,0,16,11,65856,1173,67029,24680,2213.4166666666665,0.7983395358852966,2,42349,0.291435,0.2994165845758846,1129.0142920514818,0.5796533076547488,0,55.0
2032-05-30,45,27814,594,Unemployed,Doctorate,27,14400,60,0,3,Rent,477,0.2463583078250384,6,1,0.0446450556697238,1,Education,0,22,27,1704,183,43525,30057,2317.833333333333,0.8379296927090353,5,13468,0.2224,0.1861628916596056,370.510217638136,0.3656476095368386,0,67.0
2032-06-06,55,65890,638,Employed,Doctorate,33,7893,60,1,0,Own,370,0.580027484889295,2,2,0.6170994163203265,0,Home,0,27,25,9346,651,96003,14243,5490.833333333333,0.829945507838217,3,81760,0.193893,0.1990768089523844,208.7109850581245,0.1053958388328653,1,43.2
2032-07-12,38,27818,634,Employed,Doctorate,15,26465,48,0,0,Rent,479,0.4814802920642601,9,3,0.245289592269553,1,Debt Consolidation,0,24,6,1150,2136,59869,25068,2318.1666666666665,0.8220588946413144,6,34801,0.204465,0.1950158459588596,798.328425329056,0.5510080201290054,0,66.0
2032-09-29,40,56643,604,Employed,Doctorate,19,15849,24,Divorced,3,Rent,399,0.1861878311230835,7,0,0.4405164987701881,0,Debt Consolidation,0,17,12,1542,1182,441258,91492,4720.25,0.7310019462281516,4,349766,0.188849,0.19788448872136,805.0105810827864,0.2550734772698027,1,36.8
2032-10-03,18,79797,625,Employed,Doctorate,0,32624,108,1,1,Mortgage,373,0.2038663163567685,0,1,0.1170565123327778,0,Home,0,29,15,7372,1244,36580,55181,6649.75,0.8855629195470789,9,6024,0.265124,0.3066610206531995,892.1715712000832,0.1902585166660526,0,47.0
2032-10-09,49,100576,564,Employed,Doctorate,31,16871,12,0,1,Mortgage,632,0.3765864677596153,3,2,0.203908638334588,1,Home,0,19,17,11034,478,40113,26208,8381.333333333334,0.597883154374908,6,13905,0.199871,0.1715747156821163,1539.9764397862534,0.2591445004517483,1,50.400000000000006
2032-10-20,21,34051,562,Employed,Doctorate,0,23301,36,1,0,Rent,679,0.117724810353626,5,0,0.0814110288575871,0,Home,0,26,20,3586,1579,71372,22206,2837.583333333333,0.6679071354339364,2,49166,0.2273009999999999,0.2519192517859541,928.8105532998566,0.5666126292795595,0,50.0
2032-10-26,30,23924,615,Employed,Doctorate,10,25106,60,Divorced,0,Rent,581,0.2373402753926182,4,0,0.1822277671376286,0,Education,0,21,24,1629,2236,38035,13656,1993.6666666666667,0.7516518874816679,8,24379,0.2226059999999999,0.2027266351907012,668.9701087454213,0.626970460832012,0,49.0
2032-11-12,18,146490,622,Employed,Doctorate,0,26150,24,1,0,Rent,465,0.3168822255820807,3,2,0.2019016044339342,0,Auto,0,33,16,3909,4343,33428,5083,12207.5,0.6897656709215545,6,28345,0.19015,0.1824281411970088,1308.5853101490052,0.1452865296046696,1,37.6
2032-12-09,32,59582,562,Unemployed,Doctorate,11,16036,36,1,2,Own,770,0.1347223365012556,3,0,0.5195999059809326,0,Auto,0,20,10,1015,133,92458,26020,4965.166666666667,0.7221385781184273,7,66438,0.2200359999999999,0.1960452392090039,592.7287980568765,0.2744578157276109,0,58.0
2032-12-11,27,45183,531,Employed,Doctorate,5,13959,60,0,0,Rent,215,0.5859372543351805,2,1,0.5590055283224529,0,Home,0,23,13,1297,1089,143462,17699,3765.25,0.7762694957402964,4,125763,0.253459,0.2478920817409806,407.9918705510149,0.1654583017199428,0,56.0
2032-12-16,31,21862,602,Employed,Doctorate,4,18154,60,0,0,Own,376,0.1242858323553494,3,0,0.1835539395081256,0,Home,0,26,19,16060,12129,34472,8781,1821.8333333333333,0.8477017818733095,6,25691,0.222154,0.2150788638631057,496.32747469769527,0.4788184839617758,0,48.0
2032-12-20,42,29613,650,Employed,Doctorate,18,16088,96,Divorced,4,Rent,466,0.3036701844395095,1,3,0.4104580239215956,0,Home,0,21,27,9440,10857,54257,74727,2467.75,0.7601063895710394,6,10768,0.226088,0.2429954175890583,381.4448591142728,0.3434079056283144,0,52.0
2033-01-17,24,45464,559,Employed,Doctorate,4,42258,12,0,3,Rent,434,0.1634061445492313,3,2,0.061398580644568,0,Home,0,19,27,1513,375,40507,25773,3788.6666666666665,0.8018647483636784,6,14734,0.227758,0.2325513627165455,3980.682291828794,1.165233756421466,0,50.0
2033-02-03,47,104249,635,Employed,Doctorate,23,29580,36,1,3,Rent,600,0.5053825463741619,3,0,0.1040564339598816,0,Home,0,26,29,268,2587,170024,35761,8687.416666666666,0.9263664199793152,3,134263,0.19708,0.2216380290392041,1132.1817609823893,0.1993897412137159,1,34.4
2033-02-06,21,28866,586,Employed,Doctorate,0,14160,60,1,3,Mortgage,353,0.333507978012624,1,0,0.5258412701503176,0,Other,0,20,27,4111,1423,56972,10801,2405.5,0.8685361541987093,3,46171,0.22616,0.2550727558283377,419.8364109001032,0.321278907046395,0,60.0
2033-02-22,31,80805,519,Employed,Doctorate,6,24401,60,1,2,Rent,244,0.1506676957936946,3,0,0.1136729161771689,0,Other,1,26,10,1382,675,222359,70554,6733.75,0.6874956576891336,6,151805,0.269901,0.2827852306278795,763.8504787532935,0.14967150232089,0,50.0
2033-02-28,35,63481,606,Employed,Doctorate,13,29844,48,Divorced,2,Mortgage,151,0.0043636745084585,1,1,0.4506680485833304,0,Auto,0,21,21,805,1166,291527,6606,2785.083333333333,0.6603972695019865,5,284921,0.221844,0.2211271856228938,942.0946205256788,0.3924818361601432,0,46.0
2033-04-20,54,69669,666,Self-Employed,Doctorate,29,24781,36,Widowed,0,Rent,383,0.5121810861329283,4,2,0.0463470980415455,0,Home,0,25,13,6632,3511,10143,149174,5805.75,0.6673652048621074,2,5599,0.176781,0.1909604527638093,909.5766525134736,0.222637325498596,1,38.400000000000006
2033-06-06,48,80084,642,Unemployed,Doctorate,27,28144,36,0,2,Mortgage,1438,0.375497388948365,1,0,0.1290430227809916,0,Education,0,27,6,1057,176,76022,15727,6673.666666666667,0.9597114402612156,4,60295,0.192144,0.1592596667613796,988.4311706688014,0.363582913541102,1,39.2
2033-06-09,35,26788,609,Self-Employed,Doctorate,14,27727,60,1,1,Rent,221,0.0236816303007733,5,0,0.5768487615153941,0,Home,1,22,17,2365,271,65715,16311,2232.333333333333,0.8028192126739347,4,49404,0.228227,0.2031912878156378,739.5280106300075,0.4302798315499511,0,65.0
2033-06-21,37,21279,634,Employed,Doctorate,19,15600,48,1,0,Mortgage,380,0.1850972882669866,0,0,0.4703075427645536,0,Debt Consolidation,0,23,7,2540,875,11149,18553,1773.25,0.4898730801259449,4,8238,0.1936,0.1905411349145391,466.88741934865726,0.4775905367819863,0,55.0
2033-07-28,34,80243,496,Employed,Doctorate,11,13176,48,Widowed,2,Rent,530,0.4640898073015052,3,2,0.3849041123465499,0,Education,0,20,27,3174,4430,651185,20954,6686.916666666667,0.8779305892914283,5,630231,0.2601759999999999,0.2392900414250816,429.0448037729168,0.1434210790383585,1,36.8
2033-09-05,18,57358,570,Employed,Doctorate,0,17374,36,0,2,Own,181,0.1518906906422769,5,2,0.111108713456386,0,Debt Consolidation,0,21,22,3922,2638,19493,16470,4779.833333333333,0.6048007477609685,5,3023,0.217374,0.2199625579086971,663.4872806708221,0.1766771395106151,1,39.2
2033-10-02,23,50499,650,Employed,Doctorate,0,32024,60,Widowed,3,Other,789,0.3290463547462285,1,0,0.2911679797600195,0,Education,0,25,6,48241,6377,54618,7425,4208.25,0.8114500159024366,7,47193,0.212024,0.1868919484035771,825.2531730704138,0.3835925083040251,0,48.0
2033-11-02,38,51649,589,Employed,Doctorate,17,15661,60,0,1,Mortgage,637,0.4811422886006524,1,1,0.0255975261057163,1,Debt Consolidation,0,24,3,3573,1889,103158,36361,4304.083333333333,0.778303160035233,3,66797,0.226161,0.2713932,479.5187109498909,0.2594091760033822,0,64.0
2033-11-08,20,61068,542,Employed,Doctorate,0,24798,24,0,0,Other,492,0.1909263514074983,1,1,0.2083210691094926,0,Auto,0,27,9,1344,315,170706,3495,5089.0,0.5405601966713764,5,167211,0.2287979999999999,0.2314169657153849,1300.498401349339,0.35222998650999,0,48.0
2034-01-17,54,83986,658,Unemployed,Doctorate,29,30882,36,1,4,Mortgage,266,0.3271299304405049,0,4,0.2300951662388475,0,Auto,0,23,27,1815,445,222152,12990,6998.833333333333,0.7424161085435768,5,209162,0.186882,0.1533696396640233,1075.6376165399477,0.1916944657261849,1,35.2
2034-01-26,35,91748,630,Employed,Doctorate,11,37371,36,Divorced,0,Rent,380,0.5202085344022896,1,1,0.1020917607099414,0,Debt Consolidation,0,21,8,542,1384,41918,32502,7645.666666666667,0.8959670500125365,5,9416,0.207371,0.2029849055129643,1394.530512805915,0.2320962435548565,0,48.0
2034-02-09,21,17075,588,Employed,Doctorate,0,23755,108,1,3,Other,98,0.3457726121546267,4,1,0.196009654307622,0,Home,0,19,2,48187,559,306689,26275,1422.9166666666667,0.9614689293884092,8,280414,0.2747549999999999,0.2656082160916565,580.3496232513354,0.4767317996495475,0,50.0
2034-02-16,37,95781,642,Employed,Doctorate,13,12313,36,1,0,Rent,279,0.4434138619751147,1,0,0.4399323130475846,0,Debt Consolidation,0,34,14,3411,3147,43228,16227,7981.75,0.911327316440976,4,27001,0.176313,0.1646060155946305,435.6937322197745,0.0895409818924138,1,42.400000000000006
2034-04-09,40,88914,602,Employed,Doctorate,19,9311,48,0,0,Own,203,0.1231955734205474,3,1,0.3012046750243469,0,Other,0,33,28,4461,417,78108,8131,7409.5,0.8321157713263864,7,69977,0.203311,0.234594107360379,300.77975044874574,0.0679910588364593,1,37.6
2034-04-17,41,17394,627,Employed,Doctorate,21,29705,48,0,0,Mortgage,228,0.2006286254868032,4,2,0.1105748569389122,0,Education,0,19,19,2438,2426,642584,11694,1449.5,0.9417541837176676,5,630890,0.211205,0.193931665100507,894.35763595407,0.7743067512618628,0,41.0
2034-04-18,40,83191,570,Employed,Doctorate,17,18512,72,1,0,Mortgage,191,0.1341992769732767,1,0,0.3165028876707629,0,Auto,0,14,15,5639,1373,34192,9319,6932.583333333333,0.8920808721193894,8,24873,0.248512,0.2025277777894724,446.1313378560795,0.0919038844859774,1,41.6
2034-04-23,38,15000,510,Employed,Doctorate,12,14470,36,1,3,Own,128,0.4090636915195399,4,1,0.1161658701734763,0,Auto,0,26,15,24351,769,25120,15444,1250.0,0.7493812988962332,6,9676,0.24447,0.2504739962955525,575.687492370627,0.5629499938965016,0,53.0
2034-05-02,41,50740,624,Self-Employed,Doctorate,18,20694,48,1,1,Other,203,0.3471663851779465,2,2,0.6484041526552551,0,Home,0,25,18,6174,393,43708,2253,4228.333333333333,0.823928013527983,4,41455,0.203694,0.199225482725155,628.872278418053,0.1967376298978446,0,58.0
2034-05-09,48,32446,599,Employed,Doctorate,25,64318,36,Divorced,3,Mortgage,446,0.4559491372890952,2,1,0.3127892355010829,0,Auto,0,20,22,738,2301,13788,115230,2703.833333333333,0.806131026150167,3,3280,0.249818,0.2707869309869049,2628.512304939013,1.1370938685590877,0,56.0
2034-05-16,45,44546,597,Employed,Doctorate,23,20675,36,1,0,Mortgage,509,0.2983540631453553,0,0,0.2800431369463126,0,Home,0,23,24,2928,3580,80194,5844,3712.1666666666665,0.9338940129843388,10,74350,0.207175,0.2050834264178408,773.7226689654455,0.3455455490411113,1,40.8
2034-06-12,36,63804,637,Employed,Doctorate,15,34068,72,0,4,Mortgage,353,0.7028462576710232,2,1,0.1275703696578751,0,Education,0,22,5,1565,379,413837,4060,5317.0,0.9346446442276864,5,409777,0.230568,0.2061955484268574,828.3057061616029,0.2221752315519283,1,36.0
2034-06-24,38,58970,555,Unemployed,Doctorate,14,23561,36,0,3,Mortgage,359,0.2835586082905016,2,3,0.0613089124629058,0,Home,0,32,28,17262,5927,92508,3927,4914.166666666667,0.8580110237838542,2,88581,0.231061,0.2653885116489561,956.0633639660854,0.2676065858503141,0,51.0
2034-07-30,44,121955,654,Self-Employed,Doctorate,19,20937,36,Divorced,0,Mortgage,343,0.3692187943851949,1,0,0.4516491526290361,0,Debt Consolidation,0,19,27,741,555,37532,99859,10162.916666666666,0.9166757416078006,4,8257,0.178937,0.1876289741107267,764.9595174908471,0.1090198369061552,1,40.8
2034-08-01,40,38849,662,Employed,Doctorate,20,17065,60,0,1,Mortgage,214,0.1535301500890558,3,1,0.1367334480671296,0,Auto,0,22,8,1598,1362,23233,29412,3237.4166666666665,0.9653853404582128,3,1248,0.1910649999999999,0.1598575199705174,414.8584664476543,0.1942469972810587,1,36.0
2034-10-27,48,220054,576,Employed,Doctorate,23,30166,12,Divorced,0,Mortgage,209,0.3798732730070406,5,0,0.4004738179577172,1,Other,0,31,4,7914,1198,163006,43841,18337.83333333333,0.731384724456688,5,119165,0.207166,0.2047903003509214,2801.3330862427943,0.164159692779561,1,52.0
2034-10-30,40,83918,642,Employed,Doctorate,17,13485,48,1,1,Own,202,0.2318814748799191,5,0,0.349361708765227,0,Auto,0,24,17,4549,506,39437,17799,6993.166666666667,0.7857810951834355,7,21638,0.187485,0.1786506747747754,395.1717010571692,0.0853936034305635,1,40.0
2034-12-09,45,43616,660,Employed,Doctorate,24,30028,48,0,0,Other,587,0.6477350394392203,2,0,0.3561170083853186,0,Home,0,28,29,23962,282,320648,30214,3634.6666666666665,0.9547997703761328,5,290434,0.195028,0.2061795910831431,923.6786290295116,0.4156305839222795,0,45.0
2035-01-10,36,27841,513,Employed,Doctorate,13,32753,36,1,0,Rent,372,0.2948178243960378,5,2,0.3331097745052155,0,Auto,0,19,7,12849,834,31378,28455,2320.083333333333,0.8985447502510916,3,2923,0.261253,0.2360831040364787,1278.2673382544572,0.7112965791118668,0,57.0
2035-01-17,36,22126,582,Employed,Doctorate,13,13127,36,0,2,Rent,226,0.1344595311023775,3,2,0.657040396680156,0,Debt Consolidation,0,13,4,1941,287,90882,30909,1843.8333333333333,0.9273550873669318,6,59973,0.207127,0.2336468897404933,510.6410255383317,0.3995160583232387,0,60.0
2035-02-09,19,52109,606,Employed,Doctorate,1,5982,48,1,3,Other,455,0.1051964820105944,4,0,0.1572450285669438,0,Debt Consolidation,0,36,16,4111,1854,52315,255978,4342.416666666667,0.9546485111185872,9,6069,0.197982,0.1850010372623945,177.2883570727113,0.1456074821023726,1,36.8
2035-02-21,56,123244,605,Self-Employed,Doctorate,33,18364,60,1,1,Rent,332,0.4140422647288878,2,1,0.0501558676504606,0,Home,1,28,2,9765,6007,557346,54251,10270.333333333334,0.7007710769685974,4,503095,0.220864,0.2223078229175788,509.6062729393359,0.0819453707707639,1,40.8
2035-03-02,45,107917,599,Employed,Doctorate,23,28655,36,1,2,Own,514,0.017585014298066,1,0,0.109098996915627,0,Auto,0,29,10,885,1776,26455,22537,8993.083333333334,0.8131861076789393,8,3918,0.214155,0.21282233214527,1083.735881037447,0.1776627461146006,1,38.400000000000006
2035-03-31,35,69489,562,Employed,Doctorate,13,55862,60,0,1,Mortgage,575,0.0330955880505238,2,2,0.3475817690371703,0,Auto,0,12,28,4684,417,14847,16185,5790.75,0.6706211051588833,6,7373,0.279862,0.2683638716813129,1700.3059608820315,0.392920772073053,0,53.0
2035-05-27,37,40088,469,Employed,Doctorate,14,14775,60,Divorced,3,Other,706,0.3991567659378138,2,0,0.4881300557554897,0,Debt Consolidation,0,18,28,2254,1177,22280,13431,3340.6666666666665,0.8328193754513443,5,8849,0.285275,0.2874807560813108,466.7226325487426,0.3510444918824814,0,57.0
2035-06-22,22,58190,632,Self-Employed,Doctorate,2,19603,36,Divorced,1,Mortgage,527,0.1483020937441003,7,2,0.1710840631282588,0,Home,0,30,12,1949,986,64492,95785,4849.166666666667,0.7162787734684664,5,1726,0.188603,0.1744469331809031,703.2465873040566,0.2537026816918487,1,39.2
2035-07-06,49,37490,584,Unemployed,Doctorate,25,20681,48,1,4,Own,475,0.1570864879330969,4,0,0.2829608269983367,0,Debt Consolidation,0,26,11,738,141,166946,18521,3124.1666666666665,0.8852873900772564,4,148425,0.223681,0.2405149884989438,674.82749214135,0.3680429422698373,0,51.0
2035-07-15,46,29614,668,Employed,Doctorate,23,34911,48,Widowed,0,Mortgage,205,0.2640985279533642,4,2,0.1854058212076177,0,Education,0,27,2,10534,1330,11864,10547,2467.833333333333,0.8530357200789803,5,1317,0.195911,0.1923165559064228,1048.1154072600705,0.5077795936759926,0,50.0
2035-09-04,27,32795,579,Employed,Doctorate,1,27718,60,Widowed,1,Rent,176,0.1720430070811809,1,0,0.2322528413816307,0,Education,0,20,11,6577,2781,12842,6231,2732.9166666666665,0.9268040017269396,2,6611,0.243218,0.2383027915745473,794.6622495362121,0.355174477647036,0,52.0
2035-09-23,18,70949,542,Employed,Doctorate,0,24982,36,1,3,Own,799,0.2640152081671038,2,0,0.1768378518705791,0,Debt Consolidation,0,21,19,1593,3507,129793,152301,5912.416666666667,0.6275156082965901,2,9860,0.238982,0.2518530141239555,995.7299350598682,0.3035526817956337,0,50.0
2035-09-24,47,70287,509,Employed,Doctorate,26,14747,24,0,4,Rent,300,0.0679725866873637,2,1,0.1612148982389527,0,Home,0,23,27,2336,5994,116464,26083,5857.25,0.8586154365112069,4,90381,0.235247,0.2004630621724576,750.8940418478344,0.179417651943802,1,37.6
2035-10-15,51,47096,566,Employed,Doctorate,27,44740,36,1,1,Mortgage,953,0.3864957266795569,5,0,0.1704282928148418,0,Auto,0,27,25,5445,272,148958,51146,3924.6666666666665,0.5004979605555803,3,97812,0.24674,0.250390757011514,1779.7793672619764,0.6963086548145005,0,49.0
2035-11-26,33,103741,627,Employed,Doctorate,12,23562,36,Divorced,1,Own,290,0.1188055821835116,4,1,0.4959061497654435,0,Debt Consolidation,0,18,20,3436,407,417516,5951,8645.083333333334,0.8306649774098533,2,411565,0.195062,0.2094415210392501,887.024452883223,0.1361495786101799,1,36.0
2035-11-28,43,46161,654,Self-Employed,Doctorate,21,47939,24,0,0,Mortgage,633,0.2798327382037291,4,3,0.14128261635045,0,Debt Consolidation,0,27,26,956,1562,54709,35805,3846.75,0.8436052409547772,6,18904,0.195939,0.2306731153716784,2512.326246030129,0.817658086964354,0,48.0
2035-11-30,18,98911,470,Employed,Doctorate,0,32443,60,Widowed,0,Rent,438,0.2763934377478201,1,1,0.5869811374641511,0,Auto,1,30,18,2130,1121,10917,8038,8242.583333333334,0.797422642022375,9,2879,0.3024429999999999,0.2979529751751795,1045.5656459253094,0.1799879462456522,0,63.0
2035-12-15,53,109542,645,Self-Employed,Doctorate,32,26392,60,1,3,Mortgage,286,0.471018698456987,2,0,0.2236412061464353,0,Auto,0,17,17,17420,496,43652,11409,9128.5,0.7123796079494187,5,32243,0.208892,0.2028771720230641,703.4583859717967,0.1083922206246148,1,41.6
2035-12-16,48,92051,527,Employed,Doctorate,24,22802,24,Widowed,1,Own,765,0.0914747462894584,5,1,0.211803656402512,0,Auto,0,22,19,1123,309,109451,24095,7670.916666666667,0.7486877868822457,6,85356,0.2343019999999999,0.2170216580976532,1179.574662899599,0.2534996464437669,1,38.400000000000006
2035-12-20,37,25803,602,Employed,Doctorate,12,17879,48,0,2,Rent,285,0.1910046616162689,2,0,0.1597052318837519,0,Other,0,22,16,179,1348,26985,34633,2150.25,0.8225013697445976,4,7973,0.211879,0.2295180922484389,572.5763030413653,0.3988263239350612,0,48.0
2036-02-03,42,181004,637,Employed,Doctorate,19,8641,24,1,3,Mortgage,667,0.2060089717019566,3,2,0.1369723317414419,0,Auto,0,22,18,7450,853,42053,5850,15083.666666666666,0.8527691620633323,6,36203,0.165141,0.1514669710169081,419.5756365613802,0.0720365717814886,1,36.0
2036-02-15,37,37887,540,Employed,Doctorate,14,52949,24,0,4,Rent,290,0.1759826984633176,4,2,0.3065625330927686,0,Education,0,34,1,330,1180,64986,10489,3157.25,0.8066896913888465,8,54497,0.257949,0.2867956858720474,2924.658361624848,1.0181830268825238,0,56.0
2036-03-10,31,35799,575,Employed,Doctorate,6,58516,108,Widowed,5,Rent,303,0.1711894225912107,2,0,0.5733616551206374,1,Education,0,22,18,1505,447,46014,28286,2983.25,0.8894709920840972,4,17728,0.3160159999999999,0.3265461838562342,1685.1011711922806,0.6664212423337905,0,70.0
2036-03-19,31,34991,593,Employed,Doctorate,10,25586,72,1,0,Rent,536,0.1847278057237319,2,1,0.3264606720723952,0,Home,0,28,16,3079,1140,281287,3851,2915.9166666666665,0.7869633112487269,2,277436,0.244086,0.2846505297353121,744.5950667823154,0.4391740962358259,0,48.0
2036-04-06,42,62554,518,Employed,Doctorate,21,13308,72,Divorced,0,Other,580,0.1975277529081531,4,0,0.0526578603886417,0,Auto,1,23,26,4179,1304,373457,53638,5212.833333333333,0.910406105920578,3,319819,0.269308,0.2441204520183831,353.6937038068764,0.1791144362579933,1,39.2
2036-05-17,57,117596,606,Employed,Doctorate,32,31021,60,Widowed,0,Mortgage,519,0.0507329498538933,4,1,0.5444149616215943,1,Home,0,21,20,583,4366,163068,58331,9799.666666666666,0.9008598380770544,2,104737,0.2330209999999999,0.277092562830115,960.4304675665452,0.1509674275553466,0,61.0
2036-06-02,37,89937,645,Self-Employed,Doctorate,14,16375,96,0,3,Rent,693,0.1625492876788167,4,1,0.1751311262463619,1,Education,1,22,6,20251,4155,99857,25656,7494.75,0.8489034639511647,5,74201,0.228875,0.2207826309032642,364.6254375418486,0.1411155058596816,0,66.0
2036-06-16,35,40569,651,Employed,Doctorate,16,17400,60,1,0,Mortgage,276,0.0992432765008229,5,0,0.5271659949118327,0,Debt Consolidation,0,25,17,832,3575,39394,7913,3380.75,0.8711106552624431,11,31481,0.1969,0.2113340987661151,472.0352095170506,0.2212630953241294,0,52.0
2036-06-22,46,54617,606,Employed,Doctorate,23,47445,48,1,0,Mortgage,464,0.064199949761959,6,2,0.3136786719745139,0,Debt Consolidation,0,36,28,4095,1734,165808,70986,4551.416666666667,0.7569789327521432,3,94822,0.239445,0.1952115615471905,1431.6918262365673,0.4165058848863688,1,38.400000000000006
2036-06-26,30,43375,617,Self-Employed,Doctorate,3,16117,72,1,3,Other,249,0.0827461972448997,4,0,0.2125511457981676,0,Home,0,21,17,3339,1261,48732,16230,3614.5833333333335,0.9630705890196796,9,32502,0.222617,0.2147450510924957,399.9458600765373,0.1795354540845751,0,52.0
2036-07-09,18,75457,562,Employed,Doctorate,0,28432,48,Divorced,3,Mortgage,573,0.1083698955025751,4,1,0.5554057675702299,0,Other,0,24,9,1300,322,80229,43974,6288.083333333333,0.7409877791994215,3,36255,0.242432,0.2689832112139487,973.0754561159074,0.2458738814608438,0,58.0
2036-07-20,49,20303,669,Employed,Doctorate,27,40492,36,1,2,Rent,186,0.3656022204541443,2,1,0.2048322021101856,0,Debt Consolidation,0,20,5,1690,1447,50064,14400,1691.9166666666667,0.8321023860460833,7,35664,0.190992,0.1832385675059665,1470.4696275243973,0.9790491814161832,0,50.0
2036-10-14,62,57059,703,Employed,Doctorate,38,17915,84,1,0,Own,423,0.0472463562645943,0,1,0.4185646431773204,1,Education,0,26,23,1645,475,265333,167788,4754.916666666667,0.7356818404912834,7,97545,0.191415,0.2207019843450658,420.4527021463503,0.1773853804966123,0,56.0
2036-11-24,45,50859,648,Employed,Doctorate,24,9909,36,0,3,Mortgage,463,0.3460060581365552,4,4,0.4472533674039022,0,Auto,0,25,19,5403,2215,90826,44762,4238.25,0.7416342329892901,6,46064,0.170909,0.199334517571305,367.9180380941866,0.1960521531514626,1,42.400000000000006
2036-12-02,18,21001,608,Employed,Doctorate,0,31139,12,Divorced,3,Mortgage,650,0.2314101244615959,0,1,0.2707440413097398,0,Education,0,24,1,3171,654,88962,25584,1750.0833333333333,0.6178245963396969,6,63378,0.192139,0.1600973038184446,2825.4115679221222,1.985854902864886,0,53.0
2036-12-18,40,48582,619,Employed,Doctorate,20,16920,72,0,0,Mortgage,899,0.3361087864624965,3,0,0.2085958963035082,0,Home,1,18,28,8445,3413,37852,110256,4048.5,0.8635739373979766,6,2410,0.22242,0.2433616115023477,448.9091217575632,0.3329403783518743,0,56.0
2037-01-05,18,36706,604,Employed,Doctorate,0,23534,24,Divorced,4,Mortgage,187,0.0538655652932996,3,1,0.6108326671606633,0,Home,0,26,6,2211,11332,61510,11252,3058.833333333333,0.866743060300707,9,50258,0.196534,0.1870935677035874,1182.9958287120137,0.4478818161756704,0,55.0
2037-01-06,52,53029,537,Employed,Doctorate,25,7569,12,1,3,Rent,242,0.4945552500227735,4,0,0.1313405486946582,0,Debt Consolidation,0,39,28,2941,769,93301,15030,4419.083333333333,0.8069238928014043,6,78271,0.204069,0.218739740136899,707.9568568732243,0.2149669479431762,1,39.2
2037-02-15,33,47669,662,Unemployed,Doctorate,14,51823,72,1,2,Mortgage,654,0.5132100612846525,4,2,0.3479533942873788,0,Home,0,26,7,1572,265,196794,70956,3972.4166666666665,0.7681299788353365,5,125838,0.235823,0.2656575318883029,1446.1653262059667,0.5286870694680317,0,50.0
2037-03-15,48,106710,665,Employed,Doctorate,26,24567,48,1,0,Mortgage,386,0.408259505541354,2,1,0.1280029863387368,0,Auto,0,27,12,11331,245,109229,32254,8892.5,0.8490017221774258,5,76975,0.187067,0.201395288926467,749.410245023222,0.1276817818412395,1,33.6
2037-03-31,43,69424,672,Employed,Doctorate,21,16802,48,0,3,Other,437,0.5149317121617423,0,0,0.2923451000721447,0,Auto,0,31,20,3604,402,27305,21705,5785.333333333333,0.949316487285639,4,5600,0.175802,0.202942060844748,513.9283831566544,0.1643688147885436,1,37.6
2037-06-08,29,124067,597,Employed,Doctorate,11,29694,60,1,3,Rent,477,0.2703173954260034,4,3,0.4570765506313815,1,Home,0,26,3,9138,2101,38256,40689,10338.916666666666,0.7488616639013473,7,1208,0.236194,0.1889552,768.5726552252336,0.1204741942877864,1,55.2
2037-06-12,41,99682,618,Employed,Doctorate,19,45856,60,0,4,Mortgage,256,0.0906030724906,2,0,0.2516695602877551,0,Auto,0,24,7,1706,1099,169454,15429,8306.833333333334,0.966700147413186,2,154025,0.241856,0.2370754490035967,1311.4111965428183,0.1886893758001827,1,35.2
2037-07-03,39,44125,479,Self-Employed,Doctorate,16,8455,72,0,0,Rent,464,0.3550007630995869,0,1,0.2522443116821795,0,Education,0,23,20,6906,364,250438,17179,3677.0833333333335,0.7507689753209902,1,233259,0.2839549999999999,0.2646886634066455,235.4333931441269,0.1902141805717739,1,41.6
2037-07-13,41,25729,617,Self-Employed,Doctorate,23,13373,60,0,1,Mortgage,372,0.1985870123221472,3,2,0.3687107201475808,0,Home,0,19,14,14449,866,70474,12795,2144.083333333333,0.9097740937899822,4,57679,0.209873,0.1905284286585035,347.29194233222,0.3354776053475315,0,53.0
2037-07-14,35,28791,489,Self-Employed,Doctorate,14,32119,60,1,1,Own,112,0.1340663584768923,4,2,0.1016342552989136,0,Home,0,24,4,471,2212,48531,105832,2399.25,0.6510762326975048,2,7874,0.292619,0.3101593235430745,1059.290702503234,0.4881903521947417,0,57.0
2037-07-15,46,180456,457,Employed,Doctorate,22,28351,12,1,1,Own,497,0.0847934450874422,5,1,0.3007971273598026,0,Home,0,32,2,9287,4947,109439,6103,15038.0,0.7537078762615984,3,103336,0.264851,0.2460826747115654,2689.211668206248,0.2118773552471238,1,40.8
2037-08-30,35,55662,471,Unemployed,Doctorate,13,20614,60,1,3,Rent,224,0.455017486478736,3,2,0.1967279598215913,0,Home,0,24,14,5440,744,18331,47473,4638.5,0.7421683708014566,4,6217,0.290114,0.3152262438600521,686.3401325236057,0.1962574393712635,0,54.0
2037-09-10,39,19166,568,Employed,Doctorate,19,33270,48,Divorced,0,Own,444,0.2600624297750383,2,1,0.3987928590719606,0,Other,0,37,29,2571,873,197353,4673,1597.1666666666667,0.9184278648590084,3,192680,0.24427,0.2408929818726688,1086.306168895615,0.9581380583714588,0,52.0
2037-09-15,38,59035,633,Employed,Doctorate,13,14387,84,0,2,Own,371,0.1434257017972145,2,0,0.1571400415695266,0,Auto,0,26,27,1236,182,75663,37308,4919.583333333333,0.967355502966248,3,38355,0.222887,0.2505908725125693,364.7022046042263,0.1495456331879515,1,36.8
2037-11-03,38,121532,522,Employed,Doctorate,16,12917,24,Divorced,1,Mortgage,682,0.6153652923039118,4,1,0.4577879321787252,0,Debt Consolidation,0,27,16,1461,1496,154402,26676,10127.666666666666,0.8522348651844567,6,127726,0.226917,0.2715417877741417,703.4394550272365,0.1367974974519208,1,41.6
2037-12-18,32,147420,569,Employed,Doctorate,9,15256,96,1,3,Other,487,0.4826721912604004,4,0,0.1776217111409396,0,Other,0,20,9,339,1951,17225,31053,12285.0,0.7463386744017151,8,6154,0.265756,0.2891325553032624,409.2037811215519,0.072951060734355,1,40.0
2037-12-26,53,49045,603,Self-Employed,Doctorate,30,21709,72,0,0,Rent,794,0.0659979798273757,2,2,0.5512838884613068,0,Auto,0,28,18,975,480,17486,65878,4087.0833333333335,0.946843699315074,6,7995,0.235209,0.22841207228861,556.355212188026,0.3303958109135755,0,58.0
2038-01-28,68,205834,608,Employed,Doctorate,47,16013,24,1,3,Mortgage,174,0.3361775377202133,4,2,0.2717100798212483,0,Auto,1,31,3,2405,1429,52021,19907,17152.833333333332,0.8107537168733229,3,32114,0.1870129999999999,0.1693159510553096,791.1927546803537,0.0562701645800219,1,44.8
2038-04-05,56,25051,567,Employed,Doctorate,33,21418,72,0,2,Own,298,0.646984481524428,2,0,0.2138047878339838,0,Auto,0,24,20,7649,502,27849,9057,2087.583333333333,0.8480678742574456,3,18792,0.252918,0.229183701570604,549.8883822954037,0.4061578614644063,0,56.0
2038-04-09,37,44702,630,Unemployed,Doctorate,15,21423,48,1,0,Mortgage,561,0.239314111964854,5,0,0.0618354332279601,0,Home,0,19,19,1030,344,30028,3109,3725.1666666666665,0.707141044982738,4,26919,0.201423,0.2093714901267003,662.6540860889718,0.3284830440040191,0,51.0
2038-05-17,73,94678,696,Employed,Doctorate,49,39079,48,1,2,Own,507,0.1434200264658274,6,0,0.2422648893973636,0,Education,0,26,29,2619,448,113804,64099,7889.833333333333,0.6980327063935023,8,49705,0.186079,0.1828610483011324,1153.7962603076007,0.2104982691194492,1,35.2
2038-06-29,35,112636,519,Employed,Doctorate,13,28043,72,0,3,Mortgage,406,0.2759166418338451,4,0,0.1641990901675591,0,Debt Consolidation,0,26,27,4141,967,53033,17156,9386.333333333334,0.7023696111912956,6,35877,0.283543,0.2536849340197484,761.7525693329957,0.1244098763450047,1,39.2
2038-07-29,25,15000,556,Employed,Doctorate,2,35625,72,Divorced,0,Mortgage,559,0.2870533453737838,4,1,0.2474982794047611,0,Education,0,19,16,1700,898,33438,78792,1250.0,0.9012845642211412,5,10284,0.272625,0.260306391695577,982.2893379954864,1.2330314703963892,0,54.0
2038-08-04,51,20113,661,Employed,Doctorate,27,12539,48,0,1,Other,117,0.2235529412342571,2,1,0.0258909961916164,0,Home,0,27,14,1731,1894,18945,24267,1676.0833333333333,0.6645800860369564,11,5822,0.177039,0.1768842053142819,366.2947400380189,0.2883476796328855,0,46.0
2038-08-19,27,40589,609,Employed,Doctorate,9,28661,60,1,1,Rent,362,0.4826297952841739,4,0,0.296171278810559,0,Education,0,25,18,4620,700,14489,8517,3382.4166666666665,0.9361707909852944,3,5972,0.229161,0.2021729954410631,762.8107226167743,0.3325464700140751,0,51.0
2038-08-23,36,37005,635,Employed,Doctorate,10,38386,48,Divorced,0,Mortgage,859,0.3185799276062033,3,3,0.284672814638456,0,Education,1,15,22,2712,6135,43854,7692,3083.75,0.9535796643908666,1,36162,0.215886,0.192234819177913,1152.277655736816,0.6522181291404349,0,56.0
2038-11-06,58,113546,638,Employed,Doctorate,34,24489,24,1,1,Own,339,0.1989126502968027,3,1,0.1046252107759313,1,Home,1,27,28,10960,1124,47720,3639,9462.166666666666,0.8190877870557296,8,44081,0.180489,0.1637350272927417,1203.4325896811024,0.1630105074258294,1,50.400000000000006
2038-11-24,51,92147,666,Employed,Doctorate,27,24362,108,1,2,Rent,478,0.6006149841777367,3,2,0.4663134685823248,0,Auto,0,34,21,1587,508,118717,91061,7678.916666666667,0.8487753525158772,3,27656,0.236362,0.2116993058073865,506.3864367371697,0.128193400119874,1,40.8
2039-02-02,32,56155,634,Employed,Doctorate,12,9675,60,0,0,Own,351,0.2610006381180292,3,1,0.1277350487651654,0,Auto,0,23,8,2110,1394,33822,82583,4679.583333333333,0.5738957936521988,5,10490,0.197675,0.15814,234.3221136827898,0.1250799637466561,1,38.400000000000006
2039-02-11,24,63162,606,Employed,Doctorate,0,36534,72,1,2,Own,411,0.3021147023142563,2,0,0.5384707181434496,0,Home,0,19,6,271,1668,104741,35767,5263.5,0.588260198354225,4,68974,0.2485339999999999,0.2356651709309831,952.2334147459538,0.2589975139633236,0,55.0
2039-03-13,38,44809,641,Employed,Doctorate,15,25519,60,1,1,Mortgage,146,0.1561021187716806,4,0,0.1517883237110564,0,Education,0,19,21,6601,690,107211,6077,3734.0833333333335,0.8899173902598543,5,101134,0.210019,0.2158418733850289,698.7871515009205,0.2262368233616248,0,43.0
2039-03-23,43,32660,594,Employed,Doctorate,21,44343,60,1,0,Other,347,0.1141292990348259,2,0,0.2336801933892736,0,Education,1,19,12,6598,424,37158,33055,2721.6666666666665,0.8313375706456235,7,4103,0.252343,0.2806442888137956,1382.3797721487288,0.6354120412059016,0,58.0
2039-04-07,71,99608,591,Employed,Doctorate,50,32192,48,0,2,Rent,410,0.0633828213524306,3,0,0.1960117393681599,0,Other,0,20,2,10011,853,293025,13031,8300.666666666666,0.6918440955095965,7,279994,0.231692,0.2350935872487758,1040.8055324289,0.1747818085811059,1,36.8
2039-04-27,41,121487,589,Employed,Doctorate,17,38819,120,1,1,Other,543,0.1024792047817976,1,0,0.2875263865646452,0,Debt Consolidation,0,22,17,1701,790,61605,13306,10123.916666666666,0.9120438824393018,5,48299,0.299319,0.3144871271120819,1065.1130017212913,0.1588429710228707,0,49.0
2039-05-03,28,96585,606,Employed,Doctorate,4,22423,36,Widowed,2,Rent,333,0.5617520683450681,2,2,0.632172040148153,0,Education,0,17,1,2926,484,128034,16169,8048.75,0.9380192276907716,5,111865,0.204423,0.1888892659062533,820.6792427470156,0.1433364488581475,1,44.0
2039-05-10,18,23934,550,Employed,Doctorate,0,15248,24,Widowed,0,Mortgage,374,0.0511595633595012,1,0,0.3132906902040817,0,Home,0,28,6,13135,472,62857,26959,1994.5,0.6548365180500911,1,35898,0.215248,0.2237708601046099,793.8803920541064,0.5855504597914797,0,57.0
2039-05-29,34,58744,560,Employed,Doctorate,9,25627,108,Divorced,1,Other,217,0.4996720381070205,7,1,0.1848190515770857,0,Auto,0,26,8,1344,2255,313663,127784,4895.333333333333,0.7461402681697792,3,185879,0.2906269999999999,0.3214969642798191,728.4963638691373,0.1931423867361713,0,48.0
2039-06-30,64,300000,605,Employed,Doctorate,40,9487,96,1,0,Rent,436,0.1784759017417174,1,0,0.3522406011362086,0,Education,0,26,25,1002,957,27237,10918,25000.0,0.8036667285494133,3,16319,0.241987,0.224657767069769,213.6102833896068,0.0259844113355842,1,38.400000000000006
2039-07-03,46,110695,618,Employed,Doctorate,24,33620,96,0,0,Mortgage,430,0.3872527103108153,3,0,0.2617471683958581,0,Home,0,36,3,5918,2546,116555,10228,9224.583333333334,0.7443624921475864,2,106327,0.25962,0.2926246767016111,909.89130828344,0.1452522308993294,0,47.0
2039-07-06,25,32217,594,Employed,Doctorate,5,43698,120,0,0,Own,223,0.1982295675314643,0,0,0.2577380651403639,0,Auto,0,23,21,7707,3419,11126,19423,2684.75,0.8522985119614561,5,8563,0.301698,0.3317414423439149,1255.6452633214428,0.5507571518098306,0,52.0
2039-07-25,35,23049,545,Employed,Doctorate,11,30376,60,1,1,Mortgage,894,0.2059835395534176,4,2,0.1135205582298684,1,Home,0,29,20,910,1313,39944,8676,1920.75,0.9222746064296754,7,31268,0.262876,0.2103008,822.2869262203243,0.8935503976156837,0,64.0
2039-07-31,37,44730,607,Unemployed,Doctorate,14,23497,72,0,0,Own,268,0.2387907494118472,5,1,0.2189960561836861,0,Other,0,23,11,3007,883,61799,134887,3727.5,0.8527491546289804,3,6680,0.2349969999999999,0.2569458814255407,642.9943300460601,0.2443982106092716,0,53.0
2039-09-19,56,39207,617,Employed,Doctorate,32,16677,72,1,2,Other,505,0.2510391054947128,4,0,0.6010808005028917,0,Home,0,16,18,1099,1045,16287,26052,3267.25,0.8119369888892845,3,6890,0.223177,0.2061181586046654,405.3976319293213,0.2786433948823387,0,56.0
2039-10-14,39,49489,615,Self-Employed,Doctorate,14,28391,36,0,4,Own,564,0.1987966613565119,3,0,0.2363858975733889,0,Education,0,21,14,1020,748,9647,59340,4124.083333333333,0.6284310583966763,4,7081,0.205891,0.2026932036034365,1059.011311616488,0.3935447420517258,0,52.0
2039-10-20,30,107089,498,Employed,Doctorate,6,61493,36,1,1,Own,192,0.3748154479048193,2,0,0.117948414208011,0,Home,0,25,13,4431,8949,18981,32758,8924.083333333334,0.6600568916480549,6,5956,0.297493,0.3236677663333465,2690.825668366509,0.3230388557218586,0,49.0
2039-11-23,43,92351,622,Employed,Doctorate,23,42256,48,1,3,Other,374,0.2020550814442627,5,1,0.0435036523689697,0,Home,0,27,24,1175,1215,22642,16043,7695.916666666667,0.8565341796269546,9,6599,0.226256,0.1935649418721087,1271.422239764055,0.2138045811866537,1,36.8
2039-12-09,38,41808,628,Employed,Doctorate,16,8761,96,1,2,Other,225,0.231181341580161,1,0,0.0819059236423808,0,Home,0,34,10,2159,3645,20598,5841,3484.0,0.8809595038307964,4,14757,0.229761,0.2607268635668344,218.04676412620063,0.1271661205873136,0,48.0
2040-01-26,41,115185,586,Employed,Doctorate,15,14166,60,1,0,Mortgage,864,0.2057702674588365,0,1,0.3322951125292234,0,Debt Consolidation,0,24,29,1927,1023,17938,46037,9598.75,0.7663957641743595,2,9411,0.226166,0.2260349006462965,396.1256722415844,0.131280184632539,1,42.400000000000006
2040-02-08,30,185688,608,Employed,Doctorate,9,25438,84,1,2,Own,616,0.517371050074736,2,1,0.039406032216651,0,Debt Consolidation,0,23,29,3437,4615,38494,12331,15474.0,0.8910548623571495,4,26163,0.246438,0.2246513193434468,603.2362152241196,0.0787925691627323,1,36.8
2040-03-13,49,35307,580,Self-Employed,Doctorate,27,28962,84,Divorced,1,Rent,360,0.3308289297488107,1,1,0.1169618035282648,0,Home,0,32,7,905,1680,93979,27356,2942.25,0.6687557657164875,6,66623,0.263962,0.2525793867528515,737.8587413786342,0.3731357775099445,0,53.0
2040-03-16,28,27320,638,Employed,Doctorate,6,8262,96,1,5,Mortgage,174,0.2365342689960402,4,1,0.3368837967645097,0,Debt Consolidation,0,23,16,1060,334,347241,12967,2276.6666666666665,0.4824115053801432,4,334274,0.224262,0.2424375301393746,195.5879757907278,0.162337324651857,1,37.6
2040-04-17,22,175238,542,Employed,Doctorate,0,18034,48,1,1,Own,446,0.075729758661782,2,0,0.4232794503565427,0,Home,0,21,5,526,390,106988,7989,14603.166666666666,0.7763333103072676,4,98999,0.242034,0.2278820904128841,575.9256337623515,0.069979728170535,1,42.400000000000006
2040-04-26,33,38417,619,Employed,Doctorate,9,17862,60,Widowed,1,Rent,544,0.4430314021837055,5,1,0.1662498121089859,0,Debt Consolidation,0,27,27,3382,534,17207,9105,3201.4166666666665,0.9614281327234776,6,8102,0.213362,0.2303116258844754,503.8580494608634,0.3273107372655429,0,49.0
2040-05-23,49,52195,550,Employed,Doctorate,26,22123,120,1,1,Other,275,0.1753614579782549,2,3,0.5211944301523778,0,Auto,0,21,14,929,1039,70747,12238,4349.583333333333,0.7264582648232143,3,58509,0.302123,0.2768906049802139,545.8038460900115,0.1887086148688598,0,55.0
2040-06-03,51,28794,528,Unemployed,Doctorate,30,13687,48,0,1,Mortgage,343,0.3126187378340724,3,0,0.2766181437574694,0,Home,0,28,10,2665,577,72390,5637,2399.5,0.8829338566546507,5,66753,0.244687,0.264349127543443,464.8440432787781,0.3366718246629623,0,55.0
2040-07-04,20,39123,573,Employed,Doctorate,0,25742,24,0,0,Rent,185,0.1468651173957722,0,2,0.5352933895721228,0,Education,0,27,16,3572,61,75483,231529,3260.25,0.8835997081070086,6,9021,0.214242,0.2221705792453689,1338.208333288745,0.4672059913469044,0,58.0
2040-08-02,48,124107,527,Employed,Doctorate,27,38666,96,1,0,Mortgage,236,0.1532534305012875,2,1,0.046026143182901,0,Education,0,35,1,885,5171,15467,22978,10342.25,0.7534370173366064,3,8978,0.310166,0.3213687454736642,1124.4393256980422,0.1315419106768877,0,51.0
2040-08-13,33,64481,602,Employed,Doctorate,13,23797,48,1,1,Other,876,0.4164875720672542,2,2,0.1075693464282202,0,Debt Consolidation,0,23,25,619,692,29000,43977,5373.416666666667,0.9527324729927068,2,1556,0.217797,0.2167535329211485,745.5622247622971,0.3017748902335194,0,48.0
2040-08-21,30,125579,625,Employed,Doctorate,8,30099,60,1,1,Rent,393,0.578343339178711,2,0,0.4087207179370299,0,Auto,0,23,5,1016,517,185457,20788,10464.916666666666,0.6668621365559539,8,164669,0.222599,0.2113771572184912,816.6125379895922,0.115587402797244,1,40.0
2040-08-22,49,17913,601,Self-Employed,Doctorate,26,38043,48,Divorced,2,Mortgage,201,0.4144323835394098,4,1,0.3925312906764135,0,Debt Consolidation,1,21,13,3588,1008,51820,11944,1492.75,0.9634885695982888,6,39876,0.232543,0.1860344,1129.5446760479435,0.8913379172989071,0,63.0
2040-10-12,18,50379,530,Employed,Doctorate,0,22314,60,1,1,Own,665,0.3302312593881355,3,0,0.2671637241645794,0,Other,0,20,29,3355,307,23199,258441,4198.25,0.7680786001641665,3,8387,0.262314,0.2904766397511865,708.9357327445039,0.3272639153800997,0,52.0
2040-10-19,37,70451,617,Employed,Doctorate,17,13449,48,1,3,Rent,463,0.3128522044695461,3,0,0.2365486907209878,0,Auto,0,21,26,3660,2548,241263,32082,5870.916666666667,0.7953603641625816,4,209181,0.199949,0.1935597231257437,404.6573423709045,0.1477890747959695,1,36.0
2040-10-20,40,50683,612,Employed,Doctorate,15,20712,24,0,1,Own,146,0.2226282243493437,2,0,0.4017653402059035,0,Auto,0,25,8,10449,3523,301791,18463,4223.583333333333,0.9063325011955142,1,283328,0.189712,0.1893932338009398,1043.4527951254374,0.2816217181600389,1,38.400000000000006
2040-11-02,39,122261,606,Employed,Doctorate,21,17710,36,1,1,Mortgage,517,0.1454729560337608,3,2,0.4465945721824055,0,Auto,0,28,20,1774,1584,52070,23768,10188.416666666666,0.6139546256439449,4,28302,0.19971,0.2257709308629906,681.651645750758,0.1176484712950908,1,40.0
2040-11-06,43,47379,650,Employed,Doctorate,23,14935,24,0,2,Mortgage,331,0.3185025110068594,4,0,0.048966120467332,0,Debt Consolidation,0,23,21,1732,15663,28934,6890,3948.25,0.9938023671060272,6,22044,0.164935,0.1885371851318807,751.791678012618,0.2742459768283715,0,45.0
2040-11-25,50,32173,640,Employed,Doctorate,29,16711,48,0,3,Own,779,0.2632867898904264,9,0,0.0346926239358975,0,Auto,0,26,1,11426,1015,14691,106577,2681.083333333333,0.826174936683514,4,7712,0.191711,0.1892965459069092,499.0407686261977,0.4766881926930771,0,52.0
2040-12-20,24,128681,512,Employed,Doctorate,0,36078,60,Divorced,2,Mortgage,439,0.7193128370470409,4,0,0.3308566007209897,0,Home,0,22,27,12168,615,13660,139739,10723.416666666666,0.7938967071210856,4,2495,0.285078,0.3238043497491604,1220.5421816336914,0.1547587148033066,0,54.0
2041-01-13,43,86469,594,Employed,Doctorate,18,28444,60,1,1,Rent,507,0.5081369537324691,2,1,0.2225465328010313,0,Education,0,27,29,3711,1714,58514,19468,7205.75,0.7355281249819892,6,39046,0.236444,0.2440215784310384,824.9291049678028,0.1848425361645634,1,41.6
2041-01-26,49,43945,568,Self-Employed,Doctorate,26,24896,60,Divorced,1,Rent,262,0.5367590791490369,0,2,0.2811789975872155,0,Auto,0,29,26,812,4914,50207,33423,3662.0833333333335,0.9880360912889118,3,16784,0.245896,0.1967168,655.051923811976,0.250418092746472,1,45.6
2041-03-24,24,76178,567,Employed,Doctorate,1,57565,60,0,0,Own,327,0.2986891805194349,3,3,0.4008406232857471,1,Debt Consolidation,0,21,18,11376,1057,242620,73921,6348.166666666667,0.6517066088314912,6,168699,0.279065,0.2968603298988717,1851.3371464391453,0.3431442904417253,0,64.0
2041-04-05,48,47305,558,Employed,Doctorate,28,14680,36,0,3,Rent,621,0.3574361755232259,4,1,0.3043596065362068,0,Home,0,18,24,2811,934,33652,76070,3942.0833333333335,0.8056142483341779,5,10072,0.22068,0.176544,528.175566091356,0.2915147826465758,1,44.0
2041-04-18,32,286760,608,Employed,Doctorate,7,26474,36,Divorced,0,Mortgage,1351,0.2598774336994209,4,1,0.2941970759761156,0,Auto,0,21,15,1718,761,59256,4691,23896.666666666668,0.5623832538679311,9,54565,0.207474,0.2090261013827105,996.0864256179964,0.0982181514416793,1,36.0
2041-04-28,32,33656,601,Unemployed,Doctorate,8,19912,24,0,0,Own,196,0.6104700218688404,4,1,0.5755749180328733,1,Debt Consolidation,0,24,17,1282,393,37071,20456,2804.6666666666665,0.7876955072763238,6,16615,0.194412,0.1743303840024999,988.6425336383064,0.4223826480764107,0,73.0
2041-05-14,55,70515,636,Employed,Doctorate,31,28335,108,Divorced,2,Mortgage,345,0.3168526700284016,1,2,0.2998340658947843,0,Other,0,23,14,2361,7950,489371,5317,5876.25,0.8771760591483894,8,484054,0.255335,0.2664841315007253,693.9715731078262,0.1768086063574263,1,34.4
2041-06-04,42,54954,635,Employed,Doctorate,23,36558,48,0,1,Mortgage,1155,0.0887865861181479,1,2,0.5333339780149547,0,Other,0,27,14,1460,141,262921,57595,4579.5,0.8935122491335902,4,205326,0.214058,0.2145528219641162,1141.015312563544,0.5013681215336924,0,50.0
2041-06-28,45,80848,588,Employed,Doctorate,22,24719,36,1,0,Rent,568,0.2982806479606717,2,2,0.1796806715816089,0,Home,0,26,25,966,224,50064,13263,6737.333333333333,0.990444052917278,4,36801,0.215719,0.1865497664069145,901.7939071389972,0.2181566258369776,1,39.2
2041-07-06,18,66329,489,Employed,Doctorate,0,50865,48,0,0,Rent,363,0.2186311661849337,3,2,0.3164121151139743,0,Home,0,24,22,2722,231,19672,58047,5527.416666666667,0.8266688108718929,5,10024,0.301365,0.3247417423746785,1905.3593830153384,0.4103832802572639,0,54.0
2041-07-15,34,90401,533,Employed,Doctorate,15,12873,96,Divorced,2,Mortgage,398,0.1901192718168531,4,0,0.2067548237471862,0,Home,0,30,2,10783,1055,58057,34985,7533.416666666667,0.9227730395916092,4,23072,0.281373,0.3097065543023959,363.745503551962,0.1011155412287866,0,54.0
2041-07-31,42,188186,658,Employed,Doctorate,16,24215,60,1,3,Rent,233,0.186422953129054,2,0,0.1853184807085491,0,Auto,0,23,7,3481,880,165961,86409,10138.5,0.8626924598796464,7,79552,0.2002149999999999,0.2187937432041042,667.1322564129119,0.0887835731531204,1,32.0
2041-08-27,32,95394,469,Employed,Doctorate,8,49349,12,1,1,Mortgage,747,0.1750610168862367,5,1,0.1262901737202641,0,Debt Consolidation,0,23,29,6593,2083,76512,31686,7949.5,0.7993059971658266,3,44826,0.279849,0.2835060512085556,4770.9430257676,0.6941245393757595,0,48.0
2041-09-24,31,70406,591,Employed,Doctorate,9,37594,36,0,1,Rent,1031,0.1613627367704133,6,2,0.2694314530993991,0,Home,0,35,19,2912,1388,128720,22880,5867.166666666667,0.9177477442197188,8,105840,0.227094,0.2481950689705657,1491.1444920003148,0.4298743559356273,0,47.0
2041-09-29,39,90609,635,Unemployed,Doctorate,17,24718,60,1,0,Rent,497,0.1115806465690954,4,2,0.0925906536605771,0,Home,0,28,19,734,468,70035,3119,7550.75,0.792271762667581,4,66916,0.212218,0.2116296160201339,670.9728414503347,0.1546830237327861,1,36.8
2041-10-21,39,109319,672,Employed,Doctorate,19,18019,60,0,0,Own,574,0.526154526301621,3,1,0.3024321284319584,0,Auto,0,26,7,10351,2203,16852,30098,9109.916666666666,0.8762076839215323,4,9010,0.187019,0.1936997032870674,471.0986030190217,0.1147209838749738,1,39.2
2041-10-28,32,16542,589,Self-Employed,Doctorate,7,12725,48,1,2,Mortgage,306,0.1315373529179959,3,1,0.1218889008147675,0,Debt Consolidation,0,24,18,6027,374,265921,9692,1378.5,0.7148571263768084,7,256229,0.213225,0.2082043334494993,392.8104929656147,0.5069354319663508,0,48.0
2041-11-04,56,76393,677,Employed,Doctorate,34,37023,108,0,1,Mortgage,599,0.146952476540397,3,2,0.1203579103998546,0,Debt Consolidation,0,26,27,1811,665,15327,54729,6366.083333333333,0.9083221104898318,9,10874,0.243523,0.1948184,729.132667722553,0.2086263402755571,1,34.4
2041-11-10,53,89827,532,Employed,Doctorate,32,30694,12,1,1,Rent,617,0.2566293375340475,2,1,0.1450289941323519,0,Debt Consolidation,0,19,14,2318,5454,52506,14569,7485.583333333333,0.8490372020298651,3,37937,0.229694,0.2364475064425873,2897.137930017057,0.4694541191424036,0,49.0
2041-11-13,41,21629,574,Employed,Doctorate,17,33333,48,Divorced,2,Rent,713,0.2883917580811611,1,0,0.117870068689727,0,Auto,0,17,4,5498,553,45047,26168,1802.4166666666667,0.6772535480831756,6,18879,0.241333,0.241760596559669,1089.9638969532457,1.000303609202411,0,55.0
2041-12-28,25,89238,603,Self-Employed,Doctorate,3,25551,12,Divorced,0,Rent,566,0.6422420374883491,3,3,0.2116947956582422,0,Debt Consolidation,0,27,17,2248,422,6525,8136,7436.5,0.808464607178238,6,7808,0.189051,0.2125488572855826,2382.2767759565268,0.3964602670552715,0,53.0
2042-01-10,23,20514,454,Employed,Doctorate,1,17694,48,0,2,Mortgage,789,0.1753418875144418,6,1,0.3946674069267328,0,Education,0,27,19,3735,755,47085,6080,1709.5,0.8713539741167295,1,41005,0.285694,0.3247668140592462,662.8284085565685,0.8492707859354013,0,55.0
2042-01-14,37,244860,651,Self-Employed,Doctorate,9,18321,60,1,4,Mortgage,206,0.1816526586121275,6,1,0.2502950458874668,0,Debt Consolidation,0,35,16,15161,876,20802,79082,20405.0,0.7880716068165777,4,6735,0.197821,0.2090453510726607,494.66124834546576,0.0343377235160728,1,36.8
2042-04-09,45,59788,637,Self-Employed,Doctorate,24,28637,72,1,4,Rent,577,0.2025585935123137,4,1,0.1439275592895123,0,Education,0,22,9,8610,1118,64243,68546,4982.333333333333,0.7560609004547524,6,2269,0.225137,0.2267595702510016,731.0716263762321,0.2625419735819024,0,51.0
2042-07-08,36,51225,646,Unemployed,Doctorate,15,16327,60,0,3,Own,384,0.5644094710197745,3,1,0.3043857571880635,0,Education,0,21,14,5433,691,41841,13657,4268.75,0.7240393185013467,4,28184,0.198327,0.2144238243295191,445.7728941704703,0.194383108444034,0,55.0
2042-07-14,45,53548,609,Employed,Doctorate,24,34477,12,0,0,Own,183,0.4560053142788282,11,1,0.1832583045770579,0,Auto,0,14,19,250,573,416970,13945,4462.333333333333,0.9790043973366956,6,403025,0.194977,0.2108654493315877,3211.7157921299777,0.7607490383498867,0,42.0
2042-07-19,21,119311,636,Unemployed,Doctorate,0,33124,48,1,1,Rent,371,0.0852074585339546,2,0,0.229601420435181,0,Home,0,16,15,1686,2888,436491,15767,9942.583333333334,0.6692074430898667,9,420724,0.210124,0.2307577678780867,1063.0486257413534,0.1442330003846773,1,35.2
2042-08-21,31,65727,603,Employed,Doctorate,5,24058,48,1,1,Own,302,0.4466383745022595,5,0,0.2514592680593765,0,Debt Consolidation,0,22,21,6863,6656,307452,11379,5477.25,0.9171217360913414,10,296073,0.217558,0.1857728328427198,713.9816394734806,0.1854911934772889,1,35.2
2042-08-28,26,39769,598,Employed,Doctorate,2,24577,48,1,2,Mortgage,230,0.2879119564873819,0,1,0.4565547415410041,0,Auto,0,21,12,4570,126,56906,63892,3314.083333333333,0.843539244565392,4,4789,0.220577,0.1967053263664057,743.5796000578771,0.2937704041010466,0,57.0
2042-11-09,27,61723,627,Employed,Doctorate,4,34456,36,1,1,Mortgage,646,0.1332562846870323,2,2,0.2638644916572583,1,Debt Consolidation,0,15,6,2340,887,184743,13094,5143.583333333333,0.8586323292571374,6,171649,0.205956,0.2422443811367647,1355.87088309292,0.389197715553603,0,58.0
2042-11-18,63,74276,694,Employed,Doctorate,41,20110,48,Divorced,2,Mortgage,579,0.0192151130028719,3,1,0.1899540970975856,0,Debt Consolidation,0,15,14,14160,1196,197477,3003,6189.666666666667,0.9133439396468116,3,194474,0.16811,0.1525949739541985,562.3252001298647,0.1843920297479451,1,31.200000000000003
2042-11-24,55,37792,598,Employed,Doctorate,28,54035,72,Widowed,0,Rent,210,0.2322713942056399,3,0,0.2599247636362806,0,Other,1,30,28,3340,846,38336,60624,3149.333333333333,0.8649914455629414,6,4538,0.270035,0.2730965512778068,1533.0566004049251,0.5534684378931811,0,59.0
2042-11-26,41,45773,592,Unemployed,Doctorate,19,15152,48,1,3,Own,459,0.0885920618093212,2,0,0.209753273469301,0,Auto,0,29,7,994,460,15673,36882,3814.4166666666665,0.7533127797317024,1,8028,0.214152,0.251669556501697,503.8087668759917,0.2524131082190789,0,56.0
2042-12-26,40,61466,611,Employed,Doctorate,18,47426,60,1,4,Rent,496,0.2852001452154452,2,2,0.3485113324226694,0,Education,0,28,24,18861,844,117942,25616,5122.166666666667,0.7692514891837596,6,92326,0.2469259999999999,0.265759934647095,1436.173628545327,0.3772180317987817,0,49.0
2043-01-06,37,18626,577,Employed,Doctorate,16,59158,84,1,0,Mortgage,651,0.3382010722613111,1,2,0.2815588294477462,0,Auto,1,24,10,6030,6182,12212,37679,1552.1666666666667,0.7315262735832774,3,1030,0.295658,0.2495027211852637,1495.505366617754,1.3829090733068314,0,60.0
2043-01-08,32,24057,637,Employed,Doctorate,11,36850,60,0,0,Mortgage,211,0.075168249306747,4,0,0.2902190379113767,0,Other,0,24,15,2328,532,40683,19726,2004.75,0.8891193263462593,4,20957,0.22335,0.2660801863841649,1116.6094769364302,0.6622319376163762,0,50.0
2043-01-16,37,97581,643,Employed,Doctorate,15,20354,84,1,0,Rent,669,0.4792181201633902,4,1,0.1166426326347699,0,Auto,0,26,9,13147,535,107216,51780,8131.75,0.8320853386313074,5,55436,0.223854,0.244225794429699,507.70261384225626,0.1447047208586412,0,46.0
2043-01-18,33,136145,638,Employed,Doctorate,9,18343,24,0,4,Mortgage,446,0.2170237409889543,2,2,0.3307999763775547,0,Other,0,20,23,8627,17673,73043,16766,11345.416666666666,0.7743946549060683,6,56277,0.174343,0.1752363709552973,911.5414062193718,0.1196554913851589,1,37.6
2043-03-07,58,148391,585,Employed,Doctorate,35,46099,60,Divorced,0,Rent,995,0.4025176886077986,1,1,0.4280283658119779,0,Auto,0,24,26,1942,25493,196893,34400,12365.916666666666,0.9149181154985008,5,162493,0.258599,0.2841849538099215,1446.991278535605,0.1974775784409247,1,40.8
2043-03-29,29,45111,569,Employed,Doctorate,9,22071,72,1,1,Own,306,0.4234533507634387,1,0,0.1527003458022973,0,Auto,0,31,8,285,158,21146,159235,3759.25,0.6983573665509311,1,2365,0.252571,0.2707250599006019,622.9035127715161,0.2470980947719668,0,53.0
2043-04-15,24,44988,594,Self-Employed,Doctorate,0,36479,12,0,2,Rent,448,0.1225528248793388,2,1,0.3938258938223602,0,Other,0,21,4,10505,434,36724,30276,3749.0,0.8431880032614265,6,6448,0.204479,0.2276976557430725,3427.7581180552074,1.03381118112969,0,60.0
2043-04-27,28,21943,586,Employed,Doctorate,5,20965,60,0,2,Mortgage,316,0.2900336812301855,4,2,0.3430800875102954,0,Home,0,26,17,768,442,373073,23268,1828.5833333333333,0.8661427333308365,9,349805,0.232965,0.1871634162951587,540.5766825599491,0.4684373235528136,1,40.0
2043-05-06,29,81316,594,Unemployed,Doctorate,3,20601,60,1,1,Rent,322,0.155913065901547,2,1,0.401645138052798,0,Education,0,24,6,3071,902,138150,53052,6776.333333333333,0.7440981108387053,5,85098,0.228601,0.1905897632309701,535.0700408725139,0.1264799115852989,1,45.6
2043-05-19,34,96056,626,Employed,Doctorate,12,43363,108,1,1,Mortgage,1427,0.6689542579135653,2,0,0.0732889868524325,0,Education,0,27,29,4482,678,43915,153985,8004.666666666667,0.5383186352178095,6,10174,0.275363,0.2820881502345606,1109.5752330894627,0.316887053355059,0,48.0
2043-06-10,44,20612,581,Unemployed,Doctorate,23,24054,24,Divorced,0,Other,312,0.1527209204554773,2,1,0.1290161776201116,0,Debt Consolidation,1,15,17,5490,310,136477,3519,1717.6666666666667,0.966085581019918,6,132958,0.208554,0.2008151095039293,1225.2056696240827,0.8949382900974671,0,56.0
2043-07-14,44,71357,623,Employed,Doctorate,24,29109,36,Widowed,1,Rent,420,0.4089466934779385,1,2,0.3825322904682146,0,Home,0,26,15,2996,1737,165180,55367,5946.416666666667,0.6746250685731633,3,109813,0.202609,0.2431308,1146.8196505525527,0.263489717990255,0,48.0
2043-08-09,45,37291,538,Employed,Doctorate,23,17176,48,1,0,Rent,446,0.1256181591003974,2,1,0.4852095271114731,0,Auto,0,18,20,3370,4666,28925,44089,3107.583333333333,0.808182374597329,8,7549,0.243176,0.2537448822806826,573.100231624498,0.3279397918933248,0,56.0
2043-09-30,37,77373,628,Employed,Doctorate,18,18403,84,1,2,Own,180,0.598907148344221,3,0,0.3193660606875473,0,Debt Consolidation,0,22,2,1575,420,53517,1278,6447.75,0.9052250145931372,8,52239,0.229403,0.2415229881775568,455.8825392761401,0.0986208428174386,1,43.2
2043-11-07,36,251665,596,Self-Employed,Doctorate,15,7129,96,Divorced,1,Mortgage,145,0.1848688767812301,2,0,0.0838141720460097,0,Education,0,22,5,16929,612,33525,147987,20972.08333333333,0.8731044489318798,8,7317,0.2441289999999999,0.2896242766328532,191.4595624205278,0.0160432112095298,1,41.6
2043-12-19,43,28755,645,Employed,Doctorate,23,6958,60,1,0,Rent,268,0.1419942991638034,1,1,0.2080819848294336,0,Auto,0,23,16,3298,843,38631,78000,2396.25,0.6110776134239951,2,8637,0.189458,0.2089926134259491,187.84319571303251,0.1902319022276609,0,50.0
2044-01-05,36,48977,593,Employed,Doctorate,13,57058,72,0,4,Own,422,0.1891454021698599,2,0,0.3941420690243855,0,Debt Consolidation,0,21,12,8382,1062,49899,13145,4081.4166666666665,0.95214400638713,5,36754,0.2755579999999999,0.2575490008840289,1563.5173268520662,0.4864774878458214,0,54.0
2044-01-21,62,52541,684,Self-Employed,Doctorate,39,27482,36,1,1,Other,599,0.2778395932919766,4,0,0.3731187897845203,0,Home,0,25,14,2148,274,173246,10953,4378.416666666667,0.6505109730920549,7,162293,0.170482,0.1860137410682109,1001.8505153449556,0.3656231549483159,0,47.0
2044-02-12,24,84520,515,Employed,Doctorate,5,39370,36,0,0,Mortgage,627,0.1298177024557423,5,0,0.0480183700261797,0,Home,0,23,27,7580,591,16600,12950,7043.333333333333,0.9455376047678974,1,3650,0.26687,0.289303663496583,1648.337029842024,0.323048324161196,0,48.0
2044-04-04,50,43496,530,Employed,Doctorate,29,27146,36,Divorced,0,Other,263,0.3769186967564542,0,1,0.2780584263345764,0,Home,1,19,2,5353,2279,313714,25001,3624.6666666666665,0.6237068180792753,6,288713,0.247146,0.2640731801827092,1099.6278091483096,0.3759318951117278,0,57.0
2044-04-24,41,89634,580,Employed,Doctorate,14,24989,48,0,1,Mortgage,748,0.1688279831264476,2,2,0.221772675833762,0,Home,0,24,4,8956,2951,80286,17225,7469.5,0.9091399907920392,3,63061,0.229989,0.247371321255282,824.9039944567943,0.2105768785670787,1,40.8
2044-05-02,52,66923,670,Employed,Doctorate,29,30212,48,1,1,Rent,381,0.3580260548618715,2,1,0.2112574119029161,0,Auto,0,26,11,9018,519,48291,255206,5576.916666666667,0.9435971446052278,5,3776,0.190212,0.1838898664273562,893.6302436830858,0.22855465122898,0,46.0
2044-05-21,57,28478,513,Employed,Doctorate,33,19281,84,0,3,Rent,359,0.3765680677749479,0,1,0.5115914304993745,0,Debt Consolidation,0,28,4,1806,1154,755826,18856,2373.1666666666665,0.6622108009398165,6,736970,0.287781,0.2685013207429438,511.0704555565182,0.3666284664189276,1,44.0
2044-06-04,48,51768,650,Employed,Doctorate,25,10676,36,0,1,Mortgage,101,0.1583172327346192,1,0,0.1421145117399845,0,Debt Consolidation,0,27,20,28240,147,28387,60144,4314.0,0.9289027927471498,5,6525,0.170676,0.1881327762898613,390.332521906257,0.1138925641878203,1,34.4
2044-08-29,34,90592,593,Employed,Doctorate,9,33390,84,1,1,Rent,462,0.5995399066998661,3,0,0.3906867237465118,0,Home,1,26,17,3435,970,44393,46369,7549.333333333333,0.9416013613595984,4,8614,0.26189,0.2312585505802672,805.5639981974431,0.1679040972532819,0,60.0
2044-09-22,29,85894,641,Unemployed,Doctorate,7,19556,36,1,0,Mortgage,249,0.1664854452022598,5,1,0.4284813205935215,0,Other,0,35,16,2754,2252,40955,15858,7157.833333333333,0.8823306659494502,3,25097,0.184056,0.1960637159862001,722.8547464213905,0.1357749896041246,1,43.2
2044-09-23,42,34274,631,Employed,Doctorate,18,17384,12,0,2,Mortgage,235,0.4622375856248827,4,0,0.1666642619043433,0,Home,0,23,22,8168,1773,51061,114390,2856.1666666666665,0.9327035232537592,4,7355,0.166884,0.1506364908199396,1569.572662550573,0.6318163024627087,0,49.0
2044-11-03,27,98646,589,Employed,Doctorate,5,19891,60,Divorced,5,Mortgage,292,0.3910586532492203,0,1,0.4306602674202373,0,Debt Consolidation,0,15,8,460,688,207460,18065,8220.5,0.8793951221613451,5,189395,0.230391,0.2182812495380615,547.4257462929635,0.1021137091774178,1,41.6
2044-11-24,37,62772,623,Employed,Doctorate,17,16801,48,1,2,Rent,299,0.0857761663846071,1,1,0.1960751067964533,0,Debt Consolidation,0,22,18,5421,544,11203,43613,5231.0,0.8268899089094917,4,10361,0.200301,0.2177717227476534,527.3032536661772,0.1579627707257077,0,46.0
2044-12-08,28,51927,637,Self-Employed,Doctorate,4,11014,12,1,2,Rent,500,0.524765314469175,3,0,0.1961335153418598,0,Debt Consolidation,0,25,14,1837,100,44222,40178,4327.25,0.8212918421291422,1,4044,0.157514,0.1509350812261244,994.5910958786868,0.3453905126532294,0,51.0
2044-12-16,43,73698,567,Employed,Doctorate,21,24064,12,1,0,Own,548,0.4314461943503184,5,1,0.2578750110030924,0,Education,1,18,10,1766,2549,10548,27423,6141.5,0.8744308982598731,4,10667,0.205564,0.2466767999999999,2283.264782029727,0.4610054192021048,0,59.0
2045-01-05,43,182273,678,Self-Employed,Doctorate,24,19247,36,0,2,Mortgage,210,0.2304917868396781,3,0,0.2233146150925562,0,Debt Consolidation,0,23,23,8614,2076,26288,4291,15189.416666666666,0.9252664654217224,4,21997,0.165247,0.1519065180145797,669.0019361230646,0.057869367561168,1,37.6
2045-03-02,19,99186,538,Employed,Doctorate,0,17832,48,1,0,Mortgage,420,0.4075976592397691,5,1,0.4526679161060567,0,Home,0,28,26,8308,1868,25506,127447,8265.5,0.8456486468876545,6,5353,0.243832,0.2803359410951508,621.8263024181003,0.1260451639245176,1,44.8
2045-03-03,52,55979,584,Employed,Doctorate,30,17780,60,1,0,Rent,576,0.0898758757825479,0,3,0.0990397430747483,0,Other,0,28,13,242,1175,39425,25680,4664.916666666667,0.7563156407637367,8,13745,0.2307799999999999,0.184624,455.9795083170909,0.2212214241019862,1,39.2
2045-03-12,47,16959,659,Employed,Doctorate,25,23599,36,0,0,Mortgage,481,0.3984463057624566,2,2,0.4557784016135831,0,Education,0,17,28,7379,1040,69778,82294,1413.25,0.9391153649936792,3,2846,0.179099,0.1651721102659194,835.709370762981,0.9316889232357906,0,52.0
2045-03-14,40,108774,589,Employed,Doctorate,18,19006,60,0,2,Other,201,0.5300482586346388,4,1,0.3199382412463331,0,Home,0,17,3,16927,2258,19185,8575,9064.5,0.8543967410879342,6,10610,0.229506,0.2613747340666151,570.596412000847,0.085122887307722,1,45.6
2045-03-22,64,88632,697,Employed,Doctorate,45,28819,84,Divorced,0,Rent,503,0.0562770181791281,4,0,0.6593078926998149,0,Debt Consolidation,0,20,24,16014,190,28979,18715,7386.0,0.9128289337178004,5,10264,0.205319,0.1986822037920261,637.6756816175529,0.1544375415133432,1,40.0
2045-04-04,48,35962,510,Employed,Doctorate,27,13687,96,1,2,Rent,499,0.4463857928512583,6,2,0.1234218975160081,0,Other,0,17,4,4820,2567,54757,31999,2996.833333333333,0.8876392088189224,9,22758,0.293687,0.2769289947777004,355.6540822975814,0.2851857234739718,0,55.0
2045-04-09,27,15000,603,Employed,Doctorate,2,22593,36,1,2,Mortgage,536,0.1677814882525883,2,1,0.2590247009241894,0,Debt Consolidation,0,22,16,1168,751,29769,29017,1250.0,0.8891011111088136,2,7100,0.206093,0.2210322564793214,864.0438819588794,1.1200351055671036,0,50.0
2045-04-18,31,75630,602,Employed,Doctorate,7,18821,36,1,0,Rent,361,0.1289113412233112,4,0,0.3120386699690369,0,Home,0,23,18,2440,1386,47980,8329,6302.5,0.8695855515197907,5,39651,0.202821,0.2156342866197514,714.5387348800576,0.1706527147766851,1,40.0
2045-04-27,27,32739,584,Self-Employed,Doctorate,7,8885,24,1,0,Mortgage,355,0.1557073829337209,1,0,0.2199132849125127,0,Other,0,37,21,758,507,186256,50692,2728.25,0.8471932816198829,3,135564,0.191885,0.2117021231515896,457.304675759096,0.2977383581999802,1,40.8
2045-05-14,55,45309,684,Employed,Doctorate,34,40021,60,1,5,Mortgage,656,0.2682565566649615,3,1,0.1367135425914208,0,Debt Consolidation,1,29,7,525,1151,380805,25943,3775.75,0.6340641142656173,2,354862,0.203021,0.2003059291917911,1060.9930875242687,0.4547422598223581,0,46.0
2045-05-22,41,46238,613,Employed,Doctorate,18,33257,96,1,0,Mortgage,257,0.2411548026171887,7,1,0.3865790168971659,0,Auto,1,31,22,6494,279,66949,9316,3853.1666666666665,0.8482822698805159,5,57633,0.261757,0.2648477837232786,836.9284323300335,0.2839037412509279,0,56.0
2045-06-21,33,247516,658,Employed,Doctorate,12,23297,60,0,1,Rent,584,0.4899421442135556,2,2,0.2990806259306934,0,Debt Consolidation,0,22,12,3026,3796,307881,35216,20626.33333333333,0.8286774076700913,3,272665,0.199297,0.190717688242974,605.2573908381124,0.0576572370677344,1,31.200000000000003
2045-07-09,47,37444,656,Employed,Doctorate,24,15792,36,0,0,Mortgage,582,0.4921404433654762,5,1,0.5575779958688518,0,Home,0,22,16,15253,867,121344,22699,3120.333333333333,0.7743896406194408,3,98645,0.172792,0.1456132924345175,544.0485373805597,0.360874437788877,1,41.6
2045-08-03,32,33093,536,Unemployed,Doctorate,12,18992,60,1,1,Mortgage,356,0.5415576469986453,3,2,0.080239645899046,0,Debt Consolidation,1,20,14,1474,1760,101659,17556,2757.75,0.7190632238244481,4,84103,0.255992,0.221128698188195,525.7578981408514,0.3197381554313666,0,59.0
2045-09-14,30,122828,623,Employed,Doctorate,11,43716,36,Widowed,0,Mortgage,252,0.0386415720561551,2,1,0.2764360153116876,0,Home,1,19,23,1829,569,11732,3854,10235.666666666666,0.878460505682974,4,7878,0.217216,0.2226242289485822,1675.4745479697474,0.1883096246428906,0,52.0
2045-09-22,45,94334,642,Employed,Doctorate,22,30239,84,1,3,Rent,757,0.4573331064152487,2,1,0.2424570398278752,0,Home,0,19,20,5503,283,27958,118731,7861.166666666667,0.7998617306392478,2,7868,0.234239,0.2502231778463285,765.8301018733281,0.1937155344041378,0,49.0
2045-11-03,27,43675,609,Employed,Doctorate,5,14832,48,0,1,Rent,361,0.0174621856174546,2,3,0.3332543791317746,0,Other,0,30,26,644,2010,76341,46233,3639.5833333333335,0.962357229188886,9,30108,0.205332,0.2084392661591291,458.0390090568971,0.2250364764437954,0,51.0
2045-11-11,39,15000,512,Unemployed,Doctorate,16,33017,96,1,0,Own,1149,0.4634293290422163,5,0,0.1864385061476702,0,Debt Consolidation,1,38,3,4934,276,44211,24996,1250.0,0.7058325514624473,7,19215,0.312017,0.300299219515167,911.186242116842,1.6481489936934737,0,65.0
2045-11-24,65,115344,636,Employed,Doctorate,41,29702,48,Divorced,0,Rent,558,0.1578955213387503,2,2,0.0772306365353716,0,Auto,0,29,29,9371,5862,69829,9264,9612.0,0.6847085920459491,4,60565,0.206702,0.1936969301226828,893.8980418998568,0.1510505661568723,1,34.4
2045-11-28,39,101719,625,Employed,Doctorate,15,37373,12,1,1,Own,258,0.2160976892016419,2,0,0.3947553726093971,0,Home,0,25,7,1309,16073,119156,9853,8476.583333333334,0.7261558113262688,11,109303,0.189873,0.1779423196215901,3422.697584123093,0.4342194772803223,1,37.6
2045-12-23,54,73152,620,Employed,Doctorate,32,31660,48,0,2,Rent,536,0.1166586171018608,2,1,0.2413954217364578,0,Education,0,19,29,2781,12433,61322,24209,6096.0,0.8491803807139959,4,37113,0.21666,0.259992,1067.4756861416895,0.2630373500888598,0,48.0
2046-01-15,32,73357,618,Employed,Doctorate,10,29270,36,Divorced,2,Other,438,0.2889283531421219,3,0,0.329482549902016,1,Home,0,19,19,681,3255,8673,44449,6113.083333333333,0.8366361180995442,5,2647,0.20527,0.1841540021013002,1064.2900365294047,0.2457499684877088,0,63.0
2046-01-26,46,71682,632,Employed,Doctorate,26,24725,60,0,1,Rent,698,0.2138196013389682,5,1,0.4817027400723076,0,Debt Consolidation,0,22,4,1224,465,25850,6485,5973.5,0.6416336024944848,4,19365,0.213725,0.2009983522488659,656.4355017851909,0.2267406883376899,1,44.8
2046-01-28,40,58729,548,Self-Employed,Doctorate,19,21400,48,1,0,Own,307,0.2233580235471103,5,1,0.3024850044050105,0,Debt Consolidation,1,17,9,5638,1490,18613,17521,4894.083333333333,0.8157475750509807,6,1092,0.2424,0.2715383986647292,735.5110995594732,0.2130145787381648,0,64.0
2046-02-06,38,164324,578,Employed,Doctorate,15,25456,60,1,4,Mortgage,432,0.3302304105044479,3,2,0.2766074558498381,0,Home,1,27,12,6825,373,39333,89843,13693.666666666666,0.8194849222057026,5,8681,0.241456,0.2554987026057757,755.395743384954,0.0867113076642453,1,44.8
2046-03-31,54,82339,510,Employed,Doctorate,33,8196,60,1,5,Own,297,0.2257930317410609,1,1,0.1489640853593577,0,Education,0,26,19,6477,3026,31004,14980,6861.583333333333,0.8579410111159742,3,16024,0.258196,0.2649417516710559,247.79560404684813,0.0793979432415037,1,39.2
2046-04-02,53,61820,601,Employed,Doctorate,28,28767,24,Divorced,2,Mortgage,536,0.1800145581562941,1,2,0.0952266499354894,1,Home,0,22,4,1198,857,215503,21175,5151.666666666667,0.6755681448097434,2,194328,0.203267,0.2265420621615484,1501.6887998629998,0.3955397217462956,0,57.0
2046-04-10,41,37713,607,Employed,Doctorate,17,18625,36,0,2,Mortgage,312,0.2556067623729586,2,1,0.034142854713312,0,Auto,0,19,8,5332,554,461126,56436,3142.75,0.8260209286817074,4,404690,0.200125,0.211308351641534,702.949899465125,0.3229496140211996,1,34.4
2046-04-23,26,41887,548,Employed,Doctorate,1,43027,36,Widowed,1,Own,600,0.3566240936756601,4,2,0.3263126181331602,0,Other,0,17,15,3482,1112,173938,5129,3490.583333333333,0.9877203916390196,4,168809,0.254027,0.2883731229704869,1799.2713924422806,0.6873554255331574,0,51.0
2046-04-26,32,90406,565,Employed,Doctorate,8,27082,48,0,0,Own,301,0.2853656567192896,1,0,0.0745313698469203,0,Home,0,16,2,4379,231,11680,8519,7533.833333333333,0.6323319109941344,2,3161,0.239582,0.2095226019244987,837.9177079440466,0.1511737328864075,1,42.400000000000006
2046-05-09,70,88419,603,Employed,Doctorate,50,14508,60,1,3,Mortgage,294,0.3736678425987785,3,2,0.311923321232753,0,Education,0,19,10,2373,3286,85247,67857,7368.25,0.6429605526932495,2,17390,0.2180079999999999,0.2083362480314388,391.133556846468,0.092984569856678,1,40.0
2046-05-24,30,42877,630,Employed,Doctorate,6,28415,36,0,0,Rent,415,0.1941875140784723,5,2,0.2801192440015556,0,Home,0,23,16,496,742,46951,9394,3573.083333333333,0.936101872012582,1,37557,0.198415,0.172397139283021,1016.4654561507584,0.4006247049422558,0,49.0
2046-06-22,18,41894,494,Employed,Doctorate,0,16263,12,0,5,Rent,425,0.2227981555300492,2,0,0.5119916649913602,1,Education,0,22,6,9408,1176,114433,17027,3491.1666666666665,0.7499941046926643,4,97406,0.234263,0.2289157240860313,1529.1123292194516,0.5597304614177071,0,71.0
2046-07-12,40,46874,589,Employed,Doctorate,17,33313,48,1,4,Mortgage,531,0.2248951087159874,5,0,0.1471662445386603,0,Other,0,27,6,3502,1843,49328,75770,3906.1666666666665,0.9349889601582833,4,8739,0.233813,0.233513473689021,1074.1535741004766,0.4109280814354593,0,53.0
2046-07-18,46,104345,550,Self-Employed,Doctorate,26,29879,120,1,3,Mortgage,444,0.2079545557893996,2,0,0.3094274227056749,0,Other,0,13,18,4344,683,159027,11655,8695.416666666666,0.9009802648272848,4,147372,0.309879,0.359259171067278,921.2577992165318,0.1570088992342554,0,52.0
2046-08-07,42,96629,461,Employed,Doctorate,20,38438,12,0,1,Other,611,0.1325713191782739,3,1,0.4605918684975434,0,Home,0,22,13,2888,2774,330199,21768,8052.416666666667,0.7709237803333884,4,308431,0.272938,0.2364203121305796,3628.026213156013,0.5264290695119701,1,38.400000000000006
2046-08-27,31,33926,613,Employed,Doctorate,6,17296,48,0,1,Mortgage,257,0.203280970766066,2,1,0.0496462880253533,1,Home,0,17,20,371,154,8852,2286,2827.1666666666665,0.8463253540586605,2,6566,0.205796,0.1672187475601494,496.59152882197577,0.2665536268898104,0,60.0
2046-09-12,37,300000,560,Employed,Doctorate,15,24078,84,1,2,Own,222,0.2014049916337172,3,5,0.0737472943067477,0,Auto,1,22,26,2374,172,27809,56139,25000.0,0.7228546636149283,7,3499,0.269078,0.2366237994896292,589.0144217725674,0.0324405768709026,1,43.2
2046-11-05,25,101696,630,Employed,Doctorate,4,22037,60,1,0,Own,713,0.0625841703177795,1,1,0.075221477507092,1,Education,0,24,1,979,386,25343,28212,8474.666666666666,0.892959595815858,4,7294,0.212037,0.202186822347703,586.5303717981852,0.1533429482140715,0,61.0
2046-11-14,36,22119,532,Self-Employed,Doctorate,14,46149,72,1,1,Mortgage,380,0.2600050793711632,1,1,0.1121652621298779,0,Debt Consolidation,0,33,1,4145,5004,487895,80873,1843.25,0.8375240865187911,6,407022,0.295149,0.2759973434796359,1317.7421429687856,0.9210590766140164,0,53.0
2046-11-17,50,45200,507,Employed,Doctorate,28,6824,120,0,4,Mortgage,993,0.0792199360382631,2,3,0.4590461147825641,0,Home,0,25,9,1470,4493,55180,29184,3766.6666666666665,0.6895167636543609,5,25996,0.308324,0.2535312502076881,156.94329722046604,0.3052946806779998,0,57.0
2046-12-26,49,51049,664,Employed,Doctorate,22,83027,72,1,0,Other,467,0.4396613149148149,6,0,0.0800241154444496,0,Home,0,16,23,2727,722,33700,49504,4254.083333333333,0.953719853717707,4,6668,0.266027,0.2722135146464794,2350.9998197469704,0.6624223361273217,0,45.0
2047-01-13,42,39371,558,Employed,Doctorate,20,13726,84,1,0,Mortgage,1328,0.2020375569631218,4,0,0.4122232507319945,0,Home,0,21,18,1766,3584,35445,50492,3280.9166666666665,0.5346925723414527,4,7836,0.259726,0.2390782945099653,337.90073395580333,0.5077546622506323,0,57.0
2047-02-11,21,128993,623,Employed,Doctorate,0,21916,60,Divorced,2,Rent,501,0.0374759932365677,3,0,0.2889834103940023,0,Home,0,21,20,4913,136,20117,62645,10749.416666666666,0.5931197096945368,3,7122,0.215416,0.2068098780345546,588.9753365027119,0.1013985568056603,1,36.8
2047-03-02,35,92193,570,Employed,Doctorate,13,18800,60,Divorced,3,Rent,349,0.1727863437057256,4,2,0.1022566390303328,0,Education,0,22,29,5569,267,32620,23379,7682.75,0.827435106521425,8,9241,0.2388,0.2172966621824688,516.3500614451498,0.1126354575438677,1,38.400000000000006
2047-03-08,48,66573,648,Employed,Doctorate,22,35736,48,0,2,Own,276,0.2739341063354548,2,2,0.0412796421615049,0,Home,0,28,9,7676,2376,78355,53656,5547.75,0.8300744747646347,3,24699,0.206736,0.1823893482535626,1054.2120276747355,0.2397750489251922,1,38.400000000000006
2047-03-27,42,68683,630,Employed,Doctorate,19,15061,36,1,2,Mortgage,507,0.473423100163472,2,4,0.2020302609674502,0,Home,0,21,28,3166,2905,53269,34661,5723.583333333333,0.6306784016325228,5,18608,0.185061,0.2025920509849237,561.7118471725091,0.1867207630137022,1,40.0
2047-04-22,55,26604,658,Employed,Doctorate,30,34825,36,Divorced,3,Other,279,0.1791321690041017,4,1,0.1747550334521695,0,Debt Consolidation,0,23,2,9640,1436,172145,28551,2217.0,0.7054966469540994,11,143594,0.190825,0.2043009815389759,1301.866187828841,0.7130654884207672,0,45.0
2047-05-11,40,42125,625,Employed,Doctorate,20,46441,36,1,0,Own,398,0.1817248940588256,2,1,0.359030613004754,0,Auto,0,20,5,3138,686,21976,7156,3510.4166666666665,0.259203057820703,5,14820,0.218941,0.185246261110026,1691.2009284105925,0.5951432911792786,0,53.0
2047-06-02,60,51368,574,Unemployed,Doctorate,35,18984,108,0,0,Rent,470,0.0502656654214768,4,0,0.3136798684217298,0,Home,0,30,13,1044,1130,68449,118634,4280.666666666667,0.9758294151946864,1,10072,0.276984,0.324906253171457,544.400877033588,0.2369726390827568,0,56.0
2047-06-07,38,42708,590,Employed,Doctorate,19,13679,60,1,3,Rent,263,0.0683252829219107,3,0,0.0844253714027931,0,Other,1,35,7,2896,1208,61430,63355,3559.0,0.8170775522922911,4,7559,0.223679,0.2307620700283967,386.2166095374362,0.1824154564589593,0,57.0
2047-06-12,33,73015,612,Employed,Doctorate,13,20377,24,0,0,Mortgage,214,0.08907166248375,4,1,0.2652311925457896,0,Debt Consolidation,0,21,26,7383,854,22481,56386,6084.583333333333,0.8034461014566262,3,9919,0.189377,0.1515016,989.4668078109204,0.1977895185062116,1,38.400000000000006
2047-06-19,45,39252,658,Unemployed,Doctorate,22,17126,48,1,3,Rent,377,0.2510548078469563,2,1,0.1247440620503336,0,Home,0,36,10,4033,552,23304,28099,3271.0,0.880432583741405,9,6938,0.183126,0.1731743495453232,496.9885334185367,0.2671930704428421,0,48.0
2047-06-26,49,26799,599,Employed,Doctorate,27,12935,72,Widowed,2,Rent,283,0.3484904522028445,5,0,0.2853937635797705,0,Other,0,19,4,2267,897,41507,35823,2233.25,0.886735927886971,5,5684,0.228435,0.2034755175114523,312.44120018909746,0.2666254114806213,0,57.0
2047-06-30,50,17143,595,Employed,Doctorate,25,29167,48,1,5,Mortgage,669,0.2604517247654904,3,1,0.3482358825934886,0,Debt Consolidation,0,21,5,49504,3297,170589,15147,1428.5833333333333,0.792989418481303,7,155442,0.226667,0.2007053741714656,888.6589006327578,1.0903521441750623,0,54.0
2047-07-06,44,119929,646,Employed,Doctorate,23,46724,48,Divorced,3,Mortgage,1082,0.3977128691907595,2,2,0.4185290759906956,0,Home,0,20,28,10630,283,96497,4517,9994.083333333334,0.979165339173189,4,91980,0.218724,0.2259706369569053,1487.2768976465816,0.2570797953102167,1,40.0
2047-07-07,40,53525,603,Employed,Doctorate,19,22998,60,Divorced,0,Rent,904,0.3499620664227696,2,0,0.627923065719682,0,Debt Consolidation,0,29,6,2557,607,55129,4379,4460.416666666667,0.6875005777058281,8,50750,0.2264979999999999,0.2144211959493339,627.9064885445343,0.3434447055120861,0,55.0
2047-07-19,34,71763,631,Employed,Doctorate,10,23083,60,Divorced,0,Mortgage,263,0.336996651369732,5,1,0.1517136497138645,0,Home,0,22,28,3654,431,24254,11866,5980.25,0.8104344505403943,5,12388,0.212583,0.204373039139672,617.1884725847133,0.1471825546732516,1,37.6
2047-07-20,40,160992,562,Employed,Doctorate,18,16462,36,1,2,Mortgage,422,0.3515372952917083,6,0,0.3012869368404796,0,Home,0,21,20,2533,424,29762,46825,13416.0,0.8853649743015821,3,2572,0.220462,0.2052585352779258,616.2065951088476,0.0773857032728717,1,41.6
2047-07-23,36,25325,620,Self-Employed,Doctorate,14,25480,72,1,0,Mortgage,1061,0.0530675120022918,8,0,0.2876767359443031,0,Education,0,30,18,12971,723,64102,90071,2110.4166666666665,0.8801998132994489,6,7155,0.23048,0.2501520676650913,686.597050980792,0.828081524650326,0,53.0
2047-08-10,42,24245,585,Self-Employed,Doctorate,19,12446,96,0,1,Rent,137,0.3652673041903108,7,1,0.2186875671755541,0,Other,0,30,15,473,1234,36963,32457,2020.4166666666667,0.7368646266259926,5,4506,0.254946,0.249107170464726,300.11633321675856,0.2163495977975295,0,57.0
2047-08-23,35,113990,628,Employed,Doctorate,12,35146,84,1,1,Mortgage,645,0.1489255171429721,4,0,0.1569372718011123,0,Auto,0,22,12,2811,2467,526293,136954,9499.166666666666,0.7909345102264687,3,389339,0.246146,0.2313359252950445,848.0993012331957,0.1571821354048455,1,31.200000000000003
2047-08-31,59,107271,680,Unemployed,Doctorate,37,23971,60,0,0,Mortgage,458,0.3075527417530039,5,0,0.2094670522548547,0,Debt Consolidation,0,25,21,2776,704,164825,21544,8939.25,0.9566284243114552,4,143281,0.188971,0.1670692630417841,591.9701663197985,0.1174561810352992,1,35.2
2047-09-17,48,24972,582,Employed,Doctorate,25,16257,120,0,1,Own,601,0.2322142594930097,1,1,0.0646487761248758,0,Debt Consolidation,0,20,20,8831,3802,52149,22514,2081.0,0.8856740914853966,5,29635,0.280257,0.2751370082415383,399.019210980208,0.4805474343970245,0,52.0
2047-10-02,42,67629,459,Employed,Doctorate,21,15256,48,1,4,Other,555,0.558472576645032,1,0,0.0579854396348082,0,Home,0,27,24,491,675,239609,123100,5635.75,0.9082739469926484,2,116509,0.280756,0.3316551104850505,577.7475173936266,0.200993216057069,0,47.0
2047-10-03,30,63032,589,Employed,Doctorate,7,15716,48,1,3,Rent,352,0.3198663149613809,5,1,0.3569718532136089,0,Debt Consolidation,0,33,28,2179,1402,72933,58204,5252.666666666667,0.892863061098479,4,14729,0.216216,0.2009016317090428,478.9988719468187,0.1582051412514568,1,43.2
2047-10-07,43,170396,620,Unemployed,Doctorate,22,14502,24,0,0,Own,369,0.5399565308514547,2,0,0.2767429098838297,0,Education,0,21,6,1971,1515,51580,59251,9168.25,0.9449000612679808,5,7030,0.179502,0.1465781055023857,700.7979369360575,0.1166850747891972,1,42.400000000000006
2047-11-06,33,34616,586,Employed,Doctorate,11,37335,72,1,3,Mortgage,1630,0.4352600485600035,1,3,0.4323374830995499,1,Debt Consolidation,0,31,9,643,773,8611,53341,2884.6666666666665,0.7831610333548152,8,10866,0.259335,0.2582943805209227,1024.7847135945815,0.9203090063304534,0,71.0
2047-12-05,35,26062,509,Unemployed,Doctorate,13,17169,48,1,1,Own,223,0.1864398371149913,3,1,0.164161987253264,0,Home,0,27,19,1162,889,3590,9672,2171.833333333333,0.8852271031702398,2,3688,0.257669,0.2270684728133837,547.5377998218021,0.3547868006239592,0,54.0
2048-02-21,39,86879,666,Employed,Doctorate,17,32056,36,Widowed,1,Rent,621,0.3274976944042065,2,0,0.1365928338741835,0,Auto,1,25,11,19166,4017,29724,63433,7239.916666666667,0.9210366340498778,5,9327,0.184056,0.1764950135089408,1153.2726644148604,0.2450681059056656,0,49.0
2048-03-01,31,97756,588,Employed,Doctorate,7,106688,48,Divorced,1,Mortgage,492,0.0916668562520098,3,0,0.5216239951984623,0,Auto,0,31,27,1533,598,18533,102951,8146.333333333333,0.6533379569204212,3,4374,0.307688,0.3061139045895438,3879.437671924509,0.5366141419769028,0,56.0
2048-03-22,41,45566,655,Employed,Doctorate,18,11595,60,0,3,Rent,273,0.101764043620487,1,0,0.1806281266758634,0,Home,0,31,8,323,3180,53235,10537,3797.1666666666665,0.8944255536996903,5,42698,0.189095,0.2027618892103559,308.9811664471112,0.1532672167266237,1,36.0
2048-03-27,52,24247,663,Employed,Doctorate,31,15083,60,0,2,Other,399,0.4115686968255371,4,1,0.2282914217459555,0,Education,0,26,17,3170,3532,139733,13278,2020.5833333333333,0.8360562982135973,6,126455,0.188583,0.1901477003997771,391.38392338696366,0.3911662094545125,0,45.0
2048-04-05,44,73570,492,Employed,Doctorate,19,23908,48,0,0,Own,283,0.3500020843066982,2,4,0.1201975473476318,0,Other,0,20,14,1154,1348,136570,22297,6130.833333333333,0.787402202752771,4,114273,0.272908,0.3274896,899.473024269509,0.192873131592145,0,46.0
2048-04-21,57,43934,557,Employed,Doctorate,39,15898,24,0,3,Mortgage,325,0.6368373423668732,5,0,0.4300235018793917,0,Auto,0,26,23,589,854,66861,50125,3661.1666666666665,0.8574433567484104,3,16736,0.2123979999999999,0.2056675018413136,813.5499090827085,0.3109800816905472,1,47.2
2048-05-15,39,65440,623,Employed,Doctorate,15,46945,60,1,3,Rent,289,0.4493103323069154,1,0,0.2912693188945924,0,Auto,1,19,18,4502,449,29540,29183,5453.333333333333,0.9266011314491288,2,9395,0.240445,0.2446854611044041,1363.3095721959764,0.3029907528476729,0,56.0
2048-05-19,24,45999,554,Employed,Doctorate,0,34178,24,1,4,Own,913,0.2917888213293916,3,2,0.319046306883413,0,Education,0,21,21,860,2194,89393,26625,3833.25,0.8831096174050631,5,62768,0.2321779999999999,0.2015773633441325,1742.151530878686,0.6926632833440777,0,53.0
2048-06-08,45,122487,593,Self-Employed,Doctorate,26,26627,24,1,3,Own,412,0.3795404228417091,3,0,0.1830301503515427,0,Other,0,18,11,1130,920,86664,29706,10207.25,0.9453696342906924,2,56958,0.205127,0.1784588770669219,1327.3471668025602,0.1704031121803189,1,39.2
2048-06-24,44,121602,574,Employed,Doctorate,23,24609,60,1,2,Other,1067,0.2338181264572103,0,2,0.0660026765241114,0,Debt Consolidation,0,25,10,2643,2003,14216,38786,10133.5,0.9228194032749256,8,10637,0.242609,0.2492310005342471,721.1976737695603,0.176463973332961,1,38.400000000000006
2048-07-07,50,150691,655,Employed,Doctorate,26,27190,36,0,2,Own,448,0.1415655610235222,1,1,0.590671499895157,0,Home,0,22,18,4114,1696,56204,81321,12557.583333333334,0.6070861189585599,2,6392,0.18469,0.1988751899961523,1008.9201906615764,0.1160191536849507,1,39.2
2048-10-05,42,31502,651,Employed,Doctorate,22,25684,60,1,0,Mortgage,308,0.2013399268054067,2,2,0.2948638460854158,0,Home,0,20,6,14373,1428,52125,29797,2625.1666666666665,0.7814257720496774,4,22328,0.2051839999999999,0.2055582202428649,688.4364722433282,0.3795707468389289,0,49.0
2048-11-06,49,109344,617,Employed,Doctorate,29,17441,36,1,4,Own,592,0.4406812550088362,5,1,0.3298345778238046,0,Home,0,24,8,1358,838,89162,12025,9112.0,0.8361446006102269,5,77137,0.193941,0.2061153094630191,653.6172962560485,0.1367007568323143,1,40.0
2048-12-16,26,49419,511,Employed,Doctorate,7,15714,48,0,0,Own,576,0.3007859625201324,1,1,0.2606380767165934,0,Auto,0,21,4,4085,522,153557,28518,4118.25,0.8830243547445044,5,125039,0.255214,0.2372392571016856,509.9098699029413,0.2636823577740402,1,41.6
2048-12-21,29,18046,613,Employed,Doctorate,5,10983,12,1,1,Own,268,0.0657232841367737,3,1,0.2228872253061293,0,Other,0,26,2,2975,3916,55531,6627,1503.8333333333333,0.8846185719363319,4,48904,0.169483,0.159060857820789,996.0089695408452,0.8405246389499137,0,54.0
2049-01-06,30,27082,556,Employed,Doctorate,5,21974,60,Widowed,4,Mortgage,689,0.1294654278767702,2,0,0.3138479187809376,0,Auto,0,20,15,13529,510,14039,17190,2256.833333333333,0.8688684966354796,7,7233,0.2489739999999999,0.2393705309520052,631.3446766661374,0.5850430588580476,0,55.0
2049-01-25,56,122537,610,Unemployed,Doctorate,34,14119,48,1,0,Own,265,0.3928832311422001,3,0,0.2179612003238402,0,Debt Consolidation,0,25,15,17056,1522,107008,74615,10211.416666666666,0.8541590336546632,6,32393,0.204119,0.1917299621098474,423.44974578059214,0.0674196116223435,1,40.0
2049-03-07,47,84173,596,Self-Employed,Doctorate,24,15846,48,Widowed,0,Rent,108,0.4142295796068622,4,1,0.3776944842158639,0,Debt Consolidation,0,21,14,1850,1206,25905,83662,7014.416666666667,0.6877481665178561,8,3076,0.212846,0.200335280171939,482.4826328027946,0.0841812884610686,1,45.6
2049-04-01,42,25054,675,Unemployed,Doctorate,17,39744,36,0,4,Rent,486,0.0984011438310546,6,2,0.1372606812124628,0,Education,0,33,13,4408,771,21881,18881,2087.833333333333,0.6903214003342286,10,3000,0.187244,0.1902239789736559,1457.3069723580084,0.9307768686954616,0,48.0
2049-04-24,37,90704,622,Employed,Doctorate,13,29054,72,1,1,Rent,446,0.4844946030078449,3,0,0.2350013342707494,0,Education,0,18,11,6499,3049,45510,122478,7558.666666666667,0.7523964436343431,3,1371,0.233054,0.22081867538212,731.4270368726061,0.1557717900254814,1,39.2
2049-04-30,33,101317,599,Employed,Doctorate,11,51975,60,1,0,Rent,719,0.1230715914858381,6,0,0.4213984536090772,1,Other,0,27,8,25432,3470,147915,14815,8443.083333333334,0.8431844410978742,4,133100,0.257475,0.2579868623213221,1549.9674926861162,0.2687368350053139,0,63.0
2049-05-07,19,110873,595,Employed,Doctorate,0,14702,72,1,3,Own,855,0.2924941794917796,4,2,0.6651120307839608,0,Other,1,23,20,2674,136,64599,39052,9239.416666666666,0.7429400786295822,5,25547,0.232202,0.2116958640889865,362.1924072639036,0.131739096869092,1,50.400000000000006
2049-05-24,36,43998,546,Employed,Doctorate,13,26068,36,1,1,Own,390,0.4042345607744058,4,0,0.1468664525006874,0,Debt Consolidation,0,23,9,2554,503,264339,37342,3666.5,0.766604482528879,8,226997,0.238068,0.2558358178157651,1044.521951252138,0.3912510435707454,0,49.0
2049-06-01,34,18618,583,Employed,Doctorate,13,37442,24,0,0,Rent,659,0.3327378460789043,2,0,0.0979514814895124,0,Debt Consolidation,0,21,28,1075,1390,102117,3089,1551.5,0.8570264302127187,2,99028,0.220942,0.2390687120227109,1977.8596951496816,1.699555072606949,0,50.0
2049-06-10,34,68077,567,Self-Employed,Doctorate,9,36099,24,1,0,Mortgage,778,0.0897496271675271,3,5,0.0379209513424757,0,Auto,0,22,10,3325,1237,21973,5761,5673.083333333333,0.9772533852780688,8,16212,0.2275989999999999,0.189665768048874,1819.1145250800969,0.4577959413746369,0,52.0
2049-07-02,41,52476,538,Employed,Doctorate,18,38964,60,1,3,Mortgage,647,0.3896241641558757,4,0,0.54791081302062,0,Debt Consolidation,1,34,7,3986,798,34682,192251,4373.0,0.8898003367224396,4,8674,0.274964,0.2199712,1076.0794869807132,0.3940268664488253,0,65.0
2049-07-20,29,36963,598,Employed,Doctorate,5,26761,48,Divorced,2,Mortgage,361,0.2366645827459915,2,2,0.4949032032445326,0,Home,0,35,20,8923,1003,210008,66865,3080.25,0.5441168424296889,6,143143,0.222761,0.2223276597340727,846.5194993476317,0.3920199657000671,0,53.0
2049-07-25,47,79984,647,Self-Employed,Doctorate,26,20063,60,1,1,Rent,664,0.2799241242204165,4,0,0.3018143026973721,0,Home,0,23,18,7124,3266,124140,62353,6665.333333333333,0.8475487093379931,10,61787,0.201563,0.1941358647832825,525.021680582857,0.1783889298734032,1,41.6
2049-10-16,71,102162,627,Employed,Doctorate,49,18621,48,1,0,Mortgage,884,0.3272681621072632,2,0,0.5545257609055081,0,Home,0,25,6,4396,708,42236,37258,8513.5,0.8702919959576088,2,4978,0.200121,0.215667222663424,582.3033322383515,0.172232728283121,1,44.8
2049-10-29,66,98488,689,Self-Employed,Doctorate,40,18901,12,1,3,Own,116,0.1863331131041858,3,1,0.0846903488321362,0,Auto,0,21,29,3219,4173,78674,6051,8207.333333333334,0.8527681487556276,5,72623,0.139401,0.1579687906319663,1713.0876885669352,0.2228601683738447,1,34.4
2049-11-03,61,59030,596,Employed,Doctorate,36,28201,24,Widowed,3,Other,512,0.4574090689779836,1,2,0.5477019340504815,0,Home,0,22,23,5544,781,11649,43846,4919.166666666667,0.7552569899844778,5,8458,0.205201,0.2072141712545328,1445.2708056518684,0.3978866621687687,0,59.0
2049-11-11,36,30056,586,Employed,Doctorate,15,8710,24,Divorced,3,Own,467,0.5096910254976407,5,2,0.2057917929717408,0,Home,0,17,15,1906,470,82907,35627,2504.6666666666665,0.6949648223408966,6,47280,0.19071,0.1859354865057147,437.3409702807514,0.361062404956382,0,54.0
2049-12-29,46,40607,596,Employed,Doctorate,23,31857,36,1,2,Rent,822,0.3293648809685741,5,2,0.2138066411054097,0,Home,0,26,27,2679,3958,53485,23486,3383.9166666666665,0.8394352183777,6,29999,0.218857,0.2247661111343397,1224.5021380605688,0.6047732079869684,0,53.0
2050-01-03,33,20029,567,Employed,Doctorate,9,42604,36,1,0,Other,700,0.2949692589126429,6,4,0.2740821861438302,0,Education,0,23,2,1085,609,365019,15563,1669.0833333333333,0.8027332929872483,4,349456,0.244104,0.2438747323427783,1680.1563026194349,1.4260260438081391,0,52.0
2050-01-08,27,15692,623,Unemployed,Doctorate,5,18670,36,0,0,Mortgage,214,0.2933966181539358,3,0,0.3113018582960296,0,Other,0,29,15,5010,1665,85731,17786,1307.6666666666667,0.7486403661449966,9,67945,0.19217,0.2011644440919971,694.9523173533646,0.6950948131685174,0,54.0
2050-01-31,29,54943,557,Employed,Doctorate,8,19028,36,Divorced,1,Rent,733,0.2863542446606435,3,1,0.1441329650183523,0,Debt Consolidation,0,27,4,59035,4449,63484,47676,4578.583333333333,0.9575784024211084,4,15808,0.2255279999999999,0.2440996070450579,750.6246768370478,0.3240357483581998,0,53.0
2050-02-09,56,84929,627,Unemployed,Doctorate,33,14221,36,Divorced,1,Mortgage,195,0.4891710719758305,7,1,0.2646898272002558,0,Home,0,21,14,3499,703,128316,42148,7077.416666666667,0.9135176570820632,5,86168,0.185721,0.2003641938150679,528.7672500343007,0.1022643266777144,1,40.0
2050-02-12,27,164923,630,Self-Employed,Doctorate,6,30386,120,1,0,Own,368,0.4683986485431742,2,0,0.1181627119622144,0,Home,0,25,14,6103,1157,48014,5981,13743.583333333334,0.4678541670417651,1,42033,0.270386,0.2452258462617492,681.05876122181,0.0763308036760289,1,39.2
2050-03-06,28,51368,570,Employed,Doctorate,8,29583,24,1,0,Own,281,0.3031167212983899,2,1,0.3265769074156274,0,Education,0,31,19,2739,1418,429369,5399,4280.666666666667,0.8435572733018105,4,423970,0.219583,0.217415856341029,1530.938905348392,0.4232842793992505,1,38.400000000000006
2050-04-11,59,57701,523,Employed,Doctorate,35,25092,60,Divorced,3,Own,183,0.0747816141003062,8,0,0.0495903910028962,0,Debt Consolidation,0,22,18,17144,427,17571,4369,4808.416666666667,0.7390799638579781,5,13202,0.268592,0.2849802112764484,788.8161127834959,0.2021073006256728,0,49.0
2050-06-01,41,34599,580,Employed,Doctorate,21,33677,60,1,0,Other,414,0.6270425516988515,1,1,0.0243220169644612,0,Home,0,20,3,691,1336,35375,14873,2883.25,0.8224217728006342,5,20502,0.2486769999999999,0.2901155828827518,1069.20794600897,0.5144222478137415,0,56.0
2050-06-24,47,26475,574,Employed,Doctorate,23,32083,96,Widowed,2,Own,310,0.2896998030192508,4,1,0.1072033470478182,0,Home,1,27,11,2633,532,50683,11195,2206.25,0.7462660129985121,9,39488,0.280083,0.3009554894839195,886.8793836135184,0.5424949047540026,0,58.0
2050-06-28,39,44906,604,Employed,Doctorate,20,19724,24,0,0,Rent,366,0.1824785412626257,3,2,0.2292983869446501,0,Home,0,12,27,6146,3392,34941,11706,3742.1666666666665,0.8098397565614319,6,23235,0.1927239999999999,0.1560947829294418,962.0720440612182,0.354893878963493,1,39.2
2050-07-14,36,164269,588,Employed,Doctorate,16,19618,60,Widowed,3,Mortgage,318,0.0684631265907274,9,1,0.3785406532611418,0,Home,0,21,14,7001,5618,28567,14181,13689.083333333334,0.6912125316956318,1,14386,0.230618,0.2502866356540456,576.1439778328753,0.0653180316066604,1,40.8
2050-09-10,51,20674,641,Employed,Doctorate,30,19246,60,0,2,Mortgage,302,0.2361911433850327,4,1,0.2112373299975237,0,Education,0,22,23,1376,4724,23329,110320,1722.8333333333333,0.4714788983220634,4,8860,0.2037459999999999,0.1951404379310045,504.71127829563534,0.4682468481932681,0,51.0
2050-09-29,52,69332,579,Employed,Doctorate,29,16058,60,Divorced,2,Mortgage,346,0.162148532234383,7,0,0.2857741487362155,0,Auto,0,25,10,19151,591,19742,6376,5777.666666666667,0.6896639436784253,5,13366,0.2315579999999999,0.2256580324573975,448.6857097951754,0.137544402549214,1,40.8
2050-11-12,39,22501,638,Employed,Doctorate,19,12122,24,Divorced,2,Mortgage,384,0.2534794305850478,2,1,0.6140551896860931,1,Other,1,32,12,1297,907,33041,109819,1875.0833333333333,0.7877123414069851,6,7798,0.168122,0.1882167578680287,610.0035333856603,0.5301116572875838,0,75.0
2050-12-17,60,51670,592,Unemployed,Doctorate,33,16477,36,0,0,Rent,340,0.2283180648208041,1,2,0.1455462806722634,0,Debt Consolidation,0,18,8,8349,1814,23977,58102,4305.833333333333,0.7876050024355488,6,2270,0.205477,0.2094456611541386,620.3032170974687,0.2230237779208365,0,54.0
2050-12-23,60,110909,510,Self-Employed,Doctorate,40,23834,120,Divorced,1,Other,422,0.1407924875875423,2,0,0.2905656698632748,1,Home,0,28,27,3465,961,231916,35640,9242.416666666666,0.7969988125889419,2,196276,0.323834,0.3336088692793498,688.2276484652825,0.120123089934842,0,61.0
2051-01-01,32,60718,556,Employed,Doctorate,11,24086,24,1,0,Rent,601,0.506872241558977,3,2,0.600666576877293,0,Auto,0,20,13,7275,7005,21442,20503,5059.833333333333,0.8411884116000738,3,1788,0.2210859999999999,0.2617811396906016,1299.787531687268,0.3756620834060281,0,59.0
2051-01-05,59,85691,691,Employed,Doctorate,41,41149,12,0,3,Rent,640,0.0637700481726696,2,1,0.304135950389348,0,Education,0,31,12,3459,1046,111757,12254,7140.916666666667,0.8498192342088474,2,99503,0.160649,0.1575979509598189,3728.808272053255,0.6117993635812286,0,44.0
2051-01-10,32,32810,639,Employed,Doctorate,8,14668,60,0,0,Other,466,0.0201450216835094,2,0,0.2179230541430467,0,Auto,0,26,27,2746,575,35856,12860,2734.1666666666665,0.9245829401043986,4,22996,0.200168,0.2115734198450726,398.1180325731518,0.316044388627791,0,49.0
2051-01-29,41,25968,554,Employed,Doctorate,21,31254,72,Widowed,1,Mortgage,812,0.0791502277990415,2,1,0.175092640808131,0,Home,0,20,3,1867,2423,121027,10428,2164.0,0.7563102688503809,4,110599,0.269254,0.2177677066982936,781.1560675290148,0.7362089036640549,0,50.0
2051-01-31,39,77804,600,Employed,Doctorate,18,10140,48,1,1,Mortgage,493,0.5562453830428278,2,3,0.1939303891212753,0,Education,0,27,27,947,622,34493,7778,6483.666666666667,0.8851076824366885,2,26715,0.20514,0.2270686753791316,323.3755732535471,0.1259126378983415,1,38.400000000000006
2051-02-01,30,44916,611,Employed,Doctorate,10,23143,48,1,2,Rent,448,0.5723983190132519,1,2,0.2757813989708443,0,Auto,0,27,26,568,4955,47258,4253,3743.0,0.9811645193602306,4,43005,0.212643,0.2266623348554902,737.5415534103412,0.3167356541304679,0,51.0
2051-02-24,64,67280,657,Employed,Doctorate,40,46133,36,Divorced,0,Mortgage,598,0.2230471694342513,2,2,0.0478296070014361,0,Auto,0,28,3,741,287,38202,70294,5606.666666666667,0.9234248924412688,2,5418,0.202633,0.1949098086786983,1702.5260397567392,0.4103197454976348,0,47.0
2051-03-08,30,47984,522,Employed,Doctorate,6,15715,36,0,4,Mortgage,512,0.1917972516208981,3,2,0.1878257234928539,0,Debt Consolidation,0,26,14,4680,892,34649,18643,3998.6666666666665,0.5904077152126359,0,16006,0.239715,0.2494631727155282,624.3795683460553,0.2841896219605007,0,50.0
2051-04-19,48,67775,611,Employed,Doctorate,25,13227,60,1,0,Other,799,0.2909644483699745,1,1,0.415912177768514,1,Auto,0,20,1,9598,348,40238,67883,5647.916666666667,0.8521496676195132,10,7548,0.212727,0.2196515031579215,365.05331277580177,0.2061031317345572,0,69.0
2051-05-01,33,108906,618,Employed,Doctorate,13,11928,12,1,0,Mortgage,304,0.3684749386274599,2,2,0.0439813962191545,0,Home,0,22,26,2254,428,19726,9613,9075.5,0.9205764241089248,5,10113,0.167928,0.1789475718178051,1092.9616127854022,0.1539266831343068,1,36.8
2051-05-08,40,15000,544,Employed,Doctorate,20,18301,72,0,1,Own,184,0.2273671158706646,3,0,0.1415410202953114,0,Auto,0,29,20,942,1033,100685,23735,1250.0,0.7162276005964936,5,76950,0.261301,0.2900667221285504,538.9045802868715,0.5783236642294972,0,50.0
2051-05-30,24,35714,577,Self-Employed,Doctorate,1,15068,72,0,0,Other,397,0.2258214437905117,1,2,0.7876801530476264,0,Auto,0,25,10,4119,12982,17101,8736,2976.1666666666665,0.7857713552574054,4,8365,0.241568,0.2898816,443.525149587655,0.282418709611129,0,62.0
2051-05-31,45,64498,637,Employed,Doctorate,23,14511,96,Divorced,3,Other,345,0.2136965995754678,2,2,0.0169509914959722,0,Home,0,36,28,63604,1988,65592,11837,5374.833333333333,0.7371420756348903,6,53755,0.231011,0.2152267701317893,317.97159203684186,0.1233473767317142,1,36.0
2051-07-25,24,15000,596,Employed,Doctorate,3,12349,60,1,3,Own,515,0.4312927283908558,4,1,0.4397679888569473,0,Auto,0,21,17,450,587,208707,16591,1250.0,0.9192833843119602,5,192116,0.219349,0.2275220995770687,346.36831448376444,0.6890946515870116,0,55.0
2051-08-21,47,85344,584,Employed,Doctorate,21,19533,60,0,0,Mortgage,641,0.3780646606838274,4,0,0.3112773623070325,0,Home,0,25,17,1661,405,50375,58348,7112.0,0.8399338967562859,5,8750,0.232533,0.2639761194820198,589.4339058810554,0.1730081419967738,0,53.0
2051-09-25,47,107965,612,Employed,Doctorate,23,30017,84,Divorced,1,Mortgage,471,0.1660140196060456,3,1,0.3051969030564776,0,Education,0,21,5,2043,590,46774,45700,8997.083333333334,0.7665802002202566,5,1074,0.249017,0.2431071559257472,746.6010859669578,0.1353328674255869,1,40.8
2051-10-08,48,39040,610,Employed,Doctorate,23,72257,48,Divorced,2,Rent,349,0.5940031025313017,3,1,0.1626993234054256,0,Debt Consolidation,0,18,3,13887,2802,128352,33091,3253.333333333333,0.8602791329151921,3,95261,0.2622569999999999,0.2123896951230667,2246.7860542544367,0.7978850576601751,0,50.0
2051-10-22,39,15651,610,Unemployed,Doctorate,18,16509,48,1,2,Other,543,0.1823815939243153,4,1,0.1441368207195969,0,Home,0,19,3,5586,6619,12205,11047,1304.25,0.7578324880838087,3,1158,0.206509,0.2074498641420098,508.95095227199255,0.8065562217918286,0,54.0
2051-11-20,42,23037,638,Employed,Doctorate,20,12722,120,1,1,Mortgage,551,0.0900522894271803,13,0,0.2396308688872325,0,Education,0,29,7,3426,1658,60464,98345,1919.75,0.7484135707355059,4,10294,0.248722,0.252944615617772,292.0617945910513,0.4391518659153803,0,51.0
2051-12-27,47,57788,638,Employed,Doctorate,25,23517,96,Divorced,2,Rent,749,0.1158396714172573,7,1,0.325910874296184,0,Home,0,20,15,789,3585,122754,14316,4815.666666666667,0.9229142699917664,4,108438,0.239517,0.2596642393059938,583.6231407185195,0.2767266160556211,0,46.0
2052-01-11,37,48319,632,Employed,Doctorate,15,49393,36,1,2,Rent,292,0.2315903220068777,5,0,0.5476009794129248,0,Home,0,24,12,7286,77,56852,10898,4026.5833333333335,0.6073024848241813,4,45954,0.218393,0.2259186761794408,1901.498306754152,0.5447542308625969,0,56.0
2052-02-25,41,103396,608,Employed,Doctorate,18,18051,60,0,1,Mortgage,943,0.1244359515788005,4,2,0.0594948943054174,0,Home,0,18,26,2954,237,27184,36765,8616.333333333334,0.972396197165484,4,5014,0.219051,0.2373698831044758,516.5385122191738,0.1693920668752184,1,36.0
2052-02-28,37,79156,647,Employed,Doctorate,16,23611,84,1,2,Mortgage,658,0.5188639294543256,1,0,0.4636744570213599,0,Other,0,22,9,1982,3665,79970,42301,6596.333333333333,0.7244043900561263,7,37669,0.225111,0.2113940596732133,540.6287280908944,0.1817113641049413,0,55.0
2052-04-11,38,45003,604,Employed,Doctorate,14,55933,24,1,4,Own,149,0.1128638677312041,11,1,0.2237054904630421,0,Debt Consolidation,0,22,21,4016,3155,18224,65365,3750.25,0.7866050903842637,4,8884,0.2289329999999999,0.1850976542350373,2806.200950578144,0.7880010534172772,0,49.0
2052-04-19,55,287147,640,Employed,Doctorate,28,17712,24,1,1,Rent,556,0.6121497762278885,2,1,0.4069956704789126,0,Education,0,27,20,9287,642,190893,70695,23928.916666666668,0.6369869489074097,6,120198,0.172712,0.1851081359702716,888.6334434239209,0.0603718698822799,1,39.2
2052-05-23,37,151229,477,Employed,Doctorate,13,56295,84,1,0,Mortgage,962,0.241494944790594,3,0,0.2106589203826324,0,Auto,0,25,28,3823,1831,22090,20685,12602.416666666666,0.7237722853904147,4,1405,0.342795,0.2925144814212964,1581.4028352480511,0.2018186592715458,1,40.0
2052-05-24,34,73986,610,Employed,Doctorate,10,19735,120,1,2,Rent,310,0.2871500420115676,3,2,0.111897584991997,0,Debt Consolidation,0,27,24,2258,844,75253,24895,6165.5,0.9167707200106476,3,50358,0.269735,0.2651990399475458,470.27278928055,0.1265546653605628,1,36.0
2052-06-07,58,93308,691,Employed,Doctorate,34,25735,36,0,3,Rent,507,0.0545067252703897,3,1,0.3644694464346518,0,Home,1,21,20,4391,1081,130661,4067,7775.666666666667,0.6607815035951157,3,126594,0.165235,0.1785881800065645,928.5602628739708,0.1846221455232954,1,38.400000000000006
2052-07-31,63,87617,648,Employed,Doctorate,40,21338,84,Divorced,4,Mortgage,304,0.1442614582768555,0,0,0.3992433059712268,0,Other,0,26,28,28497,4117,32614,11305,7301.416666666667,0.8168297701704674,3,21309,0.222338,0.1971269650493827,470.1514606258171,0.1060275691647717,1,39.2
2052-08-01,38,46211,653,Employed,Doctorate,16,36900,36,1,2,Other,468,0.5952379834426957,4,1,0.2056075799090836,0,Debt Consolidation,0,24,20,756,312,8145,12393,3850.9166666666665,0.6175427831509863,8,9562,0.1954,0.2047684828232648,1380.3181422811322,0.4799683561786931,0,48.0
2052-08-04,40,23176,533,Self-Employed,Doctorate,17,54931,36,1,3,Other,383,0.4640455953938511,2,1,0.0950320117402516,0,Education,0,31,22,784,1808,174500,15923,1931.3333333333333,0.8642400449700917,4,158577,0.273431,0.2575339816520566,2205.9944515497405,1.3405218078441874,0,52.0
2052-08-09,35,64765,541,Self-Employed,Doctorate,10,36954,72,Widowed,1,Rent,695,0.3539049767026592,1,2,0.2519604015623402,0,Education,0,19,29,1171,1532,358988,1612,5397.083333333333,0.5293388281967742,4,357376,0.281454,0.245377371714013,984.9800678321548,0.311275547193482,1,39.2
2052-08-25,59,65027,623,Employed,Doctorate,36,13732,60,0,0,Own,1436,0.3536249381871948,2,1,0.3603604912764197,0,Debt Consolidation,0,23,16,1092,376,301560,33681,5418.916666666667,0.7347131413395421,4,267879,0.207232,0.2352912659457083,391.2975153296672,0.3372071629316438,1,36.0
2052-08-29,47,117312,626,Employed,Doctorate,23,24155,48,1,3,Rent,673,0.0594197128342291,1,2,0.2697637782145635,0,Home,0,16,8,4093,806,56712,29283,9776.0,0.7751040666881481,2,27429,0.206155,0.1856205492725442,716.667065894018,0.1421508864457874,1,38.400000000000006
2052-08-30,35,55771,593,Employed,Doctorate,13,8583,48,Divorced,3,Own,702,0.6062110667542728,4,0,0.635095294305166,0,Debt Consolidation,1,17,28,1915,190,60474,20559,4647.583333333333,0.8787594401794748,1,39915,0.207083,0.2354175872132789,277.65165342346546,0.2107873238973944,0,66.0
2052-09-06,36,33690,591,Employed,Doctorate,11,11043,60,Divorced,2,Mortgage,358,0.4677613843727939,4,2,0.2151606253504749,0,Education,0,23,16,3852,1742,93743,48848,2807.5,0.7656297435799667,7,44895,0.220543,0.2625859726081566,332.3253194226013,0.2458861333651295,0,54.0
2052-09-15,47,53801,621,Employed,Doctorate,27,21303,60,Divorced,1,Mortgage,839,0.1108401436707659,2,1,0.4734641878693931,0,Auto,1,17,12,2589,574,187517,9995,4483.416666666667,0.7821919063546396,6,177522,0.215803,0.1890315916460567,551.4770384789808,0.3101378127125475,1,43.2
2052-10-14,51,64177,616,Employed,Doctorate,26,22652,72,1,5,Own,214,0.2511786040416405,7,1,0.3052256672206693,0,Home,0,33,17,1290,648,64450,210206,5348.083333333333,0.7761320716723464,4,1384,0.229652,0.19401237428678,534.7462494879978,0.1400027267378651,1,40.8
2052-12-19,47,57502,650,Self-Employed,Doctorate,24,15777,60,1,1,Mortgage,392,0.4323979123096051,3,0,0.3948172192338413,0,Auto,0,13,24,2138,2605,139499,73116,4791.833333333333,0.8615463575301141,4,66383,0.1957769999999999,0.1918607034530357,410.8810687856191,0.1675519603740292,1,40.0
2052-12-25,55,131888,595,Unemployed,Doctorate,34,24665,72,1,1,Mortgage,152,0.0826986739052764,3,0,0.545888531804006,0,Education,0,19,6,2493,1233,50135,20218,10990.666666666666,0.8461062031611101,3,29917,0.242165,0.2056841041062095,598.9511976754902,0.0683262644979519,1,48.0
2053-01-25,35,37988,574,Employed,Doctorate,10,16354,60,Divorced,0,Rent,333,0.3377385880818512,1,0,0.2804764406127535,0,Debt Consolidation,0,29,7,4466,3347,84826,200220,3165.6666666666665,0.6706950316371929,5,2860,0.234354,0.2057830249084757,438.5600714447084,0.2437275154611062,0,54.0
2053-02-20,45,70337,676,Employed,Doctorate,23,13175,60,Divorced,2,Mortgage,268,0.3879701126058884,1,0,0.4164688784845978,0,Auto,1,26,24,3331,2900,6231,13292,5861.416666666667,0.5363517179782867,10,5148,0.1801749999999999,0.1712585705642621,328.3249344710035,0.1017373390058154,1,44.8
2053-04-23,39,41981,555,Employed,Doctorate,14,23915,60,1,0,Rent,293,0.0601620548116505,2,2,0.1543528290356186,0,Home,0,25,19,10984,2112,154565,13145,3498.4166666666665,0.8289914652180423,5,141420,0.251415,0.2691430817550525,729.027996312595,0.2921401575891746,0,46.0
2053-05-20,18,49001,515,Employed,Doctorate,0,25476,60,Divorced,0,Mortgage,241,0.3922402976968724,3,1,0.2640070969319485,0,Education,0,27,9,12597,1769,80802,35726,4083.4166666666665,0.8845235458950277,1,45076,0.272976,0.2719693810845854,780.9195052858851,0.2502608939293202,0,54.0
2053-06-28,28,105382,495,Unemployed,Doctorate,7,13599,24,1,4,Own,271,0.2455739169922114,3,2,0.1900082072218656,0,Education,0,33,7,4910,980,377812,11287,8781.833333333334,0.91912929733832,10,366525,0.2410989999999999,0.2620128832845754,734.0215394670698,0.1144432490710447,1,37.6
2053-06-29,59,32919,680,Employed,Doctorate,40,24046,24,0,2,Rent,268,0.4557020796733291,4,1,0.2261291523806915,0,Education,0,24,23,1601,1745,43036,15275,2743.25,0.8874387874888079,6,27761,0.159046,0.1638919209985826,1181.8434378908933,0.5285130549132938,0,48.0
2053-07-08,37,68226,515,Employed,Doctorate,13,22981,24,1,3,Mortgage,651,0.1471808820602859,4,7,0.2367201009953548,0,Education,0,33,25,6783,1086,7869,12855,5685.5,0.732206038137997,5,8755,0.240481,0.2478616841241789,1224.0667228259992,0.3297980340912847,1,40.8
2053-08-18,63,156723,641,Employed,Doctorate,37,31914,36,1,1,Rent,341,0.1232460721046077,1,0,0.3217542581136792,0,Home,1,26,8,15572,1020,221376,10735,13060.25,0.727550241404002,6,210641,0.196414,0.1915632841479181,1172.364214511644,0.1158755930791251,1,40.8
2053-10-03,45,114951,624,Unemployed,Doctorate,23,10864,12,Divorced,1,Mortgage,481,0.5112965268330525,0,1,0.085060624542937,1,Other,0,22,22,19186,1167,300355,3547,9579.25,0.8784440959710074,9,296808,0.163864,0.1556811895755336,983.4810783180512,0.152880557279333,1,44.8
2053-10-10,68,92963,551,Unemployed,Doctorate,45,15516,72,0,3,Own,115,0.3860058673993126,2,0,0.1971812156995126,0,Auto,0,26,9,2236,1148,43952,6953,7746.916666666667,0.8132966303914229,5,36999,0.255016,0.2433263993548779,411.6259287725919,0.067978778065156,1,42.400000000000006
2054-01-19,19,53180,569,Employed,Doctorate,0,67376,36,0,3,Mortgage,495,0.2986707482843164,2,2,0.1857247534838519,0,Education,0,27,1,961,963,69221,51580,4431.666666666667,0.7819899180401892,7,17641,0.267876,0.2713037732159549,2755.3545223304486,0.7334384029327826,0,54.0
2054-04-12,33,32701,578,Employed,Doctorate,9,14662,96,1,1,Other,375,0.4667715509641774,5,2,0.2469896641720622,0,Debt Consolidation,0,26,28,1109,875,40457,64158,2725.083333333333,0.804540179702552,4,10408,0.260662,0.2429746170623385,347.61447425698253,0.2651715143599213,0,54.0
2054-05-06,41,95263,668,Employed,Doctorate,16,38989,60,Divorced,0,Mortgage,812,0.3785116140331072,6,3,0.4493013061987068,0,Debt Consolidation,0,27,9,10907,2770,83796,6987,7938.583333333333,0.8136565814471683,5,76809,0.2099889999999999,0.1944710244862481,1021.0121137420412,0.2308991462047646,1,38.400000000000006
2054-05-09,37,64690,619,Employed,Doctorate,12,66719,48,1,4,Rent,156,0.3811218792127069,4,0,0.1820151175109503,0,Debt Consolidation,0,22,20,2050,236,147922,145778,5390.833333333333,0.977662254023562,5,2144,0.252219,0.2364742508580355,2162.177732723518,0.4300221485961079,0,47.0
2054-05-14,41,20447,661,Employed,Doctorate,20,28353,48,0,1,Rent,341,0.3119990977092189,5,2,0.1903441934262011,0,Auto,0,23,9,5493,1096,14053,15908,1703.9166666666667,0.7857794421809677,4,2442,0.192853,0.1765816689857753,827.8134290573998,0.6859569202664839,0,47.0
2054-05-22,60,44619,657,Employed,Doctorate,40,14289,60,1,3,Mortgage,233,0.6019877438955723,1,1,0.2119033287739622,0,Auto,0,24,25,3062,639,35531,7521,3718.25,0.9101341642041154,8,28010,0.190789,0.1693862048115551,354.64703908439355,0.1580439828102988,1,39.2
2054-05-26,57,107899,596,Employed,Doctorate,36,14513,24,1,1,Rent,440,0.2500082450372023,2,1,0.2104872331533851,0,Home,0,27,21,8987,254,74213,34884,8991.583333333334,0.759848054094819,1,39329,0.191513,0.1741776043218944,720.4722089239765,0.1290620534674808,1,40.8
2054-06-03,33,196309,575,Employed,Doctorate,11,23719,72,1,2,Own,173,0.6629578397101575,4,1,0.1854182498572,0,Education,0,22,19,1362,503,53370,21121,16359.083333333334,0.8601223084483345,4,32249,0.2512189999999999,0.210114179354734,582.1281932842024,0.0461595663948694,1,40.0
2054-06-23,56,35166,658,Employed,Doctorate,33,10415,96,1,1,Mortgage,203,0.103851480920193,3,1,0.4165326836266987,0,Debt Consolidation,0,30,14,3366,1225,46146,20601,2930.5,0.844233793617068,3,25545,0.216415,0.2352833656528478,241.67666306148087,0.1517408848529196,0,50.0
2054-07-04,68,110912,619,Employed,Doctorate,48,27342,36,Divorced,1,Other,149,0.653540015598877,4,1,0.3907372154589361,0,Other,0,20,11,4183,5185,46178,25968,9242.666666666666,0.6946281392148852,10,20210,0.202842,0.2434104,1077.606755785236,0.1327113483610685,1,41.6
2054-08-05,52,57312,645,Unemployed,Doctorate,31,15472,24,1,0,Rent,537,0.3988377621754713,2,1,0.2367558747784878,0,Home,0,34,27,2757,521,118811,36585,4776.0,0.8856607477880135,0,82226,0.1679719999999999,0.1703530025823406,765.2331666666257,0.2726618858179702,1,40.0
2054-08-12,42,49819,488,Employed,Doctorate,19,17659,84,Widowed,4,Other,595,0.298394237167451,4,2,0.3029935143265995,0,Auto,0,28,25,21363,2600,50612,10025,4151.583333333333,0.7759237873486067,5,40587,0.298659,0.257281711574888,455.2324799257519,0.2529715522011486,1,44.0
2054-08-29,32,86560,594,Unemployed,Doctorate,11,16693,36,0,0,Rent,212,0.2537087852490692,2,0,0.2814845011770854,0,Debt Consolidation,1,31,21,3179,187,64796,20142,7213.333333333333,0.9398097456966406,6,44654,0.2046929999999999,0.2222174200258453,639.4297463877919,0.1180355470962742,1,48.0
2054-09-19,31,79205,544,Employed,Doctorate,5,7397,48,1,2,Mortgage,236,0.3469732618332211,4,1,0.644430683531212,0,Debt Consolidation,0,19,24,3695,490,7466,32356,6600.416666666667,0.903689566889504,6,10370,0.230397,0.2333964739208837,238.46334625851756,0.0718838476750484,1,46.400000000000006
2054-09-29,29,16520,579,Self-Employed,Doctorate,7,27967,24,1,1,Own,180,0.3171684657794438,2,0,0.473475891838466,0,Home,1,27,9,665,359,7037,24797,1376.6666666666667,0.7639777934124606,6,7134,0.213467,0.1809087423525158,1397.455655356605,1.1458515656343375,0,68.0
2054-10-15,18,31612,533,Employed,Doctorate,0,35808,48,1,5,Own,533,0.3957330476528032,3,0,0.101151105024601,0,Education,0,26,17,745,1612,177453,31492,2634.333333333333,0.850795303265094,6,145961,0.264308,0.2726332461345255,1232.9378920769536,0.670354761006056,0,47.0
2055-01-04,34,37165,581,Employed,Doctorate,12,6258,36,1,1,Mortgage,301,0.4677192467465712,1,0,0.1828655672942445,0,Debt Consolidation,0,28,3,7099,1367,62715,17580,3097.083333333333,0.9000432872510854,8,45135,0.200758,0.2103633421960081,235.8873328258533,0.1733525627313396,0,55.0
2055-01-05,72,29312,572,Employed,Doctorate,46,11957,48,1,2,Rent,849,0.2431465436166102,5,3,0.2280087552725909,0,Home,0,22,21,2241,112,29753,87567,2442.6666666666665,0.656243888213148,5,10764,0.220957,0.1986752747992128,363.0124437659,0.4961841336377866,0,54.0
2055-01-16,46,129833,556,Employed,Doctorate,27,30047,24,0,1,Own,396,0.0713242048967346,1,2,0.3303782891681591,0,Other,0,32,21,11544,2092,130838,64242,10819.416666666666,0.7850555811454708,4,66596,0.2270469999999999,0.2163921664194683,1553.4347617203307,0.1801792852406088,1,39.2
2055-02-20,31,37387,652,Unemployed,Doctorate,7,30470,60,0,0,Rent,274,0.1410405606462539,6,0,0.1516870132445473,0,Auto,0,25,15,7252,9094,93664,1560,3115.583333333333,0.8959600158440046,8,92104,0.20947,0.239139378396046,875.038488705495,0.3688036447017931,0,45.0
2055-03-24,42,105733,679,Employed,Doctorate,19,20871,72,Divorced,0,Rent,365,0.0595817514222108,4,2,0.7754092194564542,0,Debt Consolidation,0,24,1,3413,525,160318,9937,8811.083333333334,0.6868899053462929,3,150381,0.196371,0.1874516562847358,484.8553413305298,0.0964529909864125,1,40.0
2055-05-21,45,38863,671,Employed,Doctorate,25,33563,60,1,0,Other,296,0.0854327657521347,2,0,0.2225140157533839,0,Auto,0,22,23,4516,7314,115215,5394,3238.583333333333,0.5800444291859025,6,109821,0.203063,0.1707124519216958,835.413277677876,0.3493543816003528,1,33.6
2055-06-10,37,37677,608,Self-Employed,Doctorate,14,13417,60,1,2,Rent,141,0.223772420269337,2,1,0.1323964038447923,0,Debt Consolidation,0,21,3,8093,2822,53374,10068,3139.75,0.7390030098759875,5,43306,0.214417,0.2174362960911278,368.6098806668486,0.1623090630358623,0,54.0
2055-06-13,41,31598,604,Employed,Doctorate,17,19472,48,1,1,Rent,519,0.0125819649692672,2,1,0.7345517661607368,0,Other,1,27,22,5646,692,130805,42060,2633.1666666666665,0.8060061987095593,5,88745,0.212472,0.1736256673488158,565.5245736768145,0.4118708425888276,0,59.0
2055-06-25,49,61057,584,Employed,Doctorate,24,19641,60,1,2,Mortgage,217,0.5568259941232601,1,1,0.3187344606319922,0,Home,0,26,24,17094,1787,26739,34530,5088.083333333333,0.7994996648020068,8,1443,0.232641,0.2197182698972254,542.1484835912873,0.1492012677186145,1,44.0
2055-06-30,29,39174,625,Unemployed,Doctorate,4,15139,36,1,2,Mortgage,590,0.4185297240486841,4,2,0.4588170994854723,0,Debt Consolidation,0,16,12,3701,973,31621,25996,1832.25,0.6357382577558932,7,5625,0.187639,0.1797789684585292,547.143268990962,0.6206266988625799,0,58.0
2055-07-25,21,67731,512,Employed,Doctorate,0,48388,72,1,2,Mortgage,846,0.0975561789481958,6,1,0.2554856139332663,0,Debt Consolidation,0,25,15,5163,446,134864,272302,5644.25,0.8982428400334987,2,10163,0.307388,0.3334729402890687,1561.6929911531008,0.4265744768841034,0,51.0
2055-07-27,32,38990,578,Employed,Doctorate,9,16239,12,1,0,Mortgage,492,0.1816768185597196,3,0,0.1954933380164799,0,Education,1,25,26,654,1415,13215,19281,3249.1666666666665,0.8235461054807784,3,6996,0.192239,0.2044651639846441,1507.764215674258,0.6154698791508361,0,56.0
2055-08-06,39,93074,659,Employed,Doctorate,15,76358,108,Widowed,1,Rent,641,0.2948494892711264,7,1,0.3730664988133914,0,Home,0,26,18,2632,1326,12179,24618,7756.166666666667,0.7984503874170611,4,5001,0.2918579999999999,0.2951244687601394,2024.7474726595049,0.3436939389293901,0,47.0
2055-08-20,32,40947,623,Employed,Doctorate,7,12781,48,1,2,Mortgage,519,0.2086784757098855,7,2,0.3221122619114129,0,Debt Consolidation,0,22,21,2949,334,290410,14747,3412.25,0.6039553341122978,2,275663,0.196281,0.1680039300421173,367.47772946609206,0.2597927260505801,1,36.8
2055-08-26,39,41616,554,Employed,Doctorate,13,38965,96,1,3,Own,374,0.7443601987259859,2,0,0.2243961256227629,0,Home,0,27,28,586,1111,63695,19117,3468.0,0.6419949904308853,7,44578,0.296965,0.3177151953702498,1123.0377355972544,0.4316717807373859,0,55.0
2055-08-30,29,42194,538,Employed,Doctorate,8,13500,36,1,2,Mortgage,304,0.4514631363110075,3,2,0.3904528747908485,0,Debt Consolidation,0,16,18,4154,1255,12905,20342,3516.1666666666665,0.8401750643854042,7,4815,0.2295,0.1965786666900222,499.3580727585886,0.2284755385387274,1,44.8
2055-09-13,41,76472,640,Employed,Doctorate,21,30001,48,Divorced,0,Mortgage,575,0.4204454374905271,1,1,0.6560359241902991,0,Other,0,21,19,6987,1463,386496,62800,6372.666666666667,0.6029706818984006,4,323696,0.205001,0.1952199643094398,905.3181749283472,0.2322917943710137,1,40.0
2055-09-24,67,300000,631,Employed,Doctorate,45,33117,84,Divorced,1,Own,719,0.2325279474338124,3,1,0.2636706211424319,0,Auto,0,23,12,4569,792,31861,194006,25000.0,0.9232834199452344,7,1395,0.242617,0.2647461691711203,869.7195878164885,0.0635487835126595,1,37.6
2055-09-29,53,80227,614,Employed,Doctorate,28,9565,36,0,3,Other,289,0.6036355709991166,4,3,0.4224560069893852,0,Auto,1,21,2,1739,581,55733,11256,6685.583333333333,0.7188351248668855,2,44477,0.1875649999999999,0.2198415263635694,365.21327235623926,0.0978543291943469,0,64.0
2055-10-17,34,91708,569,Employed,Doctorate,10,25340,48,1,2,Rent,594,0.2421624036663199,0,1,0.197348348324988,0,Debt Consolidation,0,28,7,1367,2384,34270,40602,7642.333333333333,0.9280671092137126,3,6928,0.23584,0.2355936244636881,819.9698282621634,0.1850180784571243,0,50.0
2055-12-29,18,29620,636,Employed,Doctorate,0,19731,48,0,1,Mortgage,470,0.092505141060516,0,0,0.1864196875358772,0,Debt Consolidation,0,19,6,6035,1872,39331,10188,2468.333333333333,0.8357965869278308,3,29143,0.196731,0.2018251678925285,602.3418717328237,0.4344396509383485,0,50.0
2056-01-04,49,34642,509,Employed,Doctorate,28,20742,84,1,5,Mortgage,300,0.2880817219785122,7,3,0.2187716909829987,0,Home,1,28,24,2203,1140,16079,15219,2886.833333333333,0.8289673569982369,3,9008,0.291242,0.3018360045449434,595.6386285722745,0.3102495105036456,0,59.0
2056-01-25,30,43377,634,Employed,Doctorate,5,14862,48,1,2,Rent,247,0.1988861949847605,6,3,0.1942841682518222,0,Auto,0,21,13,10278,3529,75675,53531,3614.75,0.9254584498897392,1,22144,0.192862,0.1854384243852339,440.806079452651,0.1902776345397747,1,37.6
2056-01-31,55,35138,574,Employed,Doctorate,32,35344,36,1,1,Other,730,0.2953218719692259,3,0,0.5001493951997306,0,Education,0,23,13,7215,2014,64892,80119,2928.1666666666665,0.9491150252154098,6,2689,0.233344,0.2192928280492493,1348.5106899854716,0.7098334646202306,0,59.0
2056-03-13,44,39229,592,Employed,Doctorate,18,16519,72,1,2,Own,160,0.2326998450796244,3,0,0.1262911431205625,0,Other,0,18,6,8451,342,109384,27679,3269.083333333333,0.6666113935356938,5,81705,0.235519,0.2677526368348694,463.13762689278354,0.1906153999009254,0,51.0
2056-03-16,33,18425,579,Unemployed,Doctorate,8,29108,24,0,1,Own,271,0.0718615643104541,3,1,0.2491705160616125,0,Debt Consolidation,0,18,14,2952,661,22924,19151,1535.4166666666667,0.957389412034955,7,3773,0.214608,0.2159665257005818,1504.2777321113556,1.1562188757305978,0,56.0
2056-05-18,45,67455,659,Employed,Doctorate,24,29548,60,1,0,Own,451,0.1884031889505615,1,0,0.0932076109729541,0,Other,0,24,22,7745,1006,14728,4555,5621.25,0.6121238105892415,8,10173,0.205048,0.1992206988860157,781.5605813938632,0.2192680598432489,1,34.4
2056-05-30,57,132636,702,Employed,Doctorate,37,14967,36,Divorced,0,Rent,315,0.310746520911411,4,1,0.5026552094972059,0,Other,0,22,3,8522,159,14050,11006,11053.0,0.9641556385697054,3,3044,0.148967,0.1518455776053406,520.1896907959116,0.0755622628061079,1,40.0
2056-06-03,19,55276,584,Employed,Doctorate,0,45777,48,1,5,Rent,342,0.7713648588351028,2,0,0.1717804253021185,1,Home,0,15,15,7781,5303,29278,23529,4606.333333333333,0.7703809742649946,4,5749,0.248777,0.2669540933001421,1561.4405405053556,0.4132224923305642,0,64.0
2056-06-28,65,56917,598,Employed,Doctorate,42,12335,36,Widowed,1,Rent,432,0.0567381974550224,1,0,0.222726359722361,0,Auto,0,29,12,27887,221,188389,8227,4743.083333333333,0.7731637849137873,5,180162,0.198335,0.1969820754363683,456.51823483763775,0.187329248169293,1,37.6
2056-07-24,32,35613,623,Employed,Doctorate,11,13661,60,1,0,Rent,1063,0.118498459261572,6,0,0.1891230962115901,0,Home,0,27,19,3635,952,32594,169972,2967.75,0.8722008733472294,3,8641,0.207161,0.2002216881372089,362.10147543343743,0.4801959314071055,0,47.0
2056-07-31,36,53700,579,Unemployed,Doctorate,10,42198,60,0,2,Mortgage,408,0.2484508680654836,2,0,0.5774679235243159,0,Debt Consolidation,0,24,21,765,5994,262321,13757,4475.0,0.9767368116828434,3,248564,0.257698,0.2630213929895362,1270.986905873861,0.3751926046645498,0,57.0
2056-08-17,53,49520,611,Employed,Doctorate,31,15657,60,0,4,Mortgage,257,0.2698050718604134,4,0,0.1753272470776449,0,Home,0,20,14,5315,9255,190101,62002,4126.666666666667,0.9494867159240584,4,128099,0.215157,0.2235321094075847,435.57946909760665,0.1678302429154135,1,35.2
2056-08-21,37,75011,629,Self-Employed,Doctorate,15,41485,60,1,0,Own,823,0.3670730821173089,1,4,0.081370111515352,0,Education,0,14,14,1005,427,53296,81664,6250.916666666667,0.471078930512439,7,6681,0.231985,0.2462450497213612,1208.5241273483316,0.3249961942672405,0,50.0
2056-11-05,18,45047,609,Employed,Doctorate,0,22228,60,1,1,Mortgage,288,0.3916941782520537,4,0,0.2602607377491586,0,Education,0,28,18,6923,1309,69985,20053,3753.9166666666665,0.864047802114852,14,49932,0.2227279999999999,0.2264069647569987,622.0377088473754,0.2424235244559794,0,50.0
2056-12-04,35,52332,545,Self-Employed,Doctorate,10,22085,48,1,0,Mortgage,237,0.0595126096860316,4,0,0.0812971003990048,1,Auto,0,22,21,19795,409,61489,170460,4361.0,0.6557724742127279,6,10073,0.244585,0.2162396803113492,691.3109996532905,0.2128665442910549,0,64.0
2056-12-06,57,51900,605,Employed,Doctorate,32,42776,72,1,2,Mortgage,384,0.3820841263488683,0,2,0.3545289298882088,0,Debt Consolidation,0,19,14,1123,673,32855,4267,4325.0,0.755388208487996,3,28588,0.255276,0.2371672659026264,1118.8120538889643,0.3474709951188356,0,51.0
2056-12-25,51,37299,626,Employed,Doctorate,28,7946,36,0,2,Rent,311,0.255316483373966,1,1,0.1660360336800349,0,Education,0,22,22,12490,101,13870,49071,3108.25,0.7527370545005605,10,4274,0.179946,0.1811852593714723,287.7396124390191,0.1926291683226957,1,38.400000000000006
2057-01-05,49,141302,488,Employed,Doctorate,25,19743,48,1,1,Own,423,0.5487514985880999,3,3,0.2323435500520452,0,Debt Consolidation,0,26,15,4416,255,40879,7482,11775.166666666666,0.6930633024612474,5,33397,0.270743,0.2955145012246007,705.7249940615702,0.0958563921865143,1,40.8
2057-01-09,50,183824,564,Employed,Doctorate,25,20350,72,Divorced,1,Own,530,0.5018351132721353,5,1,0.3201763639683126,0,Debt Consolidation,0,33,28,8261,651,76274,109994,15318.666666666666,0.9882918560687284,2,7384,0.2533499999999999,0.2614551999902675,562.5621747477376,0.0713222761825052,1,42.400000000000006
2057-01-28,23,50548,559,Employed,Doctorate,2,18128,48,1,0,Own,574,0.2438507261879433,4,0,0.2340481060498331,0,Debt Consolidation,1,24,15,1767,819,32003,17043,4212.333333333333,0.8556497939173543,12,14960,0.233628,0.2185978877486005,569.763169493915,0.2715272223218917,0,58.0
2057-01-31,46,128958,651,Employed,Doctorate,24,13969,24,Divorced,1,Own,680,0.0708255587462604,2,0,0.1274585864600153,0,Home,0,26,7,4027,1201,83508,6951,10746.5,0.5362484992264097,5,76557,0.163469,0.163201442976505,686.104424933601,0.1271208695792677,1,32.0
2057-03-07,40,60294,660,Employed,Doctorate,22,22052,60,Divorced,3,Mortgage,873,0.3317958196284921,4,1,0.2340713823567386,0,Education,0,23,28,5410,338,86486,34247,5024.5,0.94891024375276,2,52239,0.197052,0.2100814167776139,596.6816908709903,0.29250307311593,1,35.2
2057-03-11,49,19174,665,Employed,Doctorate,29,21497,84,0,1,Mortgage,340,0.5880118259490128,5,0,0.0667438812879753,0,Home,1,22,18,6213,1265,188620,116522,1597.8333333333333,0.9487287713907132,6,72098,0.213997,0.2327855601094331,520.6909845935128,0.538661302551484,0,51.0
2057-03-16,56,146309,699,Employed,Doctorate,33,21925,72,0,2,Mortgage,299,0.7000498898200368,1,3,0.6641355224941566,0,Debt Consolidation,0,29,29,14532,1055,44068,8859,7502.0,0.8060698983733385,2,35209,0.187425,0.14994,463.532980125856,0.1016439589610578,1,41.6
2057-04-29,22,181836,620,Employed,Doctorate,0,11879,60,Divorced,0,Rent,271,0.1318257730528439,1,0,0.4882661528963885,0,Debt Consolidation,1,23,18,1914,200,116104,5107,15153.0,0.6140455356843135,4,110997,0.206879,0.2195674706082185,327.79299197609294,0.0395164648568661,1,41.6
2057-05-02,32,73351,631,Employed,Doctorate,8,14646,60,Divorced,1,Mortgage,102,0.2107437587888077,4,1,0.2840516114251958,0,Debt Consolidation,0,26,21,1063,2281,51469,22623,6112.583333333333,0.8700335094357063,4,28846,0.204146,0.2049931038982916,392.1096273187566,0.0808348288070384,1,39.2
2057-05-03,35,63947,584,Unemployed,Doctorate,11,23689,36,0,4,Mortgage,422,0.1175844656893928,4,1,0.1220492011700235,0,Home,0,17,6,8219,655,135817,43120,5328.916666666667,0.9664406685058032,7,92697,0.216689,0.2355359442132711,923.8437100413104,0.2525548426117835,0,52.0
2057-05-14,43,115051,619,Employed,Doctorate,20,20096,60,1,1,Mortgage,278,0.1782243177871257,2,1,0.2463306711699832,0,Home,0,19,11,1118,359,149964,85877,9587.583333333334,0.5291860454710445,3,64087,0.215596,0.2346127285392337,571.8541995153141,0.0886411277970966,1,36.0
2057-06-11,44,121604,642,Employed,Doctorate,19,13163,36,1,1,Mortgage,446,0.2659844176281551,2,1,0.2302277896137333,0,Other,0,23,3,319,463,78548,18072,10133.666666666666,0.7426125989647488,6,60476,0.177163,0.1703492513809794,469.52567943658994,0.0903449570181826,1,38.400000000000006
2057-06-27,36,15000,605,Employed,Doctorate,14,13026,72,Widowed,4,Rent,806,0.1558633581655265,1,1,0.2006983335244707,0,Other,1,15,21,1396,329,84500,2160,1250.0,0.9384328794326168,6,82340,0.225526,0.227582778916546,333.18142165994215,0.9113451373279536,0,54.0
2057-09-03,45,101703,655,Self-Employed,Doctorate,22,16009,60,1,2,Other,347,0.1288036888544718,1,2,0.0737221554592923,0,Home,0,29,16,613,8066,162895,23914,8475.25,0.8214384734684765,3,138981,0.193509,0.2185683264885939,440.8490117659471,0.0929587931643251,1,32.800000000000004
2057-09-11,47,164692,536,Employed,Doctorate,22,24120,120,Widowed,1,Mortgage,280,0.3759923946440712,5,0,0.3671287293736245,0,Home,0,29,8,1689,669,412667,33404,13724.333333333334,0.5780139722787483,3,379263,0.31112,0.3196266627412593,671.079355461839,0.0692987653653004,1,37.6
2057-09-22,25,15000,594,Employed,Doctorate,3,15972,24,0,0,Own,395,0.2791430334282375,5,4,0.3385991094815401,0,Home,0,19,3,855,2112,15521,17181,1250.0,0.6869494056214508,3,7495,0.193972,0.2007103259020785,813.4621068017668,0.9667696854414136,0,59.0
2057-10-18,21,48563,562,Employed,Doctorate,3,24806,48,1,2,Mortgage,309,0.1873849870424903,4,3,0.3336856420497506,0,Auto,0,22,3,11809,1862,67763,16646,4046.9166666666665,0.8321395203143481,5,51117,0.238806,0.2466135557874059,817.8174086281282,0.2784385005773436,0,55.0
2057-10-20,28,93631,618,Employed,Doctorate,2,15384,36,1,3,Rent,281,0.4154068079449691,1,2,0.2546577916863504,0,Education,0,29,18,499,5771,76857,15043,7802.583333333333,0.7839880863808006,3,61814,0.191384,0.1634490644777751,543.4790495770739,0.1056674455567588,1,37.6
2057-11-25,25,21873,477,Employed,Doctorate,2,10906,72,1,1,Rent,248,0.4201071928539256,7,0,0.1564509243966464,0,Auto,0,26,1,7157,2427,9584,18611,1822.75,0.9283285600713562,4,3688,0.287406,0.2977050693329311,326.4860869444607,0.315175469452454,0,57.0
2057-11-30,48,141468,605,Employed,Doctorate,23,47831,72,Widowed,1,Rent,352,0.0310826541211868,2,1,0.6918430137815363,0,Home,0,21,7,2964,894,514504,78190,11789.0,0.900113101018178,4,436314,0.260331,0.2629462440871538,1326.68832664438,0.1423944631982678,1,37.6
2057-12-01,26,44134,584,Employed,Doctorate,6,48528,12,Widowed,0,Own,496,0.1354387239651883,0,3,0.3549144623615638,0,Home,0,25,13,4014,729,140251,124480,3677.8333333333335,0.7551039750507696,5,15771,0.221528,0.1900407590849225,4472.268828003962,1.3508683993303925,0,54.0
2057-12-10,28,25408,618,Unemployed,Doctorate,6,13548,24,0,0,Mortgage,469,0.6325367160436371,5,1,0.2618493319923277,0,Home,0,35,14,34616,467,69824,29146,2117.333333333333,0.8849220978347507,3,40678,0.179548,0.1816720361676926,677.4667707024304,0.5414673035433393,0,56.0
2057-12-14,54,53366,682,Employed,Doctorate,31,8877,36,Widowed,0,Mortgage,419,0.403617091491873,1,0,0.0699962437439828,0,Debt Consolidation,0,22,12,5936,229,27740,933,4447.166666666667,0.6658119296348232,9,26807,0.1528769999999999,0.1561746410364689,310.4150754245838,0.1640179309878013,1,36.0
2057-12-26,18,28474,550,Employed,Doctorate,0,13964,84,1,2,Own,331,0.4451029006896652,8,1,0.0387841613700551,0,Education,0,22,25,2708,577,12228,222867,2372.833333333333,0.8092466979712372,6,3931,0.263964,0.3079625073515027,406.7765600479697,0.310926414292886,0,53.0
2058-01-11,61,150716,628,Employed,Doctorate,39,23724,24,1,0,Rent,322,0.1261095652730242,5,2,0.2033626610889468,0,Home,0,20,15,3747,2805,143505,73076,12559.666666666666,0.8118802928896294,8,70429,0.184724,0.1793530983790369,1183.6579906220773,0.1198804100922591,1,35.2
2058-03-15,54,168131,617,Employed,Doctorate,33,13106,60,0,5,Own,527,0.1194960658349436,4,1,0.3849180108436744,0,Home,0,26,13,6507,3705,17519,6906,14010.916666666666,0.8001365087276531,6,10613,0.209606,0.2194265373838286,361.5462667068599,0.0634181394298631,1,38.400000000000006
2058-04-26,67,97519,627,Employed,Doctorate,46,45813,24,1,3,Mortgage,495,0.4662217830699562,3,1,0.1804779070480797,0,Debt Consolidation,1,17,20,5024,1214,51382,11016,8126.583333333333,0.7584820355752706,4,40366,0.207313,0.2197958568860933,2376.2320752592464,0.3533135584153955,0,53.0
2058-05-06,20,115239,590,Employed,Doctorate,0,81408,12,1,2,Rent,516,0.3334153405870274,3,0,0.5114585805802271,0,Auto,0,19,12,483,4605,53306,42146,9603.25,0.8485527340997953,7,11160,0.251408,0.2808775431744377,7859.855079618855,0.8721896315954343,0,57.0
2058-06-17,27,52646,500,Self-Employed,Doctorate,4,15123,72,0,0,Mortgage,981,0.1928544129874071,4,2,0.3250292251869268,0,Home,0,30,8,5276,429,122316,13296,4387.166666666667,0.806856964822319,2,109020,0.280123,0.3020647914062336,456.9777746248594,0.3277691238745263,0,53.0
2058-07-12,18,16086,607,Employed,Doctorate,0,15623,96,1,2,Other,392,0.2224724396785352,2,1,0.1825944520248352,0,Debt Consolidation,1,19,21,3621,1134,16932,5163,1340.5,0.6529587718675474,4,11769,0.2471229999999999,0.2481145669883853,375.6978873177321,0.5726951789017024,0,55.0
2058-07-27,30,66014,518,Employed,Doctorate,9,13145,36,1,3,Other,184,0.3271452339762276,3,0,0.2029530855461087,0,Education,0,17,5,889,367,55849,15090,5501.166666666667,0.9516507572696012,5,40759,0.239145,0.2391162181466036,515.1060711614643,0.1270832377062073,1,43.2
2058-07-28,42,63041,617,Self-Employed,Doctorate,18,17703,60,1,2,Other,273,0.1251529693644285,2,1,0.3707475268647379,0,Education,0,23,11,4574,1418,274351,26421,5253.416666666667,0.8655302257815253,4,247930,0.214203,0.2570436,526.9421156729666,0.1522708299055471,1,39.2
2058-08-08,29,25405,590,Employed,Doctorate,5,28193,12,0,2,Other,329,0.269107156609401,3,1,0.5289371649025918,0,Home,0,32,14,12594,648,257275,7890,2117.083333333333,0.4360809792778281,4,249385,0.198193,0.2041356135235215,2617.2280869502024,1.3916448354025752,0,56.0
2058-08-21,56,63118,676,Employed,Doctorate,34,26439,72,1,0,Mortgage,250,0.2847375914289014,4,0,0.1056941596212179,0,Home,0,24,5,6304,476,91255,5103,5259.833333333333,0.65066008767821,9,86152,0.2034389999999999,0.2306789952545128,681.171483190269,0.1770344085408794,0,44.0
2058-09-05,38,45686,572,Employed,Doctorate,15,14531,60,1,2,Mortgage,422,0.1144498920390361,4,0,0.304466744208795,0,Debt Consolidation,0,26,18,409,1382,88786,44303,3807.1666666666665,0.6877155492139565,4,44483,0.233531,0.2440613793950155,421.4598356065281,0.2215452879936597,0,54.0
2058-09-06,29,31228,637,Employed,Doctorate,6,15123,48,1,0,Own,400,0.1689786809290952,2,0,0.26286587228245,1,Home,0,24,12,1561,414,138947,16375,2602.333333333333,0.9639679132791434,4,122572,0.191623,0.2051320501807705,464.3436165624788,0.3321417765706976,0,57.0
2058-10-18,33,29174,572,Employed,Doctorate,7,21539,48,0,1,Other,396,0.0396240940139266,6,2,0.4176339054714467,0,Home,0,29,10,718,3551,93459,74223,2431.1666666666665,0.4620095518894285,3,19236,0.230539,0.2148553968860599,672.6079153141151,0.4395453137646322,0,57.0
2058-11-23,42,74230,516,Employed,Doctorate,19,27298,24,0,3,Mortgage,302,0.1670771990907661,4,0,0.6911535865006866,0,Auto,0,18,11,3862,1161,554388,35556,6185.833333333333,0.5534418783691633,3,518832,0.244298,0.2478010739192376,1453.9257567549062,0.2838624421535615,1,39.2
2058-12-11,46,63057,636,Unemployed,Doctorate,24,45889,48,1,3,Mortgage,253,0.3487877931120481,2,0,0.1430905353349799,0,Auto,0,20,25,7051,1643,82832,20940,5254.75,0.9320459476467076,2,61892,0.222889,0.2025548930833206,1402.6730777475182,0.3150812270322124,0,48.0
2059-01-06,25,45860,616,Employed,Doctorate,0,27217,96,0,4,Mortgage,312,0.6090812283163612,2,3,0.3636583031525521,0,Home,0,21,13,6334,1011,32978,29762,3821.6666666666665,0.4549957316561716,6,3216,0.254217,0.2523118796017342,662.086226636478,0.2548851879554674,0,54.0
2059-02-18,26,74071,582,Employed,Doctorate,5,45588,60,1,0,Rent,420,0.3989237481529187,2,0,0.195584413112749,0,Debt Consolidation,0,21,19,5146,2189,48894,40156,6172.583333333333,0.6813679912477637,3,8738,0.259588,0.2473803464396496,1331.0757477592513,0.2836860441078292,0,50.0
2059-03-12,39,103432,652,Employed,Doctorate,19,32871,72,0,0,Rent,536,0.2476151336297985,3,3,0.1055373579682482,0,Debt Consolidation,0,16,6,2847,6841,137163,13058,8619.333333333334,0.9317051004120694,4,124105,0.2218709999999999,0.2032351757271926,793.5297277469775,0.1542497170407971,1,32.800000000000004
2059-03-21,37,48894,604,Employed,Doctorate,15,28363,60,1,4,Own,247,0.2611529654861655,6,1,0.5161974470066901,0,Debt Consolidation,0,22,4,2084,357,23187,145540,4074.5,0.692913406273808,9,4965,0.2313629999999999,0.237907236844134,812.5041486240584,0.2600329239474925,0,59.0
2059-04-14,18,20165,615,Employed,Doctorate,0,32710,36,0,0,Rent,188,0.3057782093333603,5,0,0.1541057529450773,0,Home,0,28,27,932,295,81955,30516,1680.4166666666667,0.9840059113296664,8,51439,0.2102099999999999,0.2437213953070185,1289.7066414825729,0.8793691890796367,0,47.0
2059-04-25,18,51578,477,Employed,Doctorate,0,27362,24,1,1,Own,344,0.3429723062949465,8,1,0.2352082915290393,0,Auto,0,28,2,3773,2932,49923,1982,4298.166666666667,0.8945244567617318,4,47941,0.263862,0.2228628513059376,1423.3613615057502,0.4111895835059327,0,56.0
2059-04-28,54,49826,655,Self-Employed,Doctorate,35,29378,48,Divorced,3,Mortgage,604,0.2318652185315418,4,3,0.1859368796669108,0,Home,0,18,12,2202,499,87804,43072,4152.166666666667,0.8654804407434084,4,44732,0.196878,0.2347314763489766,949.2401374760192,0.3740794294085864,0,48.0
2059-05-02,38,61627,619,Employed,Doctorate,16,22578,84,0,4,Own,712,0.1589638119816326,5,1,0.451622733044851,0,Debt Consolidation,0,21,28,4479,1295,180588,63552,5135.583333333333,0.9267584827966546,7,117036,0.238078,0.2508755397813288,572.7506297008221,0.25016644581774,1,38.400000000000006
2059-06-18,43,34825,604,Employed,Doctorate,22,15018,24,0,3,Own,1028,0.2755567410305675,2,1,0.3644354593503302,0,Debt Consolidation,0,30,11,3300,2519,62094,12207,2902.083333333333,0.8389643258290621,8,49887,0.188018,0.2023671452353774,766.0909557758644,0.6182079388172397,0,52.0
2059-08-08,38,59958,460,Unemployed,Doctorate,14,46708,60,0,0,Rent,387,0.327509138875234,5,0,0.4438968231267355,0,Other,0,30,26,989,713,83130,93839,4996.5,0.955917214070798,3,10508,0.321708,0.2879246641445786,1476.7033822289293,0.3730017776901689,0,59.0
2060-01-31,23,57180,622,Employed,Doctorate,0,35245,12,0,1,Mortgage,234,0.2723659703756386,4,2,0.1744513751044946,0,Auto,1,27,11,1677,572,8456,63345,4765.0,0.8926869558070121,0,1831,0.189245,0.1720711941450031,3217.9768142062035,0.7244442422258559,0,53.0
2060-02-17,49,41234,667,Employed,Doctorate,28,16796,36,1,2,Rent,354,0.0561847767882206,3,0,0.0567922263207369,0,Auto,0,24,6,3915,8896,88816,15858,3436.1666666666665,0.7034684174300849,7,72958,0.168296,0.1544741249155384,585.9255878736751,0.2735389982656085,0,44.0
2060-02-23,35,190637,645,Employed,Doctorate,14,24288,84,Divorced,1,Rent,265,0.5041159959369154,1,0,0.5141052890506929,0,Education,0,18,25,1531,1012,286146,102674,15886.416666666666,0.97417615576934,2,183472,0.226788,0.1814304,512.5195836825673,0.048942414138865,1,40.0
2060-02-26,59,92922,665,Employed,Doctorate,36,80250,36,0,0,Own,294,0.1303057374590822,3,2,0.242026368874355,0,Home,0,21,24,1311,158,155885,15354,7743.5,0.7606487692846273,3,140531,0.2327499999999999,0.2641385993012228,3251.040505209816,0.4578085497785001,0,40.0
2060-04-18,51,33664,581,Employed,Doctorate,31,22303,48,0,2,Mortgage,520,0.2546674092963836,5,1,0.1849313375626475,0,Home,0,18,25,1054,5726,34987,73011,2805.333333333333,0.9311113253787696,3,5512,0.226803,0.2248287381759494,708.5397924947708,0.4379300591117291,0,51.0
2060-05-10,46,26437,651,Employed,Doctorate,22,9983,72,Divorced,0,Own,1084,0.5621110416285607,4,0,0.473594033663255,0,Debt Consolidation,0,32,24,7229,522,112520,144390,2203.083333333333,0.8269920409585734,4,4529,0.199483,0.1780933635493366,226.61548616301425,0.5949005497581484,0,53.0
2060-06-28,42,78310,466,Employed,Doctorate,17,45631,60,1,0,Mortgage,449,0.080443414220079,6,0,0.3056260682432838,0,Home,0,17,11,3628,990,8684,28958,6525.833333333333,0.6057247399878747,5,8115,0.317631,0.3673793018426936,1670.566166180695,0.3247962456157367,0,53.0
2060-07-21,41,35012,653,Employed,Doctorate,20,11013,48,1,3,Own,169,0.1051646416037314,4,0,0.2565109133789228,0,Debt Consolidation,0,17,24,2427,1691,102661,11288,2917.6666666666665,0.8535438829769526,3,91373,0.179513,0.1784747347502165,322.6297762853686,0.1685010086662979,1,35.2
2060-09-14,18,15000,597,Employed,Doctorate,0,11184,36,1,0,Own,543,0.2322562263614085,3,1,0.1813451300810379,0,Education,0,29,8,689,1065,10977,43556,1250.0,0.8373397048592287,3,8320,0.197684,0.1772027284153071,402.7607300464467,0.7566085840371574,0,53.0
2060-09-21,31,40908,618,Employed,Doctorate,11,12974,60,1,2,Own,454,0.278826726242339,1,1,0.4830926627231688,1,Home,0,17,8,2421,220,124016,23554,3409.0,0.9199871823515045,4,100462,0.208974,0.1706550740958412,322.8944776563771,0.2278951239825101,0,63.0
2060-09-27,31,67131,540,Employed,Doctorate,7,25472,48,Divorced,2,Own,741,0.3161150719660675,4,2,0.121731875392076,0,Debt Consolidation,0,13,2,8462,560,201304,14257,5594.25,0.9283168009044844,5,187047,0.250472,0.2277705594276466,813.3068811677716,0.277840082436032,0,50.0
2060-11-27,42,75881,628,Employed,Doctorate,17,16699,96,0,3,Mortgage,469,0.3103591784932295,2,0,0.184243224156115,0,Home,0,22,15,11356,1699,140447,34389,6323.416666666667,0.90902368975018,7,106058,0.237699,0.2235975622795083,374.8572801415784,0.1334495771233766,1,34.4
2060-12-01,33,46163,520,Employed,Doctorate,12,30499,60,0,0,Mortgage,203,0.4347153522119671,2,1,0.2509209739428513,0,Home,0,16,11,7476,3920,70392,33677,3846.9166666666665,0.7721390725404107,3,36715,0.275499,0.2665330706898191,924.9874645508298,0.2932185857637059,0,54.0
2060-12-15,33,38966,608,Employed,Doctorate,10,17515,48,1,1,Own,471,0.2388470867376741,4,1,0.3782237768510657,0,Auto,0,26,10,5558,126,685672,48473,3247.1666666666665,0.947886601404506,7,637199,0.208515,0.2181858164772366,550.1053265519215,0.3144603992871492,1,35.2
2061-02-04,23,146944,588,Employed,Doctorate,2,19380,36,1,3,Own,505,0.2328921834790506,5,2,0.5590404108620977,0,Education,1,28,23,1041,1111,93858,19425,12245.333333333334,0.8305063357051728,6,74433,0.21038,0.2378107967360585,758.1068276024015,0.1031500566966246,1,48.0
2061-02-12,51,157764,642,Self-Employed,Doctorate,29,21441,48,0,4,Rent,467,0.3238998108839235,1,0,0.0420484897826548,0,Debt Consolidation,0,25,1,710,725,27175,10313,13147.0,0.8023108179874411,7,16862,0.195441,0.2345292,692.5470680937747,0.0881986056205807,1,41.6
2061-02-13,33,82281,624,Employed,Doctorate,10,97756,36,Divorced,1,Own,269,0.1020313133026331,4,0,0.1525824144961496,0,Other,0,19,17,11868,698,38273,12955,6856.75,0.954594710465639,6,25318,0.270756,0.2593457481142897,3935.2437167620888,0.613154003975949,0,45.0
2061-03-14,28,28773,555,Self-Employed,Doctorate,6,70732,48,1,0,Mortgage,100,0.2910789787056499,5,0,0.2501286090670906,0,Other,0,27,11,703,203,46510,13850,2397.75,0.8775248890281281,7,32660,0.288232,0.2840468463365982,2481.5683245171017,1.076662839961256,0,57.0
2061-03-30,36,33581,661,Employed,Doctorate,15,11217,48,Divorced,2,Other,385,0.3656192542734578,3,1,0.5009311270485036,0,Debt Consolidation,0,25,17,2628,500,9614,11887,2798.4166666666665,0.6207926524056707,3,5552,0.175717,0.162821956148997,319.51642516079056,0.2517553706539259,1,42.400000000000006
2061-05-20,50,208583,586,Employed,Doctorate,30,9780,36,0,3,Mortgage,600,0.333111592597171,3,2,0.3255420524431081,0,Auto,0,24,10,1504,517,38715,8705,17381.916666666668,0.7848039492619086,4,30010,0.20178,0.1954474492825824,361.19520756052566,0.0552985741442318,1,41.6
2061-08-09,28,51537,536,Employed,Doctorate,7,31049,36,0,0,Rent,455,0.1382565792831195,3,0,0.3411218104761472,0,Debt Consolidation,1,27,13,1446,356,13052,11879,4294.75,0.80405436867217,9,1173,0.248049,0.2618564355208191,1254.0560070811418,0.3979407432519103,0,59.0
2061-08-11,38,105376,595,Employed,Doctorate,13,20223,48,Divorced,1,Mortgage,283,0.2020604615182414,5,1,0.2224146112251789,0,Auto,1,25,22,1311,15030,113375,10250,8781.333333333334,0.6645407385159774,7,103125,0.217723,0.2230936319994841,640.5487449288411,0.105171812738632,1,42.400000000000006
2061-08-14,39,107417,617,Employed,Doctorate,16,52114,36,0,2,Mortgage,342,0.0960974089336005,4,0,0.2924844006773525,0,Home,0,23,17,3619,2984,33621,86322,8951.416666666666,0.6478504121992569,8,2178,0.228614,0.1828912,1891.6130028113469,0.2495262019395082,1,37.6
2061-08-25,35,98594,650,Employed,Doctorate,11,14248,36,1,3,Rent,908,0.2181124641362972,7,0,0.2340511198090618,0,Auto,0,33,20,5136,1967,318321,6677,8216.166666666666,0.7591613673509174,5,311644,0.174248,0.1718114964682176,509.2655230319879,0.1724971730164498,1,31.200000000000003
2061-09-19,53,43675,602,Employed,Doctorate,32,34883,48,Divorced,2,Mortgage,444,0.3770811931022779,3,0,0.096669533118443,0,Home,0,18,5,1163,2210,108859,89991,3639.5833333333335,0.675911840399433,5,18868,0.228883,0.2391866318053689,1135.6818537949932,0.4340282139791624,0,50.0
2061-10-18,54,142654,670,Employed,Doctorate,32,40602,72,0,0,Mortgage,380,0.199932210617113,2,0,0.597257081739417,0,Home,0,17,16,2980,4577,79678,5279,11887.833333333334,0.7619323603510728,7,74399,0.220602,0.2638425889130686,1128.442090336357,0.1268895725604349,1,37.6
2061-10-19,36,88971,613,Employed,Doctorate,13,12902,48,1,3,Rent,502,0.0986848952977045,1,0,0.3863508008052816,0,Education,0,23,10,1932,10917,168801,8521,7414.25,0.9164559691675418,3,160280,0.201402,0.2353474867868138,417.3172840679964,0.123993294543345,1,36.0
2061-11-06,41,66113,570,Employed,Doctorate,16,19689,60,1,0,Mortgage,346,0.1893654420866556,3,1,0.60293440789444,0,Home,1,25,21,893,1831,190599,49048,5509.416666666667,0.8337663129446266,6,141551,0.239689,0.2737487366142391,605.6293182229529,0.1727277815055349,0,59.0
2061-11-11,40,62078,501,Employed,Doctorate,16,25113,60,0,2,Mortgage,390,0.252150522044484,6,0,0.3195941843915493,0,Education,0,27,27,1294,723,18614,25091,5173.166666666667,0.505950867250841,7,4427,0.279613,0.2236904,698.8733080167978,0.2104848689745412,1,43.2
2061-12-24,18,46958,562,Employed,Doctorate,0,36155,84,1,0,Mortgage,789,0.214341911714433,3,3,0.1303573267513547,1,Debt Consolidation,0,14,23,1694,884,38325,9396,3913.1666666666665,0.7723059413027815,6,28929,0.280155,0.2744457095664138,972.3977751801202,0.4501208165203255,0,63.0
2062-01-04,41,56421,589,Employed,Doctorate,17,12789,60,0,0,Rent,181,0.1905892730207147,7,2,0.2199324751696518,0,Home,1,24,27,853,330,102597,42197,4701.75,0.7318292563165834,4,60400,0.223289,0.212476846553327,347.7696779132424,0.1124623125247498,1,44.0
2062-03-10,36,35972,591,Employed,Doctorate,15,29765,60,0,0,Other,825,0.3991407670488937,2,1,0.1797921418624672,0,Auto,0,24,20,908,361,99922,73277,2997.6666666666665,0.8661416074420122,6,26645,0.239265,0.2371455683081588,851.3540904672778,0.5592196454355425,0,51.0
2062-03-20,26,32879,597,Employed,Doctorate,2,16764,48,1,3,Rent,303,0.5331227550206272,1,1,0.1133984523520419,0,Auto,0,19,29,1302,1478,28340,17143,2739.9166666666665,0.7394129539064533,10,11197,0.213264,0.2008707539552684,510.9126550227644,0.2970574488358275,0,52.0
2062-04-04,34,50386,665,Self-Employed,Doctorate,14,10193,36,Widowed,1,Mortgage,617,0.2220771890852217,4,0,0.2209793600541902,0,Home,0,23,15,6531,1023,140011,8158,4198.833333333333,0.8996497280391665,5,131853,0.162693,0.1531568971322832,354.92150986565656,0.2314741816851482,1,36.0
2062-05-09,42,71931,675,Employed,Doctorate,22,19654,60,1,4,Other,319,0.13702653520624,3,1,0.3945243873550265,0,Home,0,29,20,3347,135,49593,6989,5994.25,0.8773427740237256,8,42604,0.187154,0.1615520213018075,479.5693527852741,0.133222563754477,1,37.6
2062-06-29,40,145710,591,Employed,Doctorate,16,20909,72,1,4,Rent,295,0.3492889178977215,4,0,0.0676983340334487,0,Auto,0,15,17,3471,680,37743,95451,12142.5,0.7713149570661006,4,1009,0.240409,0.2331418165877616,541.7954061181283,0.0689145897564857,1,38.400000000000006
2062-08-05,33,206221,562,Self-Employed,Doctorate,7,13683,12,0,0,Own,612,0.1635470725147434,3,1,0.6188431475082149,0,Home,0,25,4,36593,1125,37718,13599,17185.083333333332,0.8415357780857783,6,24119,0.197683,0.2282654638397531,1286.1011719798607,0.1104505072895501,1,48.8
2062-10-22,51,78877,679,Employed,Doctorate,29,39075,36,1,1,Rent,612,0.4116068016797275,4,1,0.4588852219741866,0,Education,0,29,17,9418,3903,73685,22863,6573.083333333333,0.7327048877858101,7,50822,0.184575,0.1620454492357038,1377.7102872135254,0.3027057754042662,1,39.2
2063-01-30,30,59730,519,Employed,Doctorate,10,31463,24,1,0,Mortgage,186,0.2398411046196939,2,0,0.0791312512070057,0,Home,0,26,19,3516,665,49185,69380,4977.5,0.9748515037098062,4,5560,0.246963,0.2248180112488472,1639.7379501763369,0.3667981818536086,0,50.0
2063-02-09,38,66742,612,Unemployed,Doctorate,20,13714,36,1,2,Mortgage,250,0.2587678043570002,4,0,0.0571629059798931,0,Auto,0,26,25,1322,144,26002,81010,5561.833333333333,0.9473815186848304,7,6603,0.192714,0.2240769037429304,526.6407250386758,0.1396375400866637,0,50.0
2063-03-22,37,142825,573,Employed,Doctorate,13,30466,48,Divorced,0,Mortgage,627,0.4293169227402882,3,1,0.0765892320732645,0,Debt Consolidation,0,27,2,1693,1243,62872,31969,11902.083333333334,0.9221980168051712,6,30903,0.238966,0.2068469581708011,938.2417628291794,0.1315098978046571,1,42.400000000000006
2063-03-27,68,52324,587,Employed,Doctorate,47,22574,24,0,0,Own,744,0.5505002284072871,6,1,0.1571091114161575,0,Education,1,12,19,1721,1036,53818,55504,4360.333333333333,0.9339960434746452,5,6068,0.204074,0.1721022286633747,1118.3912402187425,0.4271212996449986,0,57.0
2063-03-29,37,70234,635,Employed,Doctorate,14,13467,72,1,1,Own,415,0.2916205769796058,4,1,0.6923391399834324,1,Debt Consolidation,0,19,27,5754,2275,274475,20074,5852.833333333333,0.8500629710690004,10,254401,0.210967,0.1908912786941859,315.5019164135481,0.1248116723661272,1,48.8
2063-04-14,22,41483,623,Employed,Doctorate,0,30569,84,Widowed,0,Mortgage,472,0.1516822622902362,3,1,0.1396944813143013,0,Other,0,15,8,2991,1235,27270,25213,3456.9166666666665,0.9728448733367894,10,2057,0.244069,0.2235094464342448,722.7464891542585,0.3456104396946003,0,48.0
2063-04-19,25,56961,573,Employed,Doctorate,4,19359,48,1,2,Rent,212,0.2079180225686482,2,1,0.2687392156634172,0,Home,0,28,22,3782,1773,69732,6407,4746.75,0.8678382015505177,8,63325,0.227859,0.1838576695437876,572.5804355430587,0.1652879202703025,1,40.0
2063-05-21,22,54823,485,Employed,Doctorate,1,23187,48,1,0,Mortgage,326,0.4559459660462145,6,0,0.3685318216064323,0,Home,0,22,3,6702,2516,43128,133157,4568.583333333333,0.8403889654794982,3,2065,0.2756869999999999,0.2328695891486641,746.8276880910113,0.2348272122483653,0,58.0
2063-06-20,27,37797,595,Employed,Doctorate,2,9491,36,0,2,Rent,177,0.094347243133842,5,1,0.5448798837705859,0,Other,0,25,4,1836,1784,18200,46673,3149.75,0.7678536546757442,4,4704,0.196991,0.1967586848691965,351.1540518827763,0.1676812610152476,1,48.8
2063-07-01,65,36808,643,Employed,Doctorate,38,15757,60,1,2,Other,459,0.3118336644970358,1,0,0.5797999082130513,0,Other,0,36,21,21981,1153,41605,85400,3067.333333333333,0.9160081122297772,4,6918,0.199257,0.1963113610575698,414.2367290731548,0.2846892183459535,0,56.0
2063-07-12,57,52880,643,Employed,Doctorate,35,15360,12,Divorced,3,Rent,666,0.2521309718355765,0,1,0.024732527185783,0,Debt Consolidation,0,27,24,357,2057,35897,16598,4406.666666666667,0.9595251643797412,4,19299,0.15886,0.1549233381206913,1389.9385927699448,0.4665518743048286,0,47.0
2063-07-17,32,84053,505,Employed,Doctorate,14,46895,108,0,1,Rent,594,0.0412959583563144,3,0,0.3232653451005952,0,Home,0,22,19,4027,469,112876,22659,7004.416666666667,0.7644303704682726,4,90217,0.339395,0.2868933386960068,1215.940654871816,0.2583999126558456,0,50.0
2063-09-30,45,46338,568,Employed,Doctorate,22,9963,48,0,4,Other,715,0.1709551869395511,6,0,0.3496818133159492,0,Home,0,21,2,4181,2185,175101,6951,3861.5,0.6782962722710766,5,168150,0.220963,0.1767704,290.9844415110874,0.2605164939818949,1,43.2
2063-10-13,20,24183,572,Unemployed,Doctorate,0,15116,96,1,1,Rent,605,0.3579697625784984,3,0,0.1969654969450316,0,Auto,0,32,10,7225,1786,27228,6558,2015.25,0.5720252874455284,7,20670,0.264116,0.2112928,327.4545916547175,0.4626992143181825,0,55.0
2063-10-20,41,89220,646,Employed,Doctorate,18,36350,84,1,0,Mortgage,270,0.2201962447001496,6,0,0.5187176697560076,0,Debt Consolidation,0,25,20,978,5322,40598,18356,7435.0,0.7139765266262935,3,22242,0.23835,0.2191083489443321,849.5327078953007,0.1505760198917687,1,43.2
2063-11-26,42,83957,541,Employed,Doctorate,20,16385,72,1,3,Mortgage,276,0.4038406736424391,2,0,0.0941720088712328,0,Education,0,25,27,1015,4513,292557,25729,6996.416666666667,0.9779491428261502,3,266828,0.260885,0.2841081266548939,476.2660901534858,0.1075216251395575,1,35.2
2063-11-28,33,64263,641,Employed,Doctorate,10,45079,48,1,0,Own,171,0.247409849349618,2,1,0.2245586173723044,0,Home,0,18,4,3026,327,28454,9229,5355.25,0.974521424758606,3,19225,0.219579,0.198983588093896,1369.3302864235586,0.287629949381179,0,52.0
2063-12-25,50,15481,591,Employed,Doctorate,26,25478,72,0,3,Rent,315,0.2177270708658356,0,1,0.3412226123539624,0,Debt Consolidation,0,25,22,1278,150,92038,39898,1290.0833333333333,0.8402841600096143,4,52140,0.244978,0.1959824,604.3512983354811,0.7126293895759818,0,54.0
2064-02-24,48,55366,653,Employed,Doctorate,26,20674,36,0,0,Mortgage,200,0.2133735318630116,2,0,0.0067275842604119,1,Debt Consolidation,0,21,5,2819,3182,122301,25445,4613.833333333333,0.805041792642191,2,96856,0.179174,0.1999022476563236,768.2169543653014,0.2098508733226821,0,56.0
2064-04-01,44,112611,572,Employed,Doctorate,19,42737,60,1,3,Mortgage,620,0.5890423328159895,3,0,0.489207761144652,0,Debt Consolidation,0,18,17,631,1675,106684,4553,9384.25,0.8865573254245824,5,102131,0.261737,0.2450463893437503,1242.0065651556852,0.1984182609324863,1,41.6
2064-04-12,39,32939,529,Employed,Doctorate,18,14366,60,1,2,Rent,726,0.4626753894529701,1,1,0.245652293557375,1,Home,0,19,7,5281,676,130528,6483,2744.9166666666665,0.737466783893549,3,124045,0.254866,0.2789182301664293,446.36012009757735,0.4271022630064947,0,63.0
2064-05-05,30,76127,616,Employed,Doctorate,10,39668,36,1,1,Mortgage,685,0.1498491467396859,3,1,0.313870680597467,0,Auto,0,25,13,972,540,45401,57498,6343.916666666667,0.8492387551511105,8,3943,0.216668,0.2396471228238136,1555.5539224792494,0.353181487116936,0,50.0
2064-05-29,55,102123,678,Unemployed,Doctorate,32,32107,36,1,1,Other,518,0.3304672836095804,8,0,0.0750059459058549,0,Education,0,34,15,19728,503,148227,70061,8510.25,0.7027365581873171,2,78166,0.178107,0.2137283999999999,1215.7883403538597,0.2037294251466008,1,35.2
2064-06-07,49,97077,645,Employed,Doctorate,28,15781,36,0,3,Rent,1783,0.252258238938179,1,1,0.4777366415971021,0,Debt Consolidation,0,20,7,1851,1128,212923,299427,8089.75,0.8904143118708503,3,6247,0.178281,0.1645934711985519,558.3986031292038,0.289427807179357,1,42.400000000000006
2064-07-14,52,59020,603,Employed,Doctorate,31,42539,24,1,1,Rent,292,0.1447167795523154,4,1,0.1009901800505827,0,Home,0,27,23,4831,7376,29338,90569,4918.333333333333,0.863604742043028,7,9199,0.2160389999999999,0.1913892919169129,2147.204601677546,0.495941294817529,0,46.0
2064-08-14,38,63788,553,Employed,Doctorate,16,27491,72,1,1,Mortgage,362,0.3074522616212338,3,0,0.2117262136497331,0,Home,0,25,29,1560,595,256061,20950,5315.666666666667,0.7717753846692619,8,235111,0.265991,0.2721614049860799,778.3476378296969,0.2145257988015984,1,38.400000000000006
2064-08-20,20,71488,603,Employed,Doctorate,1,40009,72,0,1,Own,517,0.2506466937454553,5,4,0.1461913826517517,0,Home,0,25,9,3536,205,116372,28806,5957.333333333333,0.6434523501221402,4,87566,0.253509,0.2126497601776446,987.8899696048904,0.2526113422568639,0,46.0
2064-09-18,33,109586,589,Employed,Doctorate,10,41963,36,1,3,Mortgage,351,0.4334697078545877,5,0,0.1616159529168896,0,Education,0,20,23,6002,1545,75794,16572,9132.166666666666,0.9310826686944272,0,59222,0.232463,0.1911314185024716,1540.5980845267084,0.2071357382724116,1,38.400000000000006
2064-09-21,51,90509,565,Employed,Doctorate,33,19588,24,1,3,Mortgage,514,0.2539877642195317,4,0,0.2423612507066168,0,Education,1,29,29,2227,190,91567,29817,7542.416666666667,0.5979393831771239,5,61750,0.2120879999999999,0.2006475051519436,997.56669520344,0.2004088029084541,1,44.0
2064-09-25,22,40531,560,Unemployed,Doctorate,0,35622,36,Divorced,0,Own,592,0.7727796583893051,4,0,0.3631298066884773,0,Home,0,36,21,21199,794,23939,13840,3377.583333333333,0.8810046623079787,4,10099,0.2406219999999999,0.2675150279372297,1449.5310021279438,0.6044354204321464,0,60.0
2064-10-07,38,36128,608,Employed,Doctorate,12,22890,48,1,3,Own,1049,0.2576286035612088,2,1,0.4621595740425808,0,Education,0,19,17,1153,675,50102,57068,3010.6666666666665,0.922217401405124,3,8634,0.21389,0.2144065144596861,714.2411421923614,0.5856646840762937,0,54.0
2064-11-08,34,92673,614,Employed,Doctorate,11,34297,36,1,4,Other,777,0.4364049583425658,2,0,0.2562881511686768,1,Other,0,25,1,516,4404,108832,17341,7722.75,0.9154065099215296,7,91491,0.2122969999999999,0.2194156833328217,1308.7814539474084,0.2700827365831353,0,63.0
2064-12-03,45,52463,603,Employed,Doctorate,23,29252,48,1,1,Mortgage,481,0.2554227142759339,4,0,0.2501480664116939,0,Auto,0,14,23,5418,3063,25119,25325,4371.916666666667,0.778550835208163,4,1544,0.222752,0.1793940711368261,858.3515761119827,0.3063534093235955,1,39.2
2064-12-17,23,95007,612,Employed,Doctorate,0,17295,60,Divorced,3,Rent,237,0.1658385186466227,2,1,0.2007068963708582,0,Debt Consolidation,0,23,25,920,1118,18971,53292,7917.25,0.6720204365283756,6,3005,0.216295,0.2117906282465745,469.6316221155997,0.0892521547400422,1,37.6
2065-01-05,49,69672,647,Employed,Doctorate,28,33261,48,1,2,Own,814,0.3831112030572693,3,2,0.5244877533936841,0,Other,0,22,23,5203,545,14274,62927,5806.0,0.7779783164503068,3,5114,0.204761,0.1753048608086274,968.9004975006998,0.3070789696005339,0,55.0
2065-01-08,30,35519,561,Employed,Doctorate,8,34765,36,0,0,Own,537,0.5497186689801684,4,1,0.5669636060475979,1,Debt Consolidation,0,32,26,5467,1864,24811,9826,2959.9166666666665,0.7609417833959672,4,14985,0.2392649999999999,0.287118,1451.4071352029623,0.6717780799694685,0,72.0
2065-02-17,69,58654,583,Self-Employed,Doctorate,44,10848,48,1,0,Mortgage,512,0.1651755453983889,4,0,0.503076759669796,0,Home,0,24,10,1747,2146,96249,18500,4887.833333333333,0.764309867496944,7,77749,0.214348,0.2307189599694473,348.12181391336213,0.1759720013462056,1,46.400000000000006
2065-02-24,52,35127,577,Self-Employed,Doctorate,29,27959,84,0,0,Mortgage,582,0.4985932838623593,4,0,0.3021317594133013,0,Home,0,21,14,958,4753,26388,22513,2927.25,0.977278378386738,2,3875,0.264459,0.262678291365377,730.508573569008,0.4483759752563013,0,59.0
2065-03-08,30,26330,560,Employed,Doctorate,6,17167,96,1,1,Own,247,0.4343833536834511,2,0,0.3737997651830326,0,Auto,1,17,24,8518,695,49471,56038,2194.1666666666665,0.7465885078062496,3,4957,0.272167,0.2473560318665197,411.9660971070381,0.3003263640442256,0,63.0
2065-04-14,25,76119,602,Employed,Doctorate,1,51802,96,0,4,Own,399,0.0847926228841509,0,1,0.266886037774752,0,Debt Consolidation,0,24,14,1804,4433,297828,240157,6343.25,0.7034908185151659,3,57671,0.285802,0.2662222988571499,1308.424643636885,0.2691718982598645,0,46.0
2065-04-22,57,150401,666,Unemployed,Doctorate,33,30746,48,1,2,Mortgage,432,0.1605159717955267,5,0,0.221938332500672,0,Auto,0,24,4,1183,1139,160485,5088,12533.416666666666,0.8393275535462961,5,155397,0.192746,0.1673891511118663,883.0295260140784,0.1049218709461302,1,36.0
2065-04-24,42,90757,648,Employed,Doctorate,19,29037,60,1,1,Mortgage,238,0.2205822082895126,5,2,0.0161256136196566,0,Education,0,15,26,1048,1375,360516,17451,7563.083333333333,0.6348381782675151,7,343065,0.210037,0.2213537742043044,804.2069584599633,0.1378018610302187,1,32.0
2065-06-03,36,77300,554,Self-Employed,Doctorate,14,20368,36,1,3,Mortgage,484,0.2442492597347819,3,0,0.6346895727219385,0,Debt Consolidation,0,21,10,6754,741,23658,13286,6441.666666666667,0.6666538025355189,9,10372,0.228368,0.2366385477591795,795.5043169194926,0.1986293894312278,1,48.8
2065-06-18,40,101422,665,Employed,Doctorate,19,21499,24,1,2,Own,435,0.3150247123463865,2,0,0.3057976121091739,0,Debt Consolidation,0,26,19,1552,1861,46326,12256,8451.833333333334,0.627399476485081,6,34070,0.1639989999999999,0.1441788785792599,1036.4782980829984,0.1741016700222435,1,37.6
2065-08-03,18,77327,623,Employed,Doctorate,0,65357,48,Divorced,0,Other,362,0.1074258563368521,4,2,0.2457914179205567,0,Auto,0,18,13,7296,393,137347,29294,6443.916666666667,0.654104542632211,7,108053,0.248857,0.2582686898423271,2197.3006890047213,0.3971653920112852,0,44.0
2065-08-09,52,246538,665,Employed,Doctorate,31,30780,48,1,1,Mortgage,485,0.1456070585113801,2,0,0.310263180849709,0,Home,0,15,27,1121,431,529479,8362,20544.83333333333,0.88434641466868,7,521117,0.19328,0.1780877558939818,901.0897598374364,0.0674665857516862,1,29.6
2065-08-17,31,22492,649,Employed,Doctorate,10,17779,48,Widowed,1,Rent,492,0.4202864958599523,2,1,0.2238523541844835,0,Auto,0,23,26,2424,249,16833,36678,1874.3333333333333,0.8064575685911592,2,4850,0.188279,0.1921992261269938,533.6596643984611,0.5472130523200043,0,52.0
2065-09-10,40,85369,610,Employed,Doctorate,16,13435,72,0,0,Own,167,0.2469937276696509,2,0,0.0458445172816105,0,Auto,0,32,9,4337,1460,35678,14565,7114.083333333333,0.9078841419654003,2,21113,0.223435,0.2372006401600481,351.42137382681545,0.0728725472469138,1,37.6
2065-11-07,37,174738,628,Employed,Doctorate,12,17352,48,0,3,Mortgage,533,0.2729292194602847,1,2,0.4171367824457732,0,Auto,0,24,28,1497,2238,9373,42008,14561.5,0.8630043657146932,4,10336,0.198352,0.1824300010123816,511.9209616883029,0.0717591567962299,1,40.8
2065-11-21,26,54895,497,Self-Employed,Doctorate,7,19418,60,1,0,Other,214,0.3837186709236824,3,0,0.0614309864745247,0,Home,0,32,8,3064,606,4671,18528,4574.583333333333,0.7916331557710738,3,10793,0.275918,0.2894944784579287,615.766156884088,0.18138617146569,0,54.0
2065-11-23,28,30342,486,Employed,Doctorate,4,15183,24,0,0,Own,231,0.0303398508217375,1,0,0.3633271827879591,0,Auto,1,18,19,342,2907,57002,78736,2528.5,0.7174488803990672,7,10215,0.2471829999999999,0.2359025932275745,799.6402251738247,0.4076093435530253,0,60.0
2065-12-26,39,134671,602,Employed,Doctorate,16,14863,48,1,4,Own,376,0.0566053410930711,3,0,0.1004473137753434,0,Debt Consolidation,0,26,12,3108,111,64519,13840,11222.583333333334,0.7979937738803068,4,50679,0.208863,0.211312592330374,461.2930932042249,0.0746078748836104,1,33.6
2066-02-10,37,75753,563,Self-Employed,Doctorate,18,21343,72,0,5,Other,348,0.3486339999613321,1,1,0.3192513033106146,0,Auto,0,28,19,1968,1219,211404,43735,6312.75,0.8864340761800181,3,167669,0.254843,0.2712345922367036,603.0392544282516,0.1506537173859651,1,42.400000000000006
2066-02-22,35,15811,597,Employed,Doctorate,11,17129,60,0,3,Rent,635,0.0141470536036259,4,0,0.4085204732755172,0,Auto,0,17,10,10554,3207,93951,64111,1317.5833333333333,0.524780236764125,5,29840,0.223629,0.2344218233546708,487.2361402259701,0.8517382634059605,0,57.0
2066-03-27,51,72169,586,Employed,Doctorate,30,39622,24,0,0,Rent,408,0.4300430632139688,0,1,0.6244429973201289,0,Education,0,23,20,4557,944,96401,133279,6014.083333333333,0.9903575189051316,6,8107,0.2216219999999999,0.2534789466028101,2121.608739508314,0.4206141816306138,0,59.0
2066-05-09,35,36781,633,Employed,Doctorate,13,31179,24,1,0,Rent,304,0.055308855687602,3,0,0.2354233192393381,1,Home,1,18,1,3303,1314,64369,29805,3065.083333333333,0.8320387501370752,2,34564,0.189679,0.1630185382536894,1531.1215453241882,0.5987183204341986,0,71.0
2066-06-04,33,66986,570,Self-Employed,Doctorate,9,6265,12,Divorced,0,Mortgage,331,0.3582583256645007,2,1,0.4647046334841471,0,Debt Consolidation,0,22,12,5609,1837,47603,12743,5582.166666666667,0.918505267151886,4,34860,0.186265,0.2100733758524944,583.3798555493452,0.16380375401714,1,47.2
2066-06-24,43,71130,551,Unemployed,Doctorate,19,30790,24,1,0,Rent,289,0.3149312570162521,3,1,0.387657992061321,0,Education,0,29,7,2771,2364,17621,29024,5927.5,0.9793481144790122,8,8638,0.23029,0.2021403785393516,1570.3030856315731,0.3136740760238841,0,58.0
2066-06-30,54,35772,568,Self-Employed,Doctorate,31,21575,36,1,0,Mortgage,362,0.2911674890711722,4,1,0.0773576707805576,0,Debt Consolidation,0,24,26,11725,286,105769,62421,2981.0,0.8932972004633646,3,43348,0.222575,0.2286726710652182,833.6704012964989,0.4010970819511905,0,54.0
2066-08-29,20,28702,506,Employed,Doctorate,0,21195,24,Divorced,4,Rent,899,0.620589239338294,4,2,0.0950144841554201,0,Education,0,35,6,1764,667,139939,26008,2391.833333333333,0.8091829746692202,6,113931,0.2431949999999999,0.2093168525924948,1088.4078126569484,0.8309140043161932,0,52.0
2066-10-06,50,82814,656,Employed,Doctorate,27,35871,72,Widowed,1,Rent,173,0.5135374721318506,6,1,0.3884314189904135,0,Home,0,27,29,2179,185,18044,379948,6901.166666666667,0.8543182876163591,4,8416,0.2228709999999999,0.2477057105775639,961.2196329459636,0.1643518679855044,0,48.0
2066-10-08,35,56372,594,Employed,Doctorate,10,11038,48,0,1,Rent,192,0.4351451393224257,3,1,0.3135611822653129,0,Education,0,12,10,11865,5264,84193,420276,4697.666666666667,0.8463670854840137,1,8659,0.209038,0.2216764575171291,348.7694769552912,0.1151144845572889,0,55.0
2066-11-25,32,106816,634,Unemployed,Doctorate,11,27998,36,1,1,Rent,726,0.3922176453691162,1,1,0.1325805624788002,0,Home,0,22,6,4061,1008,297744,29989,8901.333333333334,0.8220297163194517,4,267755,0.195998,0.1692084742668957,997.1024893932972,0.1935780208275873,1,36.0
2066-11-30,38,97046,631,Employed,Doctorate,15,39495,60,1,0,Own,346,0.3919459743714785,2,0,0.0797384725775162,0,Home,0,33,17,1313,12861,34521,25033,8087.166666666667,0.9005724659755527,4,9488,0.228995,0.2423784488128134,1141.6498082859414,0.1839519166110019,0,46.0
2066-12-03,25,117928,603,Employed,Doctorate,3,40694,60,1,2,Own,569,0.1475239392034365,1,1,0.2190450876758382,0,Home,0,30,4,679,758,41441,49806,9827.333333333334,0.8540502186673625,5,1420,0.244194,0.2536911281506333,1203.2448603303646,0.1803383278268466,0,50.0
2066-12-08,59,55947,651,Employed,Doctorate,37,99221,60,1,2,Rent,233,0.4962947669498356,3,1,0.2360079624513598,0,Debt Consolidation,0,22,4,4573,2146,64578,23505,4662.25,0.6324969234139765,3,41073,0.278721,0.2821427368264106,3102.166004023262,0.715355462281787,0,50.0
2066-12-29,18,55083,497,Employed,Doctorate,0,26618,60,Widowed,1,Other,767,0.5219466438829865,7,1,0.2154807222019027,0,Education,0,31,24,601,1214,74446,3339,4590.25,0.2700363501513226,3,71107,0.283118,0.3094743426725757,876.7371677777647,0.3580931687332421,0,51.0
2067-01-26,51,47938,482,Employed,Doctorate,29,6576,24,1,1,Mortgage,277,0.2029885503668103,6,1,0.5330274427866486,0,Home,1,17,14,9827,11399,34389,21152,3994.8333333333335,0.7606223169111181,4,13237,0.2405759999999999,0.2886912,363.8655642907072,0.160423604895667,0,65.0
2067-02-05,50,50480,570,Employed,Doctorate,26,50150,72,1,1,Own,188,0.4754136264256843,4,0,0.2232494768030008,0,Other,0,28,27,3146,537,21567,24570,4206.666666666667,0.6741764147960492,6,8827,0.28015,0.2895377523299948,1475.0594121132197,0.3953390044643152,0,53.0
2067-02-13,49,40473,606,Employed,Doctorate,26,30390,36,1,0,Other,464,0.5107901446559217,4,0,0.0840797469211282,0,Home,0,25,8,3398,633,124161,10442,3372.75,0.9309712745951414,1,113719,0.21239,0.196451991802399,1123.9148824390468,0.4708071699470897,0,46.0
2067-03-09,44,38058,639,Unemployed,Doctorate,25,21697,120,1,2,Other,320,0.2095929704798901,1,0,0.219522377614111,0,Home,1,32,12,4310,1407,241287,65280,3171.5,0.9031726236120252,5,176007,0.257197,0.2308383011763568,464.5889571093557,0.247387342616855,0,55.0
2067-04-09,51,184979,623,Employed,Doctorate,27,28113,24,0,2,Mortgage,539,0.2218412980055288,3,1,0.5039758918661715,0,Auto,0,26,2,1752,478,150060,44513,15414.916666666666,0.9768067780233778,9,105547,0.191613,0.1791094174252417,1402.3068476042165,0.1259369018712967,1,42.400000000000006
2067-05-04,39,117140,540,Employed,Doctorate,16,21995,12,0,0,Mortgage,639,0.2455357443663856,9,2,0.2307124850682081,0,Education,0,19,20,731,5548,59889,45372,9761.666666666666,0.6097929930425543,6,14517,0.216995,0.1915649991176671,2028.6271205690423,0.2732757849310954,1,40.8
2067-05-14,50,60980,675,Employed,Doctorate,28,24768,60,1,1,Mortgage,498,0.2144912301672145,5,0,0.0274308808759498,0,Debt Consolidation,0,21,23,714,2021,72958,20586,5081.666666666667,0.6528302831066873,3,52372,0.192268,0.2237724454932597,689.3882463534012,0.2336611832771533,0,42.0
2067-06-06,45,68920,613,Employed,Doctorate,21,10873,36,0,0,Other,151,0.7312607275071966,2,1,0.2035733886875835,0,Auto,0,18,18,1896,150,17022,58931,5743.333333333333,0.8585325894786862,5,2802,0.1893729999999999,0.1771272253024619,391.5198374031243,0.0944607958333936,1,40.8
2067-07-03,41,61415,659,Employed,Doctorate,21,8463,60,0,0,Mortgage,452,0.2426995251806053,7,0,0.2477216612231834,0,Debt Consolidation,0,21,23,4680,173,23883,6615,5117.916666666667,0.8901527295110843,3,17268,0.183963,0.2015465409420728,224.94661671680427,0.1322699568607286,1,36.8
2067-08-15,49,70648,654,Employed,Doctorate,25,34002,36,0,3,Rent,368,0.2237015540008052,2,1,0.5257946136433095,0,Education,0,23,25,12725,762,13487,43737,5887.333333333333,0.940340173776389,4,3194,0.192002,0.1769572430748733,1224.0699304081302,0.2704229300885738,1,41.6
2067-09-11,38,71069,620,Employed,Doctorate,12,26260,96,1,1,Rent,295,0.1500010162948181,1,0,0.1725082323231136,0,Education,0,22,10,5040,4150,195724,19345,5922.416666666667,0.8088209865222163,7,176379,0.25126,0.2433249867701621,623.1915626847709,0.1550366369615057,0,42.0
2067-10-02,46,54512,635,Employed,Doctorate,21,20609,36,1,2,Mortgage,1064,0.2802671843077481,1,2,0.4695491719441176,0,Debt Consolidation,0,16,14,1146,3258,96877,10860,4542.666666666667,0.8554001553632836,7,86017,0.188109,0.1792105519819187,744.2488039054681,0.3980588796387147,0,51.0
2067-10-15,36,139606,536,Employed,Doctorate,14,41018,60,1,2,Rent,297,0.156921683485064,2,1,0.2245826286000996,0,Other,1,16,23,1037,2708,105449,50396,11633.833333333334,0.5788262069905558,4,55053,0.278018,0.2521998110742006,1209.2282925285422,0.1294696467941385,1,42.400000000000006
2067-10-25,44,140585,664,Employed,Doctorate,22,21119,60,1,1,Rent,240,0.1644759528531237,2,0,0.1283734946106034,0,Auto,0,11,28,2560,1004,34407,14546,11715.416666666666,0.9362473227774232,7,19861,0.1941189999999999,0.2034594278415158,563.597236165659,0.0685931417575695,1,32.800000000000004
2067-10-26,35,16054,583,Employed,Doctorate,11,10570,48,1,4,Rent,391,0.3760155821797942,2,0,0.3046921405606294,0,Home,0,22,3,2869,1561,21272,26017,1337.8333333333333,0.8035776575969767,5,7401,0.21407,0.2038701512603085,323.8324838529622,0.5343210294154446,0,59.0
2067-11-14,18,87643,598,Self-Employed,Doctorate,0,20755,24,1,1,Own,678,0.2438885805833521,4,2,0.0443083208176688,0,Home,0,30,2,3348,444,29304,32552,7303.583333333333,0.902142439938714,5,10877,0.1967549999999999,0.1781124886550092,1034.2828632383405,0.2344442152694463,1,44.8
2067-12-23,42,30978,574,Employed,Doctorate,19,11829,72,0,0,Rent,302,0.639888526836565,0,0,0.278355734738949,0,Home,0,27,27,4100,1362,306050,19164,2581.5,0.8956873036967062,4,286886,0.239829,0.2324910450368177,306.0502174666296,0.2355414361675884,1,39.2
2068-01-07,18,31084,609,Employed,Doctorate,0,12448,72,1,1,Rent,366,0.1892053635023758,3,2,0.326942131058142,0,Education,0,19,27,2946,447,119794,209778,2590.333333333333,0.8127630532646382,2,3123,0.2229479999999999,0.2396165407251081,327.4266846192859,0.2676978579150505,0,51.0
2068-01-13,38,16875,602,Employed,Doctorate,14,20581,36,1,3,Mortgage,332,0.5121118220394358,4,1,0.3088480884476086,0,Education,0,20,19,6005,274,70760,27266,1406.25,0.7168879801419323,5,43494,0.2045809999999999,0.2249252814035796,791.2514349618327,0.7987565759728589,0,54.0
2068-01-21,32,42930,602,Unemployed,Doctorate,11,29093,60,1,1,Rent,263,0.4596595731693459,3,1,0.5071704483436894,0,Home,0,29,23,2815,1250,36803,35581,3577.5,0.976952213092668,2,1222,0.233093,0.2094934504076563,786.2346270997247,0.293287107505164,0,60.0
2068-02-02,39,38648,608,Employed,Doctorate,17,19427,60,Divorced,0,Rent,586,0.3210791451425082,1,1,0.2900052884602839,0,Education,0,40,20,3654,1541,186152,14925,3220.6666666666665,0.5992891921991892,6,171227,0.2204269999999999,0.2120308793606987,527.7874357636389,0.3458251197775736,1,36.8
2068-02-09,29,56218,598,Employed,Doctorate,8,28146,60,1,5,Mortgage,861,0.1738245095577571,4,1,0.2964715535533891,0,Auto,0,23,25,8953,3324,84245,11578,4684.833333333333,0.4825752594871226,8,72667,0.234146,0.1873168,725.97357123316,0.3387470713080849,1,39.2
2068-02-11,38,136705,608,Employed,Doctorate,14,13093,36,1,3,Mortgage,307,0.1576251653196148,3,1,0.3642164142897094,0,Auto,0,18,19,2144,969,501386,13141,11392.083333333334,0.9039654448622014,12,488245,0.194093,0.1924566513460074,481.56507499992944,0.0692204447532947,1,33.6
2068-02-24,52,76396,594,Unemployed,Doctorate,26,19445,36,1,4,Rent,768,0.339751140286647,1,2,0.4976438239198045,0,Home,0,22,11,2336,1186,26712,13743,6366.333333333333,0.8097212316672983,4,12969,0.207445,0.1717587105206319,694.9704675604709,0.2297979686204205,1,47.2
2068-03-09,39,118012,584,Employed,Doctorate,18,12631,48,1,1,Other,386,0.0586319168368124,1,0,0.5243804744284694,0,Home,0,31,16,4240,421,9298,93326,9834.333333333334,0.7322750940712615,8,1354,0.215631,0.2466770686277087,416.470141799152,0.0815988348777228,1,44.8
2068-03-16,61,73393,552,Employed,Doctorate,38,13808,60,1,0,Own,591,0.1957715535921845,4,1,0.3037190889247858,0,Auto,0,30,9,1556,1679,92711,29320,6116.083333333333,0.8052948451359937,8,63391,0.2428079999999999,0.2662044007208498,418.5049517903028,0.1650574226627012,0,52.0
2068-05-18,21,68812,512,Employed,Doctorate,0,55018,60,Divorced,2,Rent,602,0.2255021005352301,2,3,0.2330834839914398,0,Home,0,29,25,1237,590,148147,15920,5734.333333333333,0.8728881451375435,4,132227,0.304018,0.2733530135730169,1691.0359764648406,0.3998783891992398,0,48.0
2068-06-07,31,26480,564,Employed,Doctorate,12,33405,12,1,0,Own,612,0.3961219896519395,1,0,0.2789476374835387,1,Home,0,23,4,1299,1316,121295,9934,2206.6666666666665,0.8964081310351598,2,111361,0.216405,0.2409381410004546,3160.280125299743,1.7094925039122704,0,65.0
2068-06-20,29,26399,539,Employed,Doctorate,7,21476,60,Divorced,1,Mortgage,486,0.2195531581419149,3,1,0.5313573088371484,0,Education,0,25,17,2736,69,76096,6821,2199.9166666666665,0.5145344161973087,3,69275,0.256976,0.2408254916085553,618.8502791384765,0.5022236959605182,0,58.0
2068-07-09,30,81479,611,Employed,Doctorate,8,10590,36,1,0,Mortgage,274,0.1296161516801029,5,2,0.1326060515301237,0,Education,1,21,2,1852,1141,31905,23541,6789.916666666667,0.6378156455027364,5,8364,0.1900899999999999,0.1783212910089092,381.9626510785762,0.0966083507768003,1,44.0
2068-07-17,51,144495,612,Unemployed,Doctorate,28,13369,72,1,1,Mortgage,636,0.0655355474907349,1,3,0.2834174869993099,0,Education,0,20,12,1627,4080,30975,30130,12041.25,0.5546217851653156,1,5441,0.2223689999999999,0.2211028262475346,336.7869017726796,0.0807878668554078,1,39.2
2068-07-19,33,50279,577,Employed,Doctorate,10,40055,36,0,0,Own,439,0.0495259462779301,2,1,0.5027261793546486,0,Home,0,32,8,1922,3693,36222,5112,4189.916666666667,0.6948300552260144,3,31110,0.236555,0.2706302736092821,1636.6086864744457,0.4953818540084995,0,58.0
2068-08-25,38,52308,620,Unemployed,Doctorate,14,29182,24,1,1,Rent,455,0.1199981962532416,1,1,0.1618454066100118,0,Other,1,37,11,2391,338,58850,7357,4359.0,0.5670254437938936,4,51493,0.194182,0.2105412639600417,1500.3120023838665,0.4485689383766613,0,53.0
2068-11-29,44,56357,622,Employed,Doctorate,18,19826,48,Divorced,2,Rent,295,0.1159184735073346,2,0,0.0564501793027671,0,Auto,0,30,29,775,1730,12731,4627,4696.416666666667,0.8887356832663407,3,8104,0.203826,0.1945798281635422,597.6017741737505,0.1900601751350321,1,36.8
2068-12-09,37,102728,571,Employed,Doctorate,13,10727,84,0,1,Mortgage,648,0.1468341482571282,2,1,0.1714500067069371,0,Auto,1,29,24,483,504,92356,11189,8560.666666666666,0.6862178627808754,3,81167,0.250227,0.262631574492958,280.240972211283,0.1084309211367436,1,41.6
2069-02-14,54,15000,595,Employed,Doctorate,30,26012,108,1,3,Rent,511,0.2080577499014298,3,1,0.0411039863975674,0,Other,0,18,18,11486,2149,77891,27964,1250.0,0.7237756358323801,3,49927,0.273512,0.2673973237020152,638.7343547644065,0.9197874838115252,0,52.0
2069-02-26,40,83614,632,Employed,Doctorate,15,40534,60,1,1,Own,204,0.5289653362568901,5,1,0.2045351872728338,0,Home,1,24,14,5013,330,76389,31881,6967.833333333333,0.7969960703829312,5,44508,0.229534,0.1912359634620826,1054.2328380054382,0.1805773441775929,1,44.0
2069-03-04,30,58170,627,Employed,Doctorate,9,24962,60,Divorced,3,Mortgage,468,0.3183944618482879,4,0,0.1066774559314028,0,Home,1,16,14,9155,1408,13749,211841,4847.5,0.6624247186461841,5,3260,0.216462,0.2260424809449657,698.0264296793043,0.2405418111767518,0,53.0
2069-05-15,25,36006,566,Self-Employed,Doctorate,2,13992,36,0,2,Rent,198,0.4103347242041035,3,1,0.0961946222395069,0,Home,0,27,20,3669,893,112992,53539,3000.5,0.9060263245738188,3,59453,0.215992,0.1959029831588156,517.0765800065118,0.2383191401454797,1,42.400000000000006
2069-05-23,40,155226,626,Employed,Doctorate,18,12401,96,0,2,Mortgage,444,0.2903189436964016,4,2,0.038954641316805,0,Home,0,29,12,4980,1391,68546,52082,12935.5,0.9638420797034082,5,16464,0.234401,0.215546065763154,271.988303526088,0.0553506477156729,1,36.0
2069-05-29,31,193078,581,Employed,Doctorate,5,17634,48,0,1,Mortgage,676,0.4127230842861118,4,0,0.2831428113877952,0,Home,0,30,18,2402,1183,25371,25559,16089.833333333334,0.8843107203295724,2,7058,0.222134,0.235673935750648,570.6915611828884,0.0774831867649067,1,40.8
2069-06-24,25,87053,507,Employed,Doctorate,6,17118,36,1,5,Rent,126,0.2419978610761487,3,1,0.4832345255089627,0,Other,0,20,14,2428,351,367547,70806,7254.416666666667,0.936129727437508,1,296741,0.248618,0.2144041349975578,648.7990845589283,0.1068037748809017,1,39.2
2069-08-12,80,51166,641,Unemployed,Doctorate,53,26447,60,1,0,Rent,440,0.198761195275033,4,3,0.4311157329570485,1,Auto,0,19,2,2115,3478,222417,43714,4263.833333333333,0.877062833298431,3,178703,0.210947,0.1926893474415176,689.9692722003748,0.2650125330571961,0,67.0
2069-09-01,44,36083,599,Employed,Doctorate,17,16001,84,1,1,Rent,456,0.1162729248265686,3,0,0.1991451023726906,0,Auto,0,14,18,5203,532,5735,29713,3006.9166666666665,0.5820948238091266,3,7928,0.241501,0.2385374451585611,393.35928836164857,0.2824685159310419,0,50.0
2069-09-07,26,131982,591,Employed,Doctorate,7,33229,36,0,1,Mortgage,509,0.2171453288174482,2,2,0.1559286205831112,0,Debt Consolidation,0,19,5,2921,1071,74838,60529,10998.5,0.6998963007600334,5,14309,0.222729,0.2342469456934449,1293.6522136496178,0.1638998239441394,1,40.0
2069-09-11,27,128265,574,Employed,Doctorate,4,62810,60,1,1,Own,293,0.4918501147433844,5,1,0.1589217990563257,0,Debt Consolidation,0,26,10,1022,1699,68445,81079,10688.75,0.8176910995735417,4,10730,0.28081,0.3064521780633475,2057.0797614914622,0.2198647888192222,0,49.0
2069-10-04,30,190682,499,Unemployed,Doctorate,10,23421,60,Widowed,0,Rent,774,0.3492097485295918,6,0,0.1409658846899824,0,Auto,0,22,13,2008,425,75810,22329,15890.166666666666,0.9539064887949422,3,53481,0.278921,0.2316295248074851,662.4436014378607,0.0903982715581666,1,39.2
2069-10-20,40,48631,592,Employed,Doctorate,17,22602,48,1,0,Rent,598,0.8724033514806848,2,1,0.3919334529558673,0,Home,0,25,27,4109,2169,27799,9207,4052.5833333333335,0.7783347247900563,2,18592,0.221602,0.1812066150939112,665.359667141859,0.3117418108963893,1,46.400000000000006
2069-10-24,40,101986,664,Employed,Doctorate,20,56166,120,1,0,Rent,169,0.2407879099925493,5,0,0.1878037046948198,0,Home,0,17,27,1157,2082,90497,17850,8498.833333333334,0.4831584565594236,1,72647,0.279166,0.2669392306997009,1345.405971275373,0.1781898658179012,0,41.0
2069-10-25,23,56041,547,Employed,Doctorate,0,23573,96,Widowed,1,Rent,633,0.0780468682945275,2,2,0.2126384108462375,0,Debt Consolidation,0,25,3,1285,1164,30563,26003,4670.083333333333,0.6909954183883985,8,4560,0.285073,0.304860557843339,658.0715471544169,0.2764557835487054,0,54.0
2069-10-27,34,29685,541,Employed,Doctorate,12,18503,48,1,1,Mortgage,736,0.5565677423692486,1,2,0.3046412192221948,0,Home,0,27,26,6829,664,170377,33769,2473.75,0.7959639572939049,4,136608,0.243003,0.2184643373679743,581.4154503307005,0.5325580395475292,0,53.0
2069-12-04,49,51788,638,Employed,Doctorate,24,27526,36,0,0,Mortgage,250,0.1216207170626202,1,1,0.3150852746239153,0,Debt Consolidation,0,32,29,3867,1149,12597,6898,4315.666666666667,0.964463372993828,6,5699,0.193526,0.2022121290833365,1026.0699977851982,0.295683169333096,0,50.0
2069-12-23,43,195341,623,Employed,Doctorate,22,9863,48,1,2,Own,233,0.2945954121337643,3,0,0.3600337926854006,0,Education,1,22,15,6830,1201,92668,12670,16278.416666666666,0.9096456512295372,6,79998,0.193363,0.1914348581114593,295.652169731663,0.032475650461398,1,42.400000000000006
2070-01-19,36,34932,586,Employed,Doctorate,11,38008,24,1,3,Rent,423,0.3028409969939286,7,1,0.3239847608693543,0,Home,0,27,28,6595,1311,396991,9837,2911.0,0.9159736892393427,4,387154,0.220008,0.2471212621890852,2023.0591262058367,0.8402813899710879,0,49.0
2070-02-16,53,224374,638,Employed,Doctorate,29,23853,60,0,4,Other,235,0.092073555413131,4,1,0.0913212699154561,0,Home,0,23,6,813,360,22708,29124,18697.83333333333,0.7162548480767306,5,1064,0.209853,0.2258244612315937,666.7173134177146,0.0482257648435762,1,36.8
2070-02-27,29,93716,639,Employed,Doctorate,4,16809,48,1,0,Mortgage,94,0.1212798641213005,3,1,0.3204198860534859,0,Home,0,25,26,500,691,56111,17250,7809.666666666667,0.7989338439116068,6,38861,0.192309,0.1731832817474617,487.797133812354,0.0744970507250442,1,39.2
2070-03-01,39,87724,628,Employed,Doctorate,18,31218,72,0,3,Mortgage,342,0.0734663928504158,1,2,0.3389393078822299,0,Auto,0,25,7,4435,4346,26690,12131,7310.333333333333,0.767203018234375,2,14559,0.232218,0.2786616,896.6491296902772,0.1694381190584484,0,50.0
2070-03-07,68,64686,696,Employed,Doctorate,47,18969,24,1,0,Rent,252,0.0528415781700552,5,2,0.2891544106315467,0,Debt Consolidation,0,23,10,7434,1182,88511,14765,5390.5,0.8655534454956535,8,73746,0.145969,0.1234115738264444,895.9617988113949,0.2129601704501243,1,34.4
2070-03-28,24,42734,609,Employed,Doctorate,2,34715,24,1,3,Own,369,0.1617257750884682,6,1,0.3340250908944304,0,Home,0,26,4,2503,3857,21418,10660,3561.1666666666665,0.9439174072035462,6,10758,0.2052149999999999,0.1842888279716021,1740.3176168629282,0.5923108391995867,0,54.0
2070-04-24,18,63438,632,Self-Employed,Doctorate,0,25750,48,1,3,Rent,979,0.7967060091618184,3,1,0.2947744566258324,0,Education,0,26,20,1057,364,88402,12296,5286.5,0.7142008434248244,5,76106,0.20475,0.2034756693000697,788.3581693898386,0.3343153635467396,0,52.0
2070-05-22,28,70222,580,Employed,Doctorate,6,33341,48,0,3,Mortgage,222,0.3043393941647585,6,1,0.1970344777117496,0,Other,0,23,4,2359,6639,21584,41366,5851.833333333333,0.7289701846122941,2,1238,0.238341,0.2612514027713575,1126.5173594097312,0.2304435691509324,0,53.0
2070-05-26,41,63802,618,Employed,Doctorate,19,20083,48,1,0,Rent,369,0.1501463093090724,3,2,0.1024840134591707,0,Education,1,19,7,1114,355,82609,6076,5316.833333333333,0.9118556610455156,4,76533,0.206083,0.1686770528967174,578.1221540058823,0.1781365137154099,1,40.8
2070-06-20,31,37324,584,Self-Employed,Doctorate,7,13907,48,1,0,Rent,231,0.3568794221341323,3,0,0.5285544185716411,0,Debt Consolidation,0,29,22,1634,3050,23851,48528,3110.333333333333,0.8644436966459175,4,10633,0.216907,0.224156899635859,441.2995145855893,0.2161503101228986,0,62.0
2070-06-24,26,97573,514,Self-Employed,Doctorate,2,9482,36,Divorced,1,Mortgage,227,0.288926578618688,6,0,0.1729011520685776,0,Auto,0,21,2,13690,1882,52297,1759,8131.083333333333,0.9548796641538428,1,50538,0.237482,0.2360927986435105,370.0634608065623,0.0734297554618464,1,43.2
2070-07-05,59,90554,685,Employed,Doctorate,40,13334,36,Divorced,2,Mortgage,458,0.3320169646087818,2,2,0.4458470987661952,0,Home,0,19,18,1605,3200,10086,10227,7546.166666666667,0.7273175844487798,5,9288,0.155834,0.1709075341180446,475.9959374445061,0.1237709129285738,1,39.2
2070-07-15,33,34895,608,Employed,Doctorate,10,20011,60,0,1,Own,328,0.0362421033223496,3,1,0.3282126691009293,0,Auto,0,20,11,1566,1779,201321,9388,2907.9166666666665,0.7527421025447876,5,191933,0.221011,0.2136494776246938,545.4809763125736,0.3003803328772284,0,47.0
2070-07-23,50,68463,620,Self-Employed,Doctorate,28,47652,24,1,3,Mortgage,201,0.3905098671715989,3,2,0.3338152565710389,0,Other,0,27,1,7750,3978,14489,19672,5705.25,0.8152174438101519,7,7524,0.212652,0.2217431116535627,2476.20162010877,0.4692522887005425,0,58.0
2070-08-28,30,33947,525,Employed,Doctorate,9,10444,84,Divorced,0,Own,90,0.0914160385779917,4,3,0.2477033829693752,0,Other,0,31,27,1442,1307,100362,24029,2828.9166666666665,0.8790135807214203,5,76333,0.272944,0.2878949473982493,290.171403910207,0.1343876291549322,1,40.0
2070-09-18,36,165301,524,Employed,Doctorate,15,27812,36,1,1,Own,243,0.2978861679276114,5,1,0.3357923181125731,0,Home,0,25,27,25716,1896,27612,13413,13775.083333333334,0.7431708952222058,4,14199,0.250812,0.2338910137846385,1082.2431995478169,0.0962058208635991,1,41.6
2070-09-28,32,49608,602,Employed,Doctorate,9,27385,36,1,0,Rent,290,0.2977852715221667,3,0,0.1127630665666707,0,Education,0,33,17,3529,488,12049,16143,4134.0,0.7290939831190113,5,5568,0.211385,0.1932116337689431,1008.2774232266328,0.3140487235671584,0,48.0
2070-10-05,23,47437,621,Unemployed,Doctorate,2,20605,60,1,3,Mortgage,231,0.2272335406490718,3,1,0.2716206041723806,0,Home,0,26,17,1275,4456,24358,54032,3953.0833333333335,0.7989171531753202,4,4647,0.215105,0.2476496273988845,601.9480717007656,0.2107084524824332,0,53.0
2070-11-07,37,51339,582,Employed,Doctorate,18,26331,84,0,2,Own,298,0.2401688246347962,2,1,0.3081289070202104,0,Home,1,21,1,2635,989,4144,25325,4278.25,0.3432303927174088,6,2813,0.260331,0.2528812583239956,671.3390438938105,0.226573726148264,0,64.0
2070-11-10,42,43785,556,Employed,Doctorate,22,18041,48,Widowed,0,Mortgage,493,0.3876453042201885,2,0,0.5756843501835864,0,Debt Consolidation,0,27,7,2501,3847,32204,18362,3648.75,0.9118771922193808,4,13842,0.235041,0.2338090823472281,582.0121481289095,0.2946247750952818,0,60.0
2070-12-14,36,46357,569,Self-Employed,Doctorate,8,70811,60,1,2,Rent,485,0.3380024596957102,3,2,0.4003231440462312,0,Other,0,28,3,1291,621,31857,3450,3863.0833333333335,0.8889285145282697,3,28407,0.291311,0.315975727581554,2360.9459524496115,0.7367032256055253,0,63.0
2071-01-17,60,91930,635,Employed,Doctorate,37,26049,24,1,3,Mortgage,344,0.387399050652967,3,0,0.3242577841072102,0,Other,1,16,16,3074,1652,11994,13572,7660.833333333333,0.7599620978232403,7,9025,0.183549,0.1852196245377047,1307.0520027311245,0.2155185905882029,1,44.8
2071-02-15,37,108080,576,Self-Employed,Doctorate,14,54773,60,Divorced,3,Other,587,0.3601891856573205,2,0,0.3966110171020048,0,Auto,0,36,28,4770,212,24421,37527,9006.666666666666,0.7748474626739336,3,3696,0.271773,0.2922585284776626,1746.1363492958542,0.2590454865983554,0,56.0
2071-02-20,47,23912,593,Employed,Doctorate,23,31562,48,Divorced,0,Mortgage,203,0.7105453017248932,4,1,0.1590692040130374,0,Education,0,30,11,4518,131,87989,8445,1992.6666666666667,0.7937995353304859,5,79544,0.230062,0.2322176268954855,1015.4472021410268,0.6114656417569554,0,52.0
2071-02-23,35,68601,496,Employed,Doctorate,9,23044,84,1,4,Rent,522,0.1476012419344806,1,2,0.0808744342733953,0,Auto,0,19,16,1319,658,15518,27563,5716.75,0.7069944695907217,7,6124,0.300044,0.3569054398907846,749.2693218398911,0.2223762315721154,0,49.0
2071-03-08,43,65415,565,Employed,Doctorate,23,11565,72,1,5,Mortgage,493,0.2128208730602657,3,3,0.5851744156366584,0,Education,0,22,6,1987,558,174785,15990,5451.25,0.8865090421570194,3,158795,0.2440649999999999,0.2629446689980471,320.7772429643836,0.1492826861663625,1,44.8
2071-03-27,50,34806,570,Employed,Doctorate,28,21560,36,1,2,Own,531,0.1168988129225668,4,4,0.0914384688837255,0,Debt Consolidation,0,23,9,6282,6513,792002,14025,2900.5,0.7802440470977414,3,777977,0.22156,0.2513307093955186,858.7399589680136,0.4791380654949193,1,34.4
2071-04-13,35,151179,544,Employed,Doctorate,15,21003,48,0,4,Mortgage,393,0.3511368277705466,3,0,0.2168840085210245,0,Home,0,19,28,24500,3766,53901,13196,12598.25,0.922442654433586,9,40705,0.244003,0.26182235630516,710.3196603985502,0.0875772159147937,1,40.0
2071-06-12,40,37454,585,Employed,Doctorate,17,9348,12,1,5,Other,460,0.2534829387720662,3,1,0.3667014071748593,0,Debt Consolidation,0,25,12,10165,189,29210,9074,3121.1666666666665,0.9066046676517754,5,20136,0.181848,0.1849084760044194,859.209789159491,0.42266560233657,0,55.0
2071-07-01,60,71351,500,Employed,Doctorate,35,21524,96,0,0,Mortgage,549,0.2419765890894662,2,1,0.3030670007383855,0,Education,0,32,7,988,1222,49513,48051,5945.916666666667,0.4750705748510436,1,1462,0.306524,0.3325028804177973,643.0348132393686,0.2004795694366221,0,55.0
2071-08-21,40,15787,504,Employed,Doctorate,15,15037,60,0,3,Mortgage,392,0.4249679706607003,8,2,0.4558925424911753,0,Home,0,20,14,2370,2111,1198472,116071,1315.5833333333333,0.6327372371865135,9,1082401,0.2680369999999999,0.2801520060997327,468.3272385035922,0.653951153610129,1,40.8
2071-09-03,33,124601,595,Employed,Doctorate,12,48323,120,0,1,Mortgage,504,0.2029428207911082,2,1,0.2859733763914528,1,Home,0,17,17,2672,1278,57886,18906,10383.416666666666,0.7661110891191132,11,38980,0.305823,0.3530488387867227,1466.9102893519512,0.1898132717411851,0,62.0
2071-10-11,18,15202,571,Employed,Doctorate,0,15855,72,0,1,Own,377,0.3713456517095787,0,1,0.4093784551739179,0,Other,0,18,18,2879,660,7646,214053,1266.8333333333333,0.7941924769419031,4,4235,0.245355,0.2564588469079477,433.3941676333008,0.639700698039706,0,58.0
2071-11-28,42,55409,614,Employed,Doctorate,18,15348,36,0,2,Rent,740,0.1027085963895192,3,1,0.0351436143116292,0,Debt Consolidation,0,25,17,4257,1658,20640,2674,4617.416666666667,0.7911765234163108,4,17966,0.193348,0.2248128472262085,589.9753655780432,0.2880345140128231,0,46.0
2071-12-04,40,60437,481,Unemployed,Doctorate,18,37649,72,0,3,Rent,262,0.2877140621487797,6,0,0.07262157796096,0,Home,0,21,13,15800,560,104072,39113,5036.416666666667,0.7599035141102365,5,64959,0.312149,0.3360626333630113,1221.5767754852095,0.2945699042940999,0,51.0
2071-12-18,42,79488,584,Employed,Doctorate,21,19856,60,Divorced,1,Rent,410,0.0945547549965446,3,0,0.0946593556444079,1,Education,0,21,1,3824,951,90502,24925,6624.0,0.8527446623390733,5,65577,0.232856,0.2148003850858445,542.5471820969134,0.1438024127561765,0,63.0
2072-01-13,23,52802,448,Employed,Doctorate,0,34099,36,1,0,Rent,598,0.1807151343624947,2,0,0.211606281932529,0,Other,0,32,5,3296,423,184782,24543,4400.166666666667,0.8458795813436486,5,160239,0.295099,0.331984417171098,1507.9351680804348,0.478603500188728,0,49.0
2072-01-16,18,36665,424,Employed,Doctorate,0,8303,48,1,1,Mortgage,528,0.1297965413813993,8,0,0.311166376841944,1,Home,0,18,2,2657,1200,39706,10572,3055.4166666666665,0.8538172606829303,2,29134,0.291303,0.322642264380255,309.99040618867275,0.274263872201393,0,70.0
2072-01-22,38,58307,537,Unemployed,Doctorate,16,46098,120,1,1,Own,247,0.3027567234381065,4,1,0.1537077967260756,0,Auto,1,30,6,9769,633,37854,14153,4858.916666666667,0.8359328280406992,3,23701,0.332598,0.2910430161029075,1184.8392650014812,0.2946828199018604,0,61.0
2072-03-18,62,37225,661,Self-Employed,Doctorate,42,20405,24,1,1,Mortgage,477,0.2477484200743936,5,0,0.2218768641827574,1,Education,0,18,10,1942,822,14095,24925,3102.083333333333,0.4903099659545646,7,5880,0.164905,0.1501698691550027,989.5347446549634,0.4727580103656027,0,62.0
2072-04-03,42,36834,532,Employed,Doctorate,17,10705,60,0,0,Own,224,0.3684191160172576,3,0,0.4678158435794933,0,Home,0,26,17,8142,210,39700,12685,3069.5,0.8777824792988841,5,27015,0.249705,0.2624167006421234,322.0460958417256,0.1778941507873352,0,57.0
2072-05-09,18,73058,611,Employed,Doctorate,0,45086,24,1,1,Mortgage,182,0.1434754580049632,2,5,0.1089638251078426,1,Home,0,24,1,17525,7617,52252,54489,6088.166666666667,0.8226927199411324,9,7348,0.2145859999999999,0.2575031999999999,2423.314833713566,0.4279309316510551,0,62.0
2072-06-15,35,245787,605,Employed,Doctorate,13,19117,24,0,2,Mortgage,461,0.2473912520978217,2,1,0.0414213690544695,0,Debt Consolidation,0,22,12,13712,7630,35014,93403,20482.25,0.8300700869067001,2,4516,0.1916169999999999,0.1532936,929.9135476174253,0.0679082399451928,1,36.0
2072-07-12,55,51709,666,Employed,Doctorate,34,29689,60,1,1,Mortgage,589,0.3548330534045892,2,2,0.3531325804304309,0,Home,1,15,1,973,4424,37177,29095,4309.083333333333,0.9133761675179788,6,8082,0.201689,0.2014229253863019,788.9293489418752,0.3197731959098513,0,58.0
2072-08-04,43,107485,584,Employed,Doctorate,16,34943,48,1,2,Rent,400,0.2081557031100227,1,0,0.4549049929293124,0,Home,0,24,19,2964,698,79658,16817,8957.083333333334,0.8578122795931138,6,62841,0.237943,0.2477056439554235,1154.142509689304,0.1735098861819942,1,42.400000000000006
2072-09-03,36,75966,648,Employed,Doctorate,13,47737,24,1,0,Mortgage,993,0.504564509328167,3,0,0.122534577091678,0,Debt Consolidation,0,25,14,9084,2778,27929,15565,6330.5,0.9799016565118366,1,12364,0.198737,0.1850187137459585,2394.818836479198,0.5351581765230548,0,48.0
2072-09-13,43,62750,613,Employed,Doctorate,22,11941,12,0,2,Rent,314,0.5955551060863815,5,0,0.2110391276430516,0,Debt Consolidation,0,29,9,547,142,176479,19739,5229.166666666667,0.9204632248700192,5,156740,0.170441,0.1814494112196565,1095.5746472458106,0.2695600919035813,1,37.6
