ApplicationDate,Age,AnnualIncome,CreditScore,EmploymentStatus,EducationLevel,Experience,LoanAmount,LoanDuration,MaritalStatus,NumberOfDependents,HomeOwnershipStatus,MonthlyDebtPayments,CreditCardUtilizationRate,NumberOfOpenCreditLines,NumberOfCreditInquiries,DebtToIncomeRatio,BankruptcyHistory,LoanPurpose,PreviousLoanDefaults,PaymentHistory,LengthOfCreditHistory,SavingsAccountBalance,CheckingAccountBalance,TotalAssets,TotalLiabilities,MonthlyIncome,UtilityBillsPaymentHistory,JobTenure,NetWorth,BaseInterestRate,InterestRate,MonthlyLoanPayment,TotalDebtToIncomeRatio,LoanApproved,RiskScore
2018-01-01,45,39948,617,Employed,Master,22,13152,48,1,2,Own,183,0.3544179188076587,1,2,0.3583355996981915,0,Home,0,29,9,7632,1202,146111,19183,3329.0,0.7249720460524032,11,126928,0.199652,0.2275896303554705,419.8059915607372,0.1810771978253941,0,49.0
2018-01-06,37,178310,626,Self-Employed,Master,16,15433,72,1,0,Rent,732,0.102211336838256,5,1,0.2593664008403899,0,Debt Consolidation,1,16,19,2118,1223,67914,40843,14859.166666666666,0.7560793594714331,5,27071,0.217433,0.2176011551228336,385.5770741531959,0.0752112887097658,1,44.0
2018-01-21,57,106749,630,Employed,Master,30,15698,48,0,0,Rent,1059,0.1325425984776519,0,1,0.1472796820224425,0,Auto,0,21,14,1686,4304,212568,8152,8895.75,0.8543548081496882,4,204416,0.195698,0.2044126918976523,481.3942885517428,0.1731606990474937,1,32.800000000000004
2018-01-25,33,39676,555,Employed,Master,12,47795,60,0,1,Other,199,0.3465198640320265,2,1,0.5733945375308696,0,Home,0,19,4,840,1085,157749,76577,3306.333333333333,0.5835994945074672,4,81172,0.275295,0.2534741417542575,1412.5978905237318,0.4874275301513454,0,60.0
2018-01-29,32,35498,622,Employed,Master,10,11136,36,1,0,Own,698,0.3907447101416139,2,0,0.1764443521487324,0,Home,0,18,17,1346,205,34189,31484,2958.1666666666665,0.703667984211605,3,2705,0.185136,0.1648459712586028,394.1781845250898,0.369207792391151,0,48.0
2018-02-01,62,73843,667,Unemployed,Master,37,44668,60,0,1,Other,388,0.2959583202347089,7,2,0.1569137013697023,1,Home,0,16,3,17023,3352,56887,90622,6153.583333333333,0.9446486535560504,5,3068,0.2161679999999999,0.2346033277950418,1271.0537546851097,0.2696077496339709,0,62.0
2018-02-07,18,24914,604,Employed,Master,0,8015,36,1,4,Mortgage,327,0.3761587952008543,1,4,0.6442658599722689,0,Auto,0,17,28,2612,199,49999,8146,2076.1666666666665,0.9260164572637286,7,41853,0.191015,0.152812,278.94758109438794,0.2918588333118991,1,45.6
2018-03-01,51,105087,653,Employed,Master,33,48331,108,0,1,Mortgage,772,0.1169995622862777,5,1,0.1805575456028504,0,Auto,1,22,24,21204,2121,201313,59261,8757.25,0.5741986017645414,4,142052,0.266831,0.2737124988995358,1208.1533253808643,0.2261158840253349,0,44.0
2018-03-02,34,15000,607,Employed,Master,11,26412,96,1,1,Own,468,0.0312666074670237,1,2,0.3501123923122793,0,Home,0,18,22,2232,2085,234374,11163,1250.0,0.8258669004979884,6,223211,0.257912,0.2764505169969469,685.4486806693817,0.9227589445355052,0,48.0
2018-03-14,39,190445,619,Employed,Master,16,28894,36,0,3,Mortgage,304,0.2636491392588649,4,1,0.0128331622197715,0,Other,0,24,8,2857,956,154003,38230,15870.416666666666,0.9612516119421664,6,115773,0.204394,0.2141253058596204,1094.712989199109,0.0881333501556318,1,33.6
2018-03-22,37,40784,618,Employed,Master,14,41465,72,1,0,Own,370,0.1743262446861453,3,0,0.2037609569235825,0,Home,0,26,27,21978,1394,197632,25549,3398.6666666666665,0.8315009890937338,4,172083,0.247465,0.2927634730946802,1228.1601646621898,0.4702315117680041,0,45.0
2018-03-29,43,100032,524,Employed,Master,21,19105,60,1,0,Mortgage,824,0.106728644103128,5,0,0.2266498679075305,1,Education,0,24,29,9197,302,49889,4301,8336.0,0.8314939467511734,6,45588,0.262105,0.209684,516.5148902524263,0.160810327525483,1,49.6
2018-03-30,33,35882,620,Employed,Master,11,9259,48,0,0,Own,257,0.1702458363341031,3,0,0.1475930047073919,0,Home,0,23,11,3552,1162,61154,91262,2990.1666666666665,0.8833715788381252,3,8266,0.194259,0.2000114779249506,281.76038720038355,0.1801773771362968,0,47.0
2018-04-05,35,15120,562,Self-Employed,Master,11,21849,84,1,0,Rent,423,0.5157266656021708,5,1,0.2386445210334251,0,Debt Consolidation,0,24,26,1874,1245,18522,14697,1260.0,0.951149524950168,5,3825,0.265849,0.2441707013922021,544.9168704597823,0.7681879924283986,0,58.0
2018-04-16,44,70881,597,Employed,Master,23,34590,48,Divorced,0,Rent,324,0.30403187309642,1,1,0.117077159340471,0,Home,0,22,19,2050,1136,3628,21804,5906.75,0.7870640617697736,8,1188,0.23109,0.2141664978094515,1078.8701894649091,0.2375028889770024,0,50.0
2018-04-21,18,87673,608,Employed,Master,0,10667,72,0,3,Mortgage,725,0.2219630213117185,4,0,0.3856831470770867,0,Auto,1,23,19,1134,551,71561,5492,7306.083333333333,0.7363489048266613,5,66069,0.221667,0.2400203909193612,280.84150732555884,0.1376717813683426,1,43.2
2018-04-24,69,76571,680,Employed,Master,49,34173,48,1,1,Rent,407,0.1586768373024463,7,2,0.216618899532913,0,Home,0,20,3,2220,3117,78008,5915,6380.916666666667,0.959075228326481,7,72093,0.189173,0.1911275958480552,1023.8112085485172,0.2242328623445195,0,46.0
2018-04-25,37,22901,525,Employed,Master,14,18493,48,1,2,Rent,288,0.0859222327796731,1,1,0.2641119559708486,0,Auto,0,25,6,3120,3491,99630,10098,1908.4166666666667,0.9247388971617914,3,89532,0.250993,0.2534033093899361,616.690288339272,0.4740528125440489,0,53.0
2018-05-03,56,15131,634,Employed,Master,30,25599,48,1,2,Rent,351,0.2426003682938966,1,1,0.3810705651994572,0,Home,1,25,5,2458,2915,73848,15145,1260.9166666666667,0.778020135748182,7,58703,0.203599,0.2283225931236707,818.1347930558546,0.9272101987092892,0,59.0
2018-05-07,28,34588,621,Employed,Master,0,18962,48,0,0,Mortgage,444,0.2153448383537081,4,0,0.2816647708675246,0,Debt Consolidation,0,36,1,8955,256,89846,11153,2882.333333333333,0.6647634811526894,3,78693,0.203462,0.2409475521345167,619.1897311280587,0.3688642527332226,0,52.0
2018-05-13,27,66417,590,Employed,Master,5,9493,48,1,3,Mortgage,408,0.644568842556894,3,1,0.1906296164057773,0,Home,0,27,17,2012,1060,112110,24837,5534.75,0.7588609525120575,9,87273,0.209493,0.1919831119533875,284.8361861202966,0.1251793100176695,1,40.0
2018-05-15,28,37558,620,Employed,Master,5,18686,60,1,0,Rent,278,0.1221470589494719,1,1,0.2197450342212391,0,Education,0,24,24,4575,1163,9316,17652,3129.833333333333,0.8532237481232183,10,2660,0.213686,0.2277135049624295,524.3153017738612,0.2563444172023625,0,49.0
2018-05-19,49,38596,499,Employed,Master,27,13078,36,1,2,Other,292,0.148254550452486,1,2,0.3877176939850358,0,Debt Consolidation,1,24,23,1121,1118,40099,121827,3216.333333333333,0.8030584112494779,6,4304,0.248578,0.2558993551055523,524.0681505529991,0.2537262360513003,0,60.0
2018-06-02,31,57105,500,Employed,Master,6,24760,36,0,3,Rent,168,0.1222252354768056,2,1,0.3289675827238538,0,Home,0,15,20,2593,129,12750,12673,4758.75,0.7130921503679093,6,1632,0.25976,0.2681013306623649,1008.3119297517228,0.2471892681380032,0,53.0
2018-06-05,31,20113,575,Employed,Master,6,27214,36,1,1,Own,347,0.2162748337056839,2,1,0.4527286073123595,0,Other,0,20,2,4698,1891,99134,46478,1676.0833333333333,0.8050181673943958,1,52656,0.224714,0.2267576093601733,1048.852877752631,0.8328063706573645,0,60.0
2018-06-06,62,52633,682,Unemployed,Master,41,13197,120,1,5,Own,347,0.2206098600903152,0,2,0.1779702798550773,1,Auto,0,22,27,4853,730,51962,68554,4386.083333333333,0.7323448370903589,9,6415,0.227197,0.2245547528960111,276.8821426280891,0.1422412880044282,0,59.0
2018-06-13,30,58238,628,Self-Employed,Master,7,15647,48,1,1,Mortgage,770,0.3295258830768796,3,1,0.1772264166734497,1,Debt Consolidation,0,31,5,8060,2519,52153,9039,4853.166666666667,0.6520002745778942,4,43114,0.196647,0.1968086253851197,473.4874039847746,0.2562218628355591,0,64.0
2018-06-26,40,177855,625,Employed,Master,18,17289,60,1,0,Mortgage,280,0.0381954413523817,3,0,0.4362052170220401,0,Education,0,24,26,3966,947,100795,5297,14821.25,0.4376470065062385,5,95498,0.209789,0.2317025527049952,489.0777211980991,0.0518902063724786,1,38.400000000000006
2018-06-30,47,163133,654,Employed,Master,27,13145,36,0,5,Mortgage,210,0.1247277421292372,2,1,0.1071683365164474,0,Education,0,27,6,687,411,85222,23228,13594.416666666666,0.8641471562710866,8,61994,0.171145,0.1960728807168578,485.8890017679324,0.0511893241785242,1,32.800000000000004
2018-07-05,48,117456,579,Employed,Master,24,17310,36,1,5,Mortgage,451,0.2410743506482596,2,0,0.1182265399768881,0,Home,0,18,24,1689,949,31979,20558,9788.0,0.7982180239988403,5,11421,0.21281,0.2188964065763324,660.0888871772578,0.1135154155268959,1,39.2
2018-07-13,25,36184,620,Employed,Master,6,38807,48,0,3,Other,210,0.7300222752172015,5,1,0.2278326411523714,0,Debt Consolidation,0,38,9,2111,611,68351,27576,3015.333333333333,0.7871618924099528,5,40775,0.223807,0.1955250823367451,1171.6784528528517,0.4582174838114696,0,53.0
2018-07-14,42,56320,603,Employed,Master,16,21883,60,1,0,Rent,653,0.1184361050740646,3,1,0.06966193937591,0,Auto,0,31,12,2478,1449,326068,11532,4693.333333333333,0.8841559886152924,4,314536,0.225383,0.2004524056328795,580.3166457165904,0.2627805353089326,1,32.0
2018-07-25,28,137635,622,Employed,Master,4,12414,48,Divorced,2,Own,285,0.4682036444396825,6,1,0.3663117190145242,0,Home,0,18,8,1133,4015,13939,5554,11469.583333333334,0.7127733371603431,5,8385,0.196414,0.1571312,349.9949757257945,0.0553633865565411,1,40.8
2018-08-05,30,35795,510,Employed,Master,6,18086,36,1,2,Rent,239,0.0966267479022237,6,0,0.4044209770522251,0,Debt Consolidation,0,22,15,1038,4134,165933,34105,2982.9166666666665,0.8111418756881282,4,131828,0.248086,0.2464074522103515,715.6642372405776,0.3200438845337877,0,52.0
2018-08-13,34,54605,614,Employed,Master,11,12604,24,0,1,Rent,462,0.5457376738243693,6,1,0.2270988899329032,0,Debt Consolidation,0,30,18,5395,399,13039,59277,4550.416666666667,0.8394215468961569,4,3640,0.180604,0.1572290460425053,615.463594081527,0.2367835020415405,1,40.0
2018-08-19,31,32777,537,Employed,Master,9,27822,60,Divorced,2,Mortgage,392,0.3132684195484376,4,2,0.2064896020291528,0,Education,1,21,15,4771,4937,120149,5740,2731.4166666666665,0.8247088104386914,6,114409,0.264322,0.2260003462978678,777.9351424619464,0.4283254022498506,0,55.0
2018-08-25,18,15885,551,Employed,Master,0,35284,84,0,0,Other,264,0.2965692524382257,6,2,0.5418069239545946,0,Home,0,23,27,2316,3975,302488,23662,1323.75,0.8481466640486499,1,278826,0.284784,0.3252974997117367,1069.5813582736496,1.007426899545722,0,54.0
2018-08-30,38,42209,582,Self-Employed,Master,16,29658,48,Divorced,0,Rent,395,0.2847731321367094,3,1,0.1850249718928613,0,Education,0,36,1,794,524,116610,14222,3517.4166666666665,0.9119749910208136,7,102388,0.233658,0.2439535391069458,973.3988690683142,0.3890351922296138,0,54.0
2018-08-31,46,99222,450,Employed,Master,24,44563,120,1,1,Own,281,0.3917764046951245,1,0,0.2191393300069593,0,Debt Consolidation,0,32,21,8172,1353,20670,6849,8268.5,0.6635489236069669,5,13821,0.374563,0.4200912583711408,1585.5685649625368,0.2257445201623676,0,51.0
2018-09-12,21,69356,589,Self-Employed,Master,0,18957,72,Widowed,1,Mortgage,530,0.3392535184817753,3,0,0.4834832689131746,0,Education,0,11,16,1945,769,9667,61996,5779.666666666667,0.9313762919629602,1,2166,0.239457,0.2175211856921156,473.5307313060402,0.1736312471260234,0,59.0
2018-09-16,45,81867,632,Employed,Master,20,35991,36,1,0,Other,390,0.2243919717998011,1,0,0.291202109838133,0,Education,0,31,13,1014,1142,24707,4629,6822.25,0.9615760878406742,1,20078,0.204991,0.2231088494343096,1380.307790220469,0.2594903133453727,0,48.0
2018-09-20,18,160729,555,Employed,Master,0,22942,48,Widowed,2,Other,179,0.0437097902051561,3,0,0.2869856288516537,0,Other,0,18,1,4814,1667,58602,10820,13394.083333333334,0.9122160226640194,4,47782,0.240442,0.2640579814663558,778.7893623796523,0.0715083920671181,1,42.400000000000006
2018-10-03,45,90083,581,Employed,Master,25,27462,36,0,4,Own,433,0.4521564849934903,1,1,0.3213442693713205,0,Education,0,23,23,1362,596,72026,43396,7506.916666666667,0.9165326806528412,3,28630,0.221962,0.197088688486589,1016.5172026872266,0.1930908876507966,1,43.2
2018-10-04,42,28481,632,Unemployed,Master,17,12820,36,1,0,Rent,412,0.0914950280432423,4,0,0.414573853629521,0,Debt Consolidation,0,20,27,2701,3032,13578,6641,2373.4166666666665,0.8107380803105276,9,6937,0.18182,0.1481006309757712,443.2180125642318,0.360332016107959,0,57.0
2018-10-05,32,16274,597,Employed,Master,11,15725,36,Widowed,1,Mortgage,503,0.2830381832097021,2,1,0.5140464303912863,0,Debt Consolidation,0,21,4,3453,1134,317610,19193,1356.1666666666667,0.5660694993145542,3,298417,0.202225,0.2027562398796989,586.6080734273089,0.8034470247712736,0,57.0
2018-10-09,47,72434,613,Employed,Master,26,10034,72,1,4,Own,839,0.217422470527538,2,1,0.1789421979186,0,Education,0,15,24,15952,207,36020,29176,6036.166666666667,0.4800244145954941,5,6844,0.2185339999999999,0.2097953300905161,246.07372130416945,0.179762054499959,1,37.6
2018-10-18,37,98074,620,Employed,Master,16,16112,60,1,3,Own,495,0.4833771184525332,1,0,0.4067297521255082,0,Other,0,22,6,6384,1472,33453,43942,8172.833333333333,0.7927681781458709,6,3853,0.211112,0.2221234465002956,446.9433286927376,0.1152529716776398,1,44.0
2018-10-20,32,39808,619,Employed,Master,7,18027,60,1,3,Rent,365,0.074351710109728,2,1,0.2451303995104611,0,Auto,0,29,20,6266,1722,40123,10880,3317.333333333333,0.6424503204515528,4,29243,0.213527,0.1708216,448.8141479313021,0.2453217889664295,1,39.2
2018-11-08,53,35808,611,Employed,Master,33,53571,24,1,1,Rent,268,0.3151604320864324,1,1,0.297502655757911,0,Other,0,29,29,1099,790,100845,38596,2984.0,0.8450958034164026,0,62249,0.223071,0.2410449367837426,2835.1522454662763,1.0399303771669828,0,48.0
2018-11-09,49,61971,494,Self-Employed,Master,26,24754,108,1,0,Rent,879,0.5205736940555182,2,3,0.2329192337367846,0,Home,0,23,12,965,359,103736,3795,5164.25,0.8140619277645225,9,99941,0.322754,0.2867088269926141,641.5218098052745,0.2944322621494456,0,54.0
2018-11-19,30,27888,530,Unemployed,Master,8,25677,48,0,2,Rent,777,0.0907458810819109,4,1,0.3999173985439089,0,Home,0,19,21,3254,115,61835,14281,2324.0,0.6497593377447294,6,47554,0.255677,0.2556484744845046,859.484834618139,0.7041673126584074,0,58.0
2018-11-29,40,25013,563,Employed,Master,19,29653,36,1,2,Mortgage,136,0.5360289479099881,5,2,0.7575036133519772,0,Education,0,23,22,4186,303,65301,28925,2084.4166666666665,0.7530068087765387,6,36376,0.2331529999999999,0.2535971410535286,1184.6468764503268,0.6335810385561077,0,61.0
2018-12-16,37,86286,589,Employed,Master,12,9686,24,0,0,Mortgage,687,0.0360132151671891,2,1,0.1236572939894225,0,Debt Consolidation,0,23,18,3645,571,357294,67529,4153.0,0.6103979368477833,6,289765,0.190186,0.2282232,506.433812297145,0.2873666776540199,1,33.6
2018-12-17,43,46001,476,Employed,Master,22,55889,36,1,1,Own,239,0.1658892774876587,7,2,0.1183994111699756,0,Home,0,26,12,5012,437,18356,75930,3833.4166666666665,0.7103613067430398,1,8639,0.3028889999999999,0.3121335512360145,2409.87100636202,0.6909948061203939,0,50.0
2019-01-07,45,126823,460,Employed,Master,20,21640,60,1,3,Rent,429,0.1640290561894337,1,0,0.0509531804526011,1,Education,1,18,4,12681,2976,15657,7751,10568.583333333334,0.834052716884275,7,7906,0.29664,0.3248039025032838,733.4517144318323,0.1099912521638976,0,68.0
2019-01-11,30,58410,618,Employed,Master,7,33096,108,1,3,Other,187,0.4617702872808376,3,1,0.3675819303355213,0,Home,0,22,15,2358,210,59893,12503,4867.5,0.6695507404201111,0,47390,0.269096,0.2651800541576536,807.5692460089549,0.2043285559340431,0,52.0
2019-01-16,29,35052,506,Employed,Master,9,14359,84,Widowed,0,Own,516,0.415672173363491,1,3,0.2462711783025159,0,Home,0,27,13,3494,171,178279,1516,2921.0,0.8943837450192434,3,176763,0.286359,0.3093838507483284,419.6663191804123,0.3203239709621405,0,50.0
2019-01-20,30,119257,521,Employed,Master,9,49386,60,0,1,Mortgage,425,0.397727050146264,4,1,0.4421428416353963,0,Debt Consolidation,0,22,14,1524,4180,160193,176809,9938.083333333334,0.7589344846337112,1,6861,0.293886,0.3382061722069652,1715.6091410574552,0.2153945654568659,0,55.0
2019-01-28,24,21210,572,Employed,Master,3,23434,60,1,3,Mortgage,385,0.6319312227532125,4,1,0.1396741010153708,0,Home,0,25,18,519,446,31696,10550,1767.5,0.7987586972829042,4,21146,0.242434,0.2519140394483219,690.4510009676773,0.6084588407172149,0,54.0
2019-01-31,34,27349,484,Unemployed,Master,9,47668,108,1,2,Mortgage,396,0.7296453193456595,5,0,0.0407752080395278,0,Home,0,24,1,42091,1261,153976,26773,2279.083333333333,0.8337848784132298,5,127203,0.350668,0.3008152631432475,1283.470365205548,0.7369060800199851,0,57.0
2019-02-03,38,86622,627,Employed,Master,13,23891,84,1,0,Rent,338,0.2318107367879083,6,2,0.4487374828848818,1,Debt Consolidation,0,35,24,2082,1579,110529,33445,7218.5,0.8952676859734487,4,77084,0.235391,0.2419115948921702,592.4204354519395,0.1288938748288342,0,62.0
2019-02-06,32,83854,597,Employed,Master,9,29295,72,Divorced,2,Own,546,0.4176882134420199,3,1,0.132286721126757,0,Debt Consolidation,0,33,9,18797,1275,25640,70511,6987.833333333333,0.8558835888592573,6,7686,0.2457949999999999,0.196636,695.9973747649169,0.1777371204376535,1,40.8
2019-02-08,40,29436,561,Unemployed,Master,19,48570,24,1,0,Mortgage,286,0.4510439702644925,7,0,0.1875357491361143,0,Debt Consolidation,0,25,7,5928,1842,18180,4725,2453.0,0.7718180472014191,4,13455,0.2430699999999999,0.2554915489019365,2605.656480413052,1.1788244926266007,0,57.0
2019-03-05,52,25587,630,Employed,Master,30,25204,24,Divorced,1,Rent,180,0.4219178562377181,2,0,0.2945696098510951,0,Debt Consolidation,0,23,16,1454,2030,61945,109774,2132.25,0.901107897641857,6,9898,0.185204,0.1825381083260579,1261.3801503692926,0.6759902217700985,0,52.0
2019-03-17,44,55812,612,Employed,Master,22,4719,60,1,0,Mortgage,563,0.4136608499895056,4,0,0.1048489389875748,0,Home,0,29,12,1292,632,83237,10129,4651.0,0.6809507163915436,8,73108,0.2037189999999999,0.2328857692058624,133.81440195374515,0.1498203401319598,1,36.8
2019-03-25,33,75623,589,Employed,Master,9,23836,120,0,0,Rent,512,0.2406682149508922,3,2,0.1606900294521793,0,Auto,0,24,3,6442,1325,51517,24300,6301.916666666667,0.8508194938564455,5,27217,0.284336,0.2503975108375846,542.9203544970309,0.1673967477350061,0,53.0
2019-03-29,28,106388,518,Unemployed,Master,6,30056,36,1,0,Rent,491,0.2590619986901037,4,1,0.2564868515415101,0,Auto,0,21,4,1153,1517,48469,28918,8865.666666666666,0.644515356513848,8,19551,0.256056,0.2774222452558466,1239.0420164958048,0.1951395288749638,0,57.0
2019-04-01,30,86748,513,Employed,Master,4,18720,72,0,3,Rent,146,0.1715754384332071,3,0,0.08690877042281,0,Debt Consolidation,0,25,17,182,266,61498,12825,7229.0,0.9294939703163776,3,48673,0.27722,0.2848032744803894,544.9647868234059,0.0955823470498555,1,38.400000000000006
2019-04-07,40,97910,649,Employed,Master,22,7644,48,1,3,Other,371,0.4618859481438638,1,0,0.0876916486076484,0,Home,0,24,11,1116,1259,12146,3612,8159.166666666667,0.809125362570673,3,8534,0.178144,0.1425152,209.84931058894625,0.0711897837510709,1,37.6
2019-04-13,49,38114,627,Employed,Master,27,33773,36,1,0,Own,1427,0.3497064472571531,5,0,0.5372822267206319,0,Auto,0,26,15,1235,1895,21304,34214,3176.1666666666665,0.9427116026766884,7,1759,0.205273,0.2005539534645748,1256.0791607347974,0.8447538943384995,0,56.0
2019-04-14,33,64403,639,Employed,Master,9,23505,36,0,0,Rent,212,0.1930182112576028,4,0,0.2035276252916037,0,Auto,0,26,25,1759,771,93661,7187,5366.916666666667,0.8280271382652139,5,86474,0.189005,0.198807090581844,872.1020035608681,0.2019971747081722,1,36.8
2019-05-02,32,28323,614,Employed,Master,10,31063,108,0,4,Own,262,0.3128855185561758,6,0,0.1417452730233073,0,Home,1,23,28,673,665,26021,47600,2360.25,0.8980248467603749,4,9714,0.269063,0.2579786583832811,742.4443941028983,0.4255669501548134,0,55.0
2019-05-15,23,59756,574,Employed,Master,3,56189,120,1,0,Mortgage,436,0.2794611556523381,2,0,0.2810431165231989,0,Home,0,26,4,1917,7021,25082,3162,4979.666666666667,0.9371264742689835,8,21920,0.324189,0.3598810234169809,1735.1594452664967,0.4360049759555184,0,55.0
2019-05-21,34,28500,591,Employed,Master,11,38093,12,0,4,Rent,321,0.0264063968734989,5,1,0.642748087301419,0,Education,0,25,8,1111,4652,41809,5950,2375.0,0.7703111130639557,4,35859,0.207593,0.2136156199520292,3553.596481289253,1.6314090447533696,0,60.0
2019-05-22,32,19063,526,Self-Employed,Master,7,21023,36,1,1,Mortgage,581,0.198692276008083,4,0,0.1057586449982261,0,Debt Consolidation,0,32,27,2824,720,159461,51159,1588.5833333333333,0.813251473611134,4,108302,0.243023,0.250195788178473,836.0885283180779,0.8920454461426289,0,50.0
2019-05-24,40,72965,595,Employed,Master,18,72007,48,1,3,Own,565,0.0900775967754083,5,0,0.0540486679596245,0,Debt Consolidation,0,22,5,209,1221,23432,15591,3276.1666666666665,0.7690236018442742,5,7841,0.269507,0.281385457290989,2515.310237998127,0.9402178067858148,0,51.0
2019-05-26,43,84512,535,Employed,Master,19,35305,12,0,0,Rent,706,0.3112213362650878,4,1,0.4061579604304749,0,Home,0,23,27,450,4370,228205,6394,7042.666666666667,0.7752483028727222,4,221811,0.232805,0.2203461405547585,3304.937742225568,0.5695197475708398,1,40.8
2019-05-31,49,47130,630,Employed,Master,26,26376,60,0,0,Rent,778,0.141497628085897,6,1,0.2523693190119153,0,Auto,0,29,18,3499,514,24128,6835,3927.5,0.8866495254443433,4,17293,0.216376,0.1919413326920836,687.0285364829763,0.3730180869466521,0,49.0
2019-06-01,46,35985,558,Self-Employed,Master,21,20048,96,1,2,Mortgage,230,0.2340832165366586,2,4,0.0292530881135653,0,Debt Consolidation,0,24,8,3134,4157,33938,80978,2998.75,0.6593891286184653,2,2962,0.276048,0.2576611439666251,494.8438260666797,0.2417153234069794,0,55.0
2019-06-02,28,30967,516,Employed,Master,6,45849,36,0,2,Rent,270,0.4315259005342352,4,0,0.6007495748202167,0,Auto,0,24,22,3825,8795,61026,4630,2580.583333333333,0.6645325072952404,10,56396,0.272849,0.3274188,2015.8530619159264,0.8857892835273393,0,58.0
2019-06-14,29,95344,527,Employed,Master,10,28097,84,1,3,Rent,378,0.1028818206622251,6,0,0.5913436314158297,0,Auto,0,23,14,1494,505,45262,33833,7945.333333333333,0.9275018328399004,4,11429,0.289597,0.3055478759447551,813.8858033357851,0.1500107992115856,0,56.0
2019-06-19,32,40310,544,Self-Employed,Master,11,23512,36,0,0,Other,426,0.4365147025522444,1,3,0.5848946889676256,0,Other,0,26,24,859,385,47499,18706,3359.1666666666665,0.931674202991431,9,28793,0.236512,0.2601593788733592,947.5127004932174,0.4088849517717343,0,63.0
2019-06-24,33,28122,483,Employed,Master,12,10204,36,1,2,Rent,510,0.7002971758897303,5,1,0.3225892108280294,0,Other,0,30,13,2452,272,72120,139053,2343.5,0.7736022515183425,1,10791,0.253704,0.2607619652038013,411.53978241451466,0.3932322519370662,0,58.0
2019-06-27,46,51051,584,Employed,Master,23,11511,36,1,4,Other,235,0.3534867035880573,1,0,0.0911286182124249,0,Education,0,21,3,766,2025,116746,100689,4254.25,0.7465397841896246,5,16057,0.204511,0.2103441702533623,433.8811377212528,0.1572265705403426,0,53.0
2019-06-30,30,28620,504,Employed,Master,7,21662,60,0,4,Mortgage,389,0.389013490546036,3,0,0.2777524632463959,0,Debt Consolidation,0,27,17,5290,2957,419060,29474,2385.0,0.8180897668761927,6,389586,0.2746619999999999,0.284158483081393,679.9089843576113,0.4481798676551828,0,48.0
2019-07-03,44,100980,643,Employed,Master,22,36042,36,0,1,Mortgage,370,0.3072519069591336,3,0,0.1554017211978428,0,Education,0,21,23,4140,289,67560,42694,8415.0,0.7888156997529607,8,24866,0.199542,0.1826612470732836,1307.8213389463583,0.1993845916751465,1,36.8
2019-07-06,38,48832,635,Employed,Master,15,43903,60,0,3,Rent,580,0.0230172174547242,3,1,0.3782274677956486,0,Debt Consolidation,0,22,21,2097,7708,46623,6710,4069.3333333333335,0.8799317495139735,8,39913,0.231403,0.2498458387372414,1288.2143884266222,0.4590959342463849,0,51.0
2019-07-07,54,274161,595,Employed,Master,31,28413,60,0,2,Mortgage,206,0.5079135660924881,3,1,0.5100979931095507,0,Other,0,20,24,4054,7205,89696,4332,22846.75,0.8911093576883087,3,85364,0.2359129999999999,0.2023812444574068,756.5402747224744,0.0421302931367688,1,44.0
2019-07-09,44,44780,585,Unemployed,Master,22,35756,60,0,1,Rent,684,0.5265979169466558,2,1,0.2574751619931346,0,Other,0,28,21,827,1400,151595,27402,3731.6666666666665,0.6999845527134483,6,124193,0.248256,0.2702994672927706,1092.4612500725334,0.4760503573218044,0,53.0
2019-07-18,36,65087,583,Employed,Master,13,16824,72,0,0,Mortgage,695,0.3600194938494835,4,1,0.5490615745140796,0,Home,0,35,9,2463,702,122406,16042,5423.916666666667,0.6672509909927687,7,106364,0.240324,0.2334685706130261,436.2758763533536,0.2085717657326385,1,44.0
2019-07-19,54,171153,548,Employed,Master,27,19780,84,1,2,Mortgage,447,0.2288282958792177,2,1,0.1850959424223552,0,Home,0,20,3,4124,747,72517,24131,14262.75,0.695876492414773,5,48386,0.27078,0.2733410158676325,530.5552660768587,0.0685390451404433,1,40.8
2019-07-23,18,227026,570,Employed,Master,0,21516,60,Divorced,0,Rent,357,0.26717556075647,1,1,0.1172100437369657,1,Debt Consolidation,0,20,27,1273,241,7370,17832,18918.83333333333,0.8605271988740972,2,5641,0.241516,0.2441451034405381,624.1590718702527,0.0518614998389745,1,48.0
2019-07-27,43,58472,568,Employed,Master,25,21879,96,0,1,Mortgage,404,0.1789553759991997,2,0,0.3773940915957958,0,Debt Consolidation,0,29,6,9327,1481,102141,37940,4872.666666666667,0.8719938302215706,5,64201,0.272879,0.218335388644212,483.7585749187217,0.1821915258418501,1,42.400000000000006
2019-08-06,47,50061,614,Employed,Master,26,32043,48,1,1,Mortgage,460,0.1389196038046707,2,1,0.3015599603456134,0,Home,0,24,28,5256,4552,98928,38903,4171.75,0.5891584862185665,2,60025,0.220043,0.2038393181369954,981.6467205917776,0.3455736131340031,0,48.0
2019-08-09,42,51726,549,Employed,Master,17,28018,60,1,0,Mortgage,346,0.2671594771127225,3,0,0.2129448722736192,1,Debt Consolidation,0,23,12,632,214,58195,26878,4310.5,0.679992423931761,8,31317,0.2585179999999999,0.2397587954503396,805.6286500000635,0.26716822874378,0,64.0
2019-08-11,29,25959,596,Employed,Master,4,24977,72,1,4,Mortgage,199,0.3944916435050647,2,1,0.295430839900126,0,Other,0,22,9,4686,614,46919,11023,2163.25,0.9921601454622204,5,35896,0.241977,0.2055194512085644,606.2876266180648,0.3722582348864277,0,55.0
2019-08-19,33,73477,576,Self-Employed,Master,13,35572,48,1,3,Own,515,0.2366978261886664,2,1,0.4547259010910599,0,Education,0,14,27,21314,3189,114417,9683,6123.083333333333,0.6701461577237015,4,104734,0.242572,0.2455390398502956,1170.6321236652177,0.2752913902851588,1,44.0
2019-08-22,34,93598,540,Unemployed,Master,12,18760,36,Divorced,4,Rent,378,0.5921888470527664,4,1,0.5619735426949789,0,Auto,0,29,26,4096,5664,9760,3845,7799.833333333333,0.6914855758938573,4,5915,0.23376,0.2537825947233625,749.6525228087578,0.1445739254439741,1,48.8
2019-08-27,56,78126,604,Employed,Master,33,36331,48,1,0,Other,745,0.0363109042219356,1,1,0.2916958005752821,0,Other,1,29,20,1282,193,174908,6430,6510.5,0.6596044329532433,9,168478,0.229331,0.229950182257032,1164.3628515129733,0.2932743800803277,0,50.0
2019-08-31,25,58653,451,Employed,Master,3,31899,24,Divorced,1,Rent,527,0.1517858008843752,1,2,0.2227276494075803,0,Debt Consolidation,0,18,6,810,1947,33095,10638,4887.75,0.7669356641331013,10,22457,0.281399,0.2890660515690096,1765.6588473973295,0.4690622162339174,0,53.0
2019-09-03,47,134094,648,Employed,Master,25,28507,48,0,0,Own,145,0.0240628363887863,3,2,0.3780816055443203,0,Education,0,22,18,1324,431,138254,36531,11174.5,0.809446292721925,4,101723,0.199507,0.2222019933913877,901.5550944479932,0.0936556529999546,1,35.2
2019-09-04,39,45293,634,Employed,Master,16,22880,72,0,3,Own,364,0.1599901152414478,3,1,0.2497548741368192,0,Education,0,26,21,28744,195,167204,10505,3774.4166666666665,0.8449719722327569,2,156699,0.22088,0.2487635305614564,614.5877939735453,0.2592686182783773,0,45.0
2019-09-12,42,62851,555,Employed,Master,18,19399,48,1,3,Own,148,0.1022078300585603,0,1,0.0958629893347131,0,Home,0,27,14,1280,957,22910,60139,5237.583333333333,0.7709430851096833,6,9352,0.236899,0.2648630406294324,659.400658091648,0.1541551908020521,0,49.0
2019-09-21,40,40241,586,Employed,Master,16,28322,48,1,0,Mortgage,456,0.1391195391849522,2,1,0.3402987717096951,0,Debt Consolidation,0,26,21,1863,4830,25822,17080,3353.4166666666665,0.7287078497167536,5,8742,0.230322,0.2360696252921825,917.2060342778224,0.4094946052864955,0,54.0
2019-09-28,20,42675,612,Employed,Master,0,12555,96,1,0,Mortgage,647,0.3698873667234685,3,2,0.2751181507024675,0,Debt Consolidation,0,32,16,1746,204,84874,26683,3556.25,0.9146579106339208,3,58191,0.241555,0.2066994364770737,268.336427714378,0.2573880991815474,0,48.0
2019-10-12,48,167579,623,Employed,Master,26,12674,60,1,1,Mortgage,1230,0.2786421530488183,1,0,0.2320998344172937,0,Home,0,24,27,7317,678,43377,171991,13964.916666666666,0.8468458224461148,5,8655,0.206174,0.2474088,370.07579538161406,0.1145782558947085,1,37.6
2019-10-18,40,98180,564,Employed,Master,21,14484,60,0,2,Mortgage,604,0.2200265234338553,7,1,0.2362016441965899,0,Debt Consolidation,0,34,29,1199,2162,258872,30865,8181.666666666667,0.8699368529201745,3,228007,0.2374839999999999,0.2280095504685561,406.6561109966339,0.1235269233240946,1,37.6
2019-10-19,40,43176,643,Self-Employed,Master,18,18143,24,1,1,Mortgage,185,0.1481161044786907,3,1,0.3940728285944666,0,Debt Consolidation,0,23,18,6246,1841,105567,33647,3598.0,0.8586661545136629,7,71920,0.171643,0.1827482598926318,908.1840213509978,0.3038310231659248,0,52.0
2019-10-22,38,49512,467,Employed,Master,11,25407,48,1,0,Rent,833,0.0327368464256538,1,0,0.0881089818084932,0,Other,0,23,28,2595,2338,81898,38928,4126.0,0.7384609051431589,4,42970,0.2869069999999999,0.2522327246323043,845.5901475392839,0.4068323188413194,0,50.0
2019-10-25,39,44765,575,Self-Employed,Master,15,18618,48,1,1,Mortgage,254,0.3048789561614898,4,0,0.7696086152153215,0,Home,0,17,13,3420,1836,9559,34364,3730.4166666666665,0.8403900671939009,8,4129,0.226118,0.2524085829695739,619.8231361466904,0.2342427707753889,0,62.0
2019-10-29,36,128392,649,Employed,Master,15,27330,48,Widowed,3,Rent,313,0.559848686183657,5,2,0.478693572551838,0,Auto,0,29,7,7038,1286,189694,9173,10699.333333333334,0.9693604818410558,6,180521,0.19783,0.237396,887.0783547475444,0.112163843985377,1,39.2
2019-11-01,53,42478,552,Employed,Master,33,10463,72,Widowed,2,Other,597,0.3835069096912949,5,0,0.1388351795101801,0,Education,0,23,6,1789,3632,27296,30757,3539.833333333333,0.9722119508837066,7,5996,0.249463,0.2218733240952443,264.0593692655907,0.2432485623425558,0,53.0
2019-11-03,18,27112,432,Employed,Master,0,32743,72,Divorced,0,Mortgage,821,0.5317120832494998,1,1,0.3454019959641869,0,Home,0,16,17,14969,2120,48699,8253,2259.333333333333,0.794939537159921,4,40446,0.331743,0.3788359772676831,1157.134465139115,0.8755390078809892,0,57.0
2019-11-10,51,49531,658,Self-Employed,Master,28,29662,84,Widowed,0,Rent,320,0.4746763201326249,4,0,0.4256666324547243,0,Education,0,33,3,2483,1026,40624,10232,4127.583333333333,0.8021075632537961,9,30392,0.225662,0.2253027377021898,704.6044459399385,0.2482334972295989,0,58.0
2019-11-16,25,21031,564,Unemployed,Master,1,33692,24,Divorced,1,Mortgage,659,0.1383228484243692,4,1,0.5079226986974409,0,Other,0,23,2,2865,1426,21469,112864,1752.5833333333333,0.8044082925232363,5,1386,0.2266919999999999,0.2489497302157127,1796.4183211072425,1.401027999300409,0,66.0
2019-11-20,48,62946,603,Employed,Master,24,16992,60,1,1,Other,604,0.0963249712799461,2,2,0.3503680502184463,0,Home,0,22,25,5850,937,19775,69475,5245.5,0.6811188112131807,6,9088,0.220492,0.2129500978137607,462.5150093263604,0.2033199903395978,0,50.0
2019-11-23,53,125742,678,Employed,Master,31,11847,72,0,1,Mortgage,359,0.298487370521304,4,0,0.5278245425274527,0,Education,0,22,6,814,998,72453,36018,10478.5,0.9453254321933664,6,36435,0.187847,0.1763297699169435,267.7516661627279,0.0598131093346116,1,41.6
2019-11-26,47,82837,528,Employed,Master,26,14624,72,0,1,Own,358,0.1715586549085049,4,1,0.2442856527423818,0,Education,0,22,8,10880,1771,38298,16225,6903.083333333333,0.8667581057161275,9,22073,0.2656239999999999,0.2639943586755666,406.5796612612616,0.1107591527353132,1,40.8
2019-11-27,36,35542,614,Employed,Master,16,14225,120,0,3,Mortgage,760,0.0213096935487243,4,1,0.2307902191902804,0,Education,0,25,23,4678,2619,58994,7729,2961.833333333333,0.7975905235908791,9,51265,0.262225,0.269159842024442,343.0153866854158,0.3724096741946144,0,47.0
2019-12-03,52,203812,692,Employed,Master,32,26006,72,1,2,Mortgage,267,0.2483144463442939,5,1,0.1319739605477028,0,Home,0,18,26,3876,2342,339541,12791,16984.333333333332,0.7708036330521274,5,326750,0.195006,0.1819358340253179,595.9889248312,0.0508108801148823,1,28.8
2019-12-12,42,74368,569,Self-Employed,Master,24,10428,60,1,2,Rent,176,0.0502750630729846,1,4,0.3989333207392417,0,Education,0,28,23,2153,482,16734,22376,6197.333333333333,0.8340319666531955,4,4336,0.230928,0.2205062409486848,288.31024624439544,0.0749209734688676,1,44.8
2019-12-23,19,86738,580,Unemployed,Master,0,18835,36,1,0,Own,279,0.2968153267804392,4,2,0.4929507357822936,0,Auto,0,18,11,2471,1510,38067,12157,7228.166666666667,0.7943553212245,5,25910,0.213835,0.2360419428613613,735.04216155007,0.1402903679886651,0,58.0
2019-12-24,23,15706,570,Unemployed,Master,0,29279,60,1,3,Rent,556,0.2435498056437448,3,0,0.1409321676825121,0,Education,0,40,4,4199,739,140557,68340,1308.8333333333333,0.5627022291730246,5,72217,0.249279,0.2969177944756497,941.7394790581426,1.1443317043612449,0,56.0
2020-01-12,24,19419,582,Employed,Master,0,21061,60,Divorced,3,Rent,406,0.26808078226849,5,0,0.1765151689784747,0,Other,0,20,8,2226,412,31724,31378,1618.25,0.8360890990881158,6,1868,0.235061,0.2469432372659364,614.3996445226882,0.6305574815527194,0,53.0
2020-01-14,40,50892,541,Self-Employed,Master,17,31932,36,1,3,Mortgage,463,0.3533925045553587,3,1,0.1706730303266828,0,Education,1,23,15,3269,1632,23742,34916,4241.0,0.9154673142384212,6,5371,0.246432,0.2721712948007728,1307.3532806718113,0.4174376988143861,0,59.0
2020-01-15,46,30021,640,Employed,Master,24,11193,72,1,1,Own,362,0.3872990045640833,2,1,0.1952163470440128,0,Education,0,27,6,2595,471,43229,24020,2501.75,0.929264602008939,5,19209,0.206193,0.1853115683233477,258.65997733919613,0.248090327706284,0,50.0
2020-01-17,42,58939,605,Employed,Master,22,27757,60,0,0,Own,395,0.114376176613116,1,3,0.7399944136333448,0,Home,0,27,11,3315,664,26274,42936,4911.583333333333,0.7470967900885616,8,2195,0.230257,0.2466436497268025,809.2519782493764,0.2451861032422083,0,54.0
2020-01-20,23,56727,592,Employed,Master,0,10309,24,Widowed,1,Mortgage,339,0.2506516635286174,2,3,0.383560493753488,0,Auto,0,23,17,1270,3888,81282,46086,4727.25,0.7550692846170963,10,35196,0.189309,0.1637343633799193,506.602088351893,0.1788782248351352,1,43.2
2020-01-28,42,37251,502,Employed,Master,20,30021,84,0,5,Rent,684,0.3223872160580324,5,2,0.1859723836132959,0,Auto,0,27,9,815,444,9371,70207,3104.25,0.7561382808866429,5,9376,0.304021,0.3443288208776562,949.633491665599,0.5262570642395422,0,52.0
2020-02-05,31,116429,560,Employed,Master,9,28533,36,1,3,Mortgage,498,0.1649037703971446,1,0,0.3307233369726668,0,Home,1,17,25,8144,204,98736,221728,9702.416666666666,0.8391987815074167,5,8095,0.233533,0.2736763848626044,1170.500801908477,0.1719675478008204,0,58.0
2020-02-09,61,42007,666,Employed,Master,40,23732,60,1,1,Rent,571,0.0500457096308374,2,0,0.0618878979771331,0,Education,0,28,1,1868,1144,76294,17977,3500.583333333333,0.6728036766512228,2,58317,0.195732,0.1905412459227087,616.3281489632792,0.3391800839755123,0,46.0
2020-02-13,51,64980,581,Employed,Master,31,15346,36,0,0,Own,801,0.4531312024549921,3,2,0.2545932274941097,0,Auto,1,14,29,4926,1073,62166,42480,5415.0,0.8369974964648876,10,19686,0.209846,0.2000959339659394,570.3873656682555,0.253257131240675,1,47.2
2020-02-15,21,45106,455,Employed,Master,1,30684,96,1,3,Rent,339,0.070282314930814,2,2,0.5058718453456321,0,Home,0,24,13,740,2487,26402,2945,3758.8333333333335,0.8590141762824741,8,23457,0.338184,0.2902318174671447,825.3510886942038,0.3097639574409268,0,58.0
2020-02-23,47,75848,645,Employed,Master,23,11406,36,1,0,Own,188,0.1714557002912627,0,0,0.565902033716229,0,Home,0,29,14,1223,134,174708,10155,6320.666666666667,0.7647249877102898,5,164553,0.173906,0.204637834263984,426.5879902450225,0.0972346783427416,1,40.0
2020-02-24,46,29905,606,Employed,Master,22,43729,48,1,1,Mortgage,307,0.3112777021762402,2,0,0.3074453406874795,0,Home,0,26,11,1496,1023,150083,17794,2492.083333333333,0.7685945658675425,5,132289,0.235729,0.2087932440314451,1351.2621617361106,0.6654120027030037,0,49.0
2020-02-29,20,64133,555,Self-Employed,Master,0,30437,60,0,0,Own,397,0.5712364290495583,3,0,0.1149946010016525,0,Debt Consolidation,0,25,26,4167,849,109420,8763,5344.416666666667,0.6692195515014634,3,100657,0.2579369999999999,0.2404886846706941,876.4741385254202,0.2382812228073696,0,50.0
2020-03-01,45,63143,491,Employed,Master,23,23351,48,1,5,Mortgage,1099,0.4686597466447348,0,0,0.2627266002660932,0,Home,0,21,20,9378,346,68582,10682,5261.916666666667,0.918740551468745,3,57900,0.272851,0.2726351326964134,804.022074006788,0.3616594854232687,0,51.0
2020-03-05,27,19179,572,Employed,Master,3,21655,12,Divorced,2,Own,449,0.0136325374954266,1,1,0.4298480023959764,0,Education,0,28,11,4999,348,85325,87153,1598.25,0.9100129164458272,7,2619,0.200655,0.2065801096593731,2012.8261595251736,1.5403260813547153,0,57.0
2020-03-06,52,127045,648,Employed,Master,31,29195,48,1,2,Rent,189,0.1877554811752314,1,0,0.0270293409010512,0,Education,0,28,26,4518,2533,20310,11659,10587.083333333334,0.9383812945122172,10,8651,0.200195,0.2057882953319184,897.4429387664694,0.1026196644118039,1,35.2
2020-03-13,41,71226,611,Employed,Master,15,50357,84,Divorced,0,Rent,565,0.0849083895390305,3,0,0.042004609360936,0,Education,0,32,10,427,512,29351,24899,5935.5,0.6564076248015516,8,4452,0.269857,0.2439145669338492,1255.0908327685056,0.3066449048552785,0,46.0
2020-03-14,34,33129,605,Employed,Master,13,13656,12,1,4,Own,348,0.2845254359958481,5,1,0.2769453417830768,0,Debt Consolidation,0,27,15,32179,4334,88684,22035,2760.75,0.948601547422705,6,66649,0.176156,0.1621483333847154,1240.4093363650657,0.5753542828452651,0,48.0
2020-03-21,37,15207,594,Employed,Master,19,32985,96,0,2,Own,821,0.35997721777476,5,1,0.2584301464336525,0,Home,0,27,21,5411,584,70536,9075,1267.25,0.8725671358063566,6,61461,0.270985,0.216788,726.062078018472,1.2208025867180683,0,52.0
2020-04-12,27,74431,544,Employed,Master,5,31846,60,0,0,Other,426,0.1808440091359992,3,2,0.4094267759925442,0,Debt Consolidation,0,31,14,4840,226,58063,71842,6202.583333333333,0.4992815046664889,9,7235,0.2648459999999999,0.2974180398230912,1025.2814096608065,0.2339801549882398,0,55.0
2020-04-20,39,85629,590,Employed,Master,16,4766,12,1,4,Rent,313,0.4672254710109917,2,1,0.4773647811823293,0,Home,0,26,12,1077,1585,112377,7563,7135.75,0.957924205800592,5,104814,0.174766,0.1822003387308326,437.446082869556,0.1051670928591326,1,41.6
2020-04-21,48,183728,649,Employed,Master,24,29727,36,0,0,Own,727,0.3583293577843072,2,0,0.2435853804410391,0,Debt Consolidation,0,26,20,2427,3117,233984,3546,15310.666666666666,0.7081946250998099,5,230438,0.190227,0.2152688236632996,1128.0246046731295,0.1211589700866365,1,34.4
2020-05-12,58,72074,622,Employed,Master,37,19487,48,0,2,Mortgage,413,0.2028417944002982,1,1,0.3979124984594434,0,Home,0,18,16,3797,785,113825,16096,6006.166666666667,0.7071137126512026,4,97729,0.203487,0.193995329376805,586.7799832811311,0.166458914440347,1,39.2
2020-05-27,42,124912,640,Unemployed,Master,20,47202,72,0,1,Mortgage,419,0.3824106939001626,2,1,0.1112245797709778,0,Education,0,21,21,1213,5844,101344,4189,10409.333333333334,0.7585044073659031,5,97155,0.242202,0.2590331428296322,1297.7770034653986,0.1649267007299921,0,46.0
2020-05-30,70,120596,616,Employed,Master,48,18759,24,0,2,Mortgage,541,0.3571742581228754,1,2,0.3099328960071888,0,Debt Consolidation,0,24,8,2767,234,32467,20378,10049.666666666666,0.6167693114746632,9,12089,0.185759,0.1725455068816017,929.7834915113611,0.1463514701825627,1,40.0
2020-06-06,35,45694,556,Employed,Master,14,17886,60,Divorced,1,Own,468,0.0861190985265878,1,1,0.4707008284002604,0,Debt Consolidation,1,26,24,5350,2476,85243,2692,3807.8333333333335,0.8463194352654014,5,82551,0.244886,0.2604541171022193,535.9961929915676,0.2636660024488731,0,60.0
2020-06-18,30,51426,633,Employed,Master,10,29377,60,1,2,Mortgage,245,0.2321145764455349,8,1,0.5139892428646902,0,Other,0,30,19,817,2054,62958,23139,4285.5,0.67206026721942,12,39819,0.217877,0.2238807188288532,817.8559348833085,0.2480121187453759,0,55.0
2020-06-24,40,52667,600,Employed,Master,19,35591,48,Divorced,0,Rent,376,0.1497568235859471,1,3,0.256395880369652,0,Home,0,29,23,2154,701,61128,11341,4388.916666666667,0.833780353533901,4,49787,0.230591,0.2356957569268359,1151.8791854625206,0.348122168066346,0,48.0
2020-07-02,58,75611,624,Employed,Master,35,20594,36,1,5,Rent,315,0.1172007589819198,4,3,0.1629777747941242,0,Home,0,20,21,18821,3279,64214,31813,6300.916666666667,0.6252085742155924,7,32401,0.193594,0.1926556063142787,757.6620225313786,0.1702390428691135,1,36.8
2020-07-03,38,55313,612,Employed,Master,15,17526,12,1,1,Mortgage,272,0.3450509689693421,1,1,0.125392194816948,0,Education,0,21,10,364,523,54157,9787,4609.416666666667,0.790628932174599,8,44370,0.176526,0.1885015087352322,1613.8830555583174,0.4091370322835465,0,47.0
2020-07-04,43,53319,610,Employed,Master,22,13677,72,1,3,Mortgage,293,0.265977017653183,5,0,0.3371968156059506,0,Home,0,20,16,840,575,37665,4960,4443.25,0.8981515037212844,3,32705,0.223677,0.2384401276414981,358.77805733846844,0.1466894857004373,1,40.8
2020-07-10,27,44921,546,Unemployed,Master,3,22941,60,1,1,Rent,521,0.2227018929274375,3,0,0.598544306964916,0,Auto,0,24,22,908,2483,27723,24893,3743.4166666666665,0.7800374814428922,5,2830,0.254941,0.2039528,612.8528221669151,0.3028924971840115,0,62.0
2020-07-19,33,34063,428,Employed,Master,11,18291,36,0,2,Rent,513,0.6186018588022177,9,2,0.3793337601754854,0,Debt Consolidation,0,36,11,4946,484,18663,5657,2838.583333333333,0.8081032058149492,6,13006,0.2892909999999999,0.3391658023622353,816.2354223098703,0.4682742291553428,0,57.0
2020-07-20,62,87307,628,Employed,Master,38,16604,72,1,1,Mortgage,976,0.1110747281980786,7,1,0.5191105108550835,0,Education,0,29,13,694,620,52359,11879,7275.583333333333,0.6307172966961486,2,40480,0.217604,0.2466465383445276,443.8542858766453,0.1951533259706523,0,53.0
2020-07-23,45,197517,591,Employed,Master,23,31742,60,1,2,Mortgage,601,0.384336651090893,4,0,0.1099696544375875,0,Home,0,20,19,746,1800,47453,67936,16459.75,0.9269223068676712,2,9807,0.241242,0.2288145767564503,892.6613998004332,0.0907462992937579,1,38.400000000000006
2020-07-24,33,55332,581,Employed,Master,10,43374,60,1,0,Mortgage,179,0.3185344764651091,1,1,0.2012215107448316,0,Auto,0,24,24,1075,4128,71334,40044,4611.0,0.8275327679104671,4,31290,0.257874,0.2300899632162696,1222.9576922581796,0.3040463440160875,0,52.0
2020-07-31,47,21176,577,Employed,Master,25,9330,72,0,3,Mortgage,519,0.338449484505964,2,3,0.4975178339308396,0,Home,0,26,21,9557,301,45008,33782,1764.6666666666667,0.8236604814245561,6,11226,0.23583,0.2614950529917142,257.94471707249767,0.4402784569734592,0,58.0
2020-08-03,27,40187,587,Self-Employed,Master,4,23575,24,1,3,Rent,321,0.3464082974946637,5,1,0.2075517820873463,0,Debt Consolidation,1,23,20,1262,331,67734,113343,3348.9166666666665,0.7857330201467803,3,6018,0.2050749999999999,0.2164319840342404,1218.8775810300774,0.4598136455162348,0,62.0
2020-08-23,57,90966,599,Employed,Master,33,30257,120,1,3,Rent,322,0.1903984782261999,3,2,0.0611072911970324,0,Education,0,27,19,8749,5387,75202,12462,7580.5,0.9065531862472366,3,62740,0.285757,0.25761969623178,704.6451939317474,0.1354323849260269,1,36.8
2020-09-07,49,30487,616,Employed,Master,21,39474,48,Divorced,2,Mortgage,636,0.3478681654694791,2,1,0.1711564795028748,0,Home,0,23,22,4310,2887,13068,4796,2540.583333333333,0.9431734327650352,4,8272,0.226474,0.2458726069545868,1299.773917888532,0.7619407293161801,0,48.0
2020-09-25,33,108314,642,Employed,Master,10,20922,12,0,4,Other,315,0.1530753091790289,2,1,0.3102698098951731,1,Other,0,23,27,2325,956,14618,34910,9026.166666666666,0.9825291678200596,4,3799,0.164922,0.1570548152944814,1895.356289186102,0.2448831681059994,1,48.8
2020-09-27,56,166387,673,Self-Employed,Master,28,60044,48,1,3,Own,367,0.0650397204714045,3,0,0.3363728255332398,0,Home,0,25,19,10332,2723,28990,26330,13865.583333333334,0.8398940394516949,7,2660,0.218544,0.202917852007025,1836.508209732628,0.1589192576150272,1,38.400000000000006
2020-10-04,47,90882,512,Employed,Master,26,29746,36,0,0,Mortgage,1375,0.2370172199473097,4,1,0.2681779237663095,0,Debt Consolidation,0,26,13,1388,303,20154,21505,7573.5,0.9034990296617952,3,9821,0.258746,0.3053837072993999,1271.5519610237377,0.3494489946555407,0,51.0
2020-10-09,64,153162,508,Employed,Master,43,31309,36,1,1,Own,1305,0.0614016429496709,4,0,0.0782738793002795,0,Home,0,21,4,303,2075,139812,97297,12763.5,0.7651984871069702,4,42515,0.262309,0.2261390043237416,1205.6711858360254,0.1967071090089729,1,40.0
2020-10-12,42,25268,638,Employed,Master,18,11956,60,Widowed,3,Mortgage,601,0.2856688008732513,3,4,0.4155544189871918,0,Auto,0,28,10,5602,647,77499,9116,2105.6666666666665,0.5357060798711366,4,68383,0.197956,0.2031797806738292,318.87993277515466,0.4368592367144949,0,53.0
2020-10-15,36,40777,533,Employed,Master,10,6972,60,0,3,Rent,160,0.3917744064823513,1,1,0.2592774356328615,0,Home,1,36,14,2290,2974,285238,11042,3398.083333333333,0.7978558799474498,4,274196,0.245472,0.2514312729376763,205.22286311754567,0.107479077848065,1,42.400000000000006
2020-10-16,45,32164,602,Employed,Master,20,16872,60,Widowed,0,Own,588,0.2311209535247391,1,1,0.3496569821020789,0,Auto,0,29,6,643,454,35229,81595,2680.333333333333,0.9252489414092044,9,1174,0.220872,0.2430332174991237,488.3481416829482,0.4015724940988489,0,54.0
2020-10-17,46,157771,496,Employed,Master,25,22415,24,1,0,Rent,357,0.3041768013411989,1,0,0.0934596569981883,0,Education,0,22,4,10344,1164,19663,5932,13147.583333333334,0.8963083024537485,5,13731,0.2494149999999999,0.2829888859308818,1233.742177579069,0.1209912222838723,1,40.8
2020-10-21,60,70618,627,Employed,Master,40,37900,36,Divorced,5,Mortgage,224,0.1211025722302008,2,0,0.047184972042765,0,Auto,0,25,19,2551,3579,246583,16513,5884.833333333333,0.6579121972289635,4,230070,0.2094,0.2334251456405416,1473.8729235965266,0.2885167391197473,0,42.0
2020-10-24,41,61776,520,Employed,Master,18,14694,48,0,4,Mortgage,365,0.4100310980369726,1,2,0.4176202289421865,0,Education,1,18,19,9133,1320,46201,23938,5148.0,0.8972355328035581,2,22263,0.249694,0.2612488925668273,496.4751152155469,0.1673417084723284,0,63.0
2020-10-25,47,109164,589,Employed,Master,26,20266,84,1,0,Mortgage,593,0.1712791745588885,1,3,0.3549265651668584,0,Other,0,17,22,2276,280,40086,16331,9097.0,0.7480400392496076,7,23755,0.250766,0.2435978038065885,504.6993491512914,0.1206660821316138,1,41.6
2020-10-29,44,39963,585,Employed,Master,20,26865,48,1,1,Own,322,0.3638258425787542,3,1,0.6014242636099107,0,Education,0,16,26,5541,2781,20678,166649,3330.25,0.9735763396971294,8,3107,0.229365,0.2241895930234653,852.5330506459351,0.3526861498824217,0,59.0
2020-10-31,34,64419,587,Unemployed,Master,9,22843,36,Divorced,1,Other,270,0.3934412860135833,5,1,0.1916412442432524,0,Debt Consolidation,0,18,24,21158,361,58128,5381,5368.25,0.9183378954324792,8,52747,0.214343,0.212647314705609,863.7195791956385,0.2111897879561567,0,51.0
2020-11-02,25,124859,610,Employed,Master,0,41917,60,Divorced,0,Mortgage,512,0.250733730270083,2,2,0.3439631573246484,0,Auto,1,39,18,9431,1135,104412,61766,10404.916666666666,0.7092928885909215,2,42646,0.241917,0.272464756425537,1286.1315211886972,0.1728155619880374,0,55.0
2020-11-04,42,145244,540,Employed,Master,20,15861,60,0,2,Mortgage,561,0.2428798310381604,3,2,0.145396738472427,0,Debt Consolidation,0,20,12,974,402,144682,7846,12103.666666666666,0.8597885580767403,5,136836,0.250861,0.229220820339344,446.419300003024,0.0832325713973471,1,35.2
2020-11-14,57,38685,654,Employed,Master,37,18543,120,0,0,Other,616,0.2375449439661006,3,2,0.4211137219219723,0,Other,0,20,16,2614,726,26191,26291,3223.75,0.9151729016789242,0,6478,0.246543,0.2543201767616294,427.5010298498856,0.3236916726948075,0,51.0
2020-11-18,45,23208,629,Employed,Master,21,57528,60,1,1,Mortgage,335,0.1801968518420414,4,0,0.2117637736573414,0,Debt Consolidation,1,29,22,6913,1348,72550,42877,1934.0,0.7931211022957582,7,29673,0.248028,0.2083400960038376,1550.958891181141,0.9751597162260296,0,56.0
2020-11-19,43,36114,673,Employed,Master,20,22913,60,0,2,Mortgage,311,0.1480368535846348,6,1,0.1584759915962711,0,Other,0,16,11,1974,1403,77366,7189,3009.5,0.8534464744524806,8,70177,0.191413,0.2000965227938366,607.1774224373792,0.3050930129381555,0,42.0
2020-12-01,26,64115,609,Employed,Master,1,28879,108,Divorced,2,Rent,319,0.3579416536616246,2,3,0.5413563865854274,0,Education,0,28,25,2177,520,8170,48695,5342.916666666667,0.6368911116531846,5,4377,0.269379,0.2975538934011006,770.8016640885875,0.2039713010849731,0,55.0
2020-12-21,45,42467,624,Employed,Master,23,25395,60,0,0,Rent,637,0.2007748965242971,3,0,0.7658174782427433,0,Debt Consolidation,0,17,27,1939,93,236898,1433,3538.9166666666665,0.7599208218644004,7,235465,0.218395,0.2032179731938696,677.3672962048939,0.3714038560401895,0,52.0
2020-12-28,48,85643,593,Unemployed,Master,28,17847,60,0,1,Own,149,0.1098681164441045,5,1,0.2255254384959119,0,Other,1,32,17,5331,2127,532390,40514,7136.916666666667,0.8885385794456435,3,491876,0.226347,0.2033464609625961,476.1656261581054,0.0875960383673769,1,42.400000000000006
2020-12-31,39,21179,616,Self-Employed,Master,15,24541,24,1,2,Mortgage,91,0.4177359390278142,2,0,0.1745421276509829,0,Debt Consolidation,0,17,24,2299,1259,94199,103222,1764.9166666666667,0.80585923846253,7,5166,0.191541,0.1828611397715433,1228.5827187498676,0.747674235091289,0,53.0
2021-01-02,18,48180,587,Employed,Master,0,23152,48,1,2,Other,419,0.1324701282952986,2,0,0.1915039139200144,0,Home,0,23,24,2170,1686,28791,40898,4015.0,0.9552348598225456,3,2861,0.224652,0.228203911156011,739.7792504102761,0.2886125156688109,0,50.0
2021-01-03,50,79744,580,Employed,Master,31,9538,60,1,1,Mortgage,323,0.4164238709200605,5,2,0.654267157375226,0,Debt Consolidation,0,25,5,3199,1215,112392,23473,6645.333333333333,0.8131209173878914,3,88919,0.224538,0.2016930765808761,253.5980332117512,0.0867673605354762,1,47.2
2021-01-06,18,28665,593,Employed,Master,0,20887,48,0,0,Mortgage,371,0.4364171373584589,4,0,0.4394762129996252,0,Debt Consolidation,0,18,7,7928,534,51426,29919,2388.75,0.6783349091040601,3,21507,0.219387,0.2126435579552703,649.7540249503328,0.4273172265621487,0,60.0
2021-01-19,41,57115,412,Employed,Master,20,21937,12,1,3,Rent,409,0.2567889002304054,1,1,0.1846811196661846,0,Debt Consolidation,0,23,14,5046,1389,6435,40497,4759.583333333333,0.954406965505639,5,1714,0.280937,0.2806134870825996,2117.7103606559976,0.5308679738750236,0,50.0
2021-01-24,52,31934,625,Employed,Master,29,21116,24,0,0,Mortgage,275,0.2838652909443938,3,0,0.2652112645768579,0,Debt Consolidation,0,18,9,2640,617,31805,159586,2661.1666666666665,0.8224080159714837,4,8066,0.183616,0.2097612396598731,1084.8117865917818,0.510983323075762,0,51.0
2021-01-27,47,114093,601,Unemployed,Master,25,27113,48,1,1,Mortgage,425,0.3627769029555117,3,0,0.3455261439937755,0,Education,0,26,27,737,2912,89446,7909,9507.75,0.708850939498817,2,81537,0.221613,0.2594468142554577,913.3337145533728,0.14076240062616,1,40.8
2021-01-30,26,15000,602,Employed,Master,1,27163,96,1,2,Own,1054,0.564547614308763,2,2,0.1890480917942489,0,Home,0,23,21,4572,1247,267363,147443,1250.0,0.8516266443117099,6,119920,0.261163,0.2834456701262262,717.9423589502212,1.417553887160177,0,46.0
2021-01-31,43,78040,664,Employed,Master,20,18355,48,Widowed,1,Mortgage,538,0.1703815022903864,3,1,0.4617310386550035,0,Home,0,25,1,1143,532,285101,12127,6503.333333333333,0.8063250615212828,5,272974,0.181355,0.1526254657254925,513.279518732027,0.161652411901388,1,37.6
2021-02-28,59,81171,648,Employed,Master,35,13182,48,1,3,Mortgage,414,0.346221200669611,2,0,0.6440787075910822,1,Home,0,22,16,4531,870,21784,5347,6764.25,0.6566700868324684,7,16437,0.184182,0.1652118997761304,377.1095877458148,0.1169545164276623,1,52.8
2021-03-01,52,55283,671,Employed,Master,28,64408,60,Divorced,1,Rent,503,0.2151687441418249,4,0,0.1589200304859417,0,Auto,0,32,28,2536,1608,29423,12852,4606.916666666667,0.7063651235749561,5,16571,0.233908,0.244248582202962,1868.8044360201868,0.5148355413462048,0,44.0
2021-03-07,67,78921,637,Employed,Master,45,58233,48,1,3,Mortgage,474,0.2148383088472092,3,1,0.1039011090147803,0,Auto,0,23,3,1014,315,77657,8966,6576.75,0.5667082851230965,5,68691,0.234733,0.2533515418313756,1941.740498275344,0.3673152390276876,0,48.0
2021-03-27,56,22266,594,Self-Employed,Master,33,31591,72,0,0,Rent,521,0.0683596606511243,3,1,0.1248067822613616,0,Auto,0,27,26,2547,1107,76094,7125,1855.5,0.9489035675447854,3,68969,0.249591,0.2365844945590033,825.1530854616408,0.725493444064479,0,52.0
2021-04-09,20,33228,599,Employed,Master,0,27384,12,1,1,Mortgage,961,0.1238019871669597,2,1,0.3677558107322342,0,Home,0,22,10,24762,421,109135,89057,2769.0,0.6788474357359767,6,20078,0.192884,0.206121624971843,2544.733143296964,1.2660646960263502,0,54.0
2021-04-12,46,257997,596,Employed,Master,23,47793,120,1,2,Mortgage,409,0.3497291226454658,3,0,0.2696218089837012,0,Auto,0,29,16,2948,2325,8163,36629,21499.75,0.6922588849405222,8,9562,0.304793,0.3372571708238981,1393.278189439612,0.0838278672747177,1,40.0
2021-04-13,42,45171,497,Employed,Master,18,28034,36,Divorced,2,Mortgage,271,0.5283188180416346,3,1,0.0547914331587656,0,Home,0,21,3,4464,898,66814,40464,3764.25,0.7105183137184315,5,26350,0.264534,0.2641477068116682,1135.710457484134,0.3737027183327712,0,55.0
2021-05-05,25,21195,494,Unemployed,Master,1,21007,72,1,3,Mortgage,544,0.0979998856858235,1,0,0.0886630608070558,0,Auto,0,29,13,1305,426,123080,28007,1766.25,0.8993479315127628,3,95073,0.289007,0.2515178583154714,567.827422346933,0.6294847401822692,0,52.0
2021-05-08,44,110217,551,Employed,Master,21,15263,72,0,0,Mortgage,156,0.5275418104785199,2,0,0.2098706026318808,0,Education,0,21,4,1193,641,54803,45719,9184.75,0.7967174117026371,5,9084,0.2547629999999999,0.2795089238717507,439.2041019916024,0.0648035169157138,1,44.0
2021-05-09,37,56798,629,Unemployed,Master,16,58960,48,1,5,Rent,782,0.4986563391470545,4,1,0.17929058852047,0,Debt Consolidation,0,32,22,2201,541,208806,23282,4733.166666666667,0.726058414308859,6,185524,0.23946,0.2676914067190038,2013.570076148732,0.5906341933480895,0,47.0
2021-05-12,38,90141,549,Employed,Master,15,14659,72,Divorced,1,Mortgage,287,0.2482286401624193,1,0,0.2331023012497471,0,Other,0,30,20,6464,613,166743,27581,7511.75,0.7247223543151552,3,139162,0.255159,0.2189019719954884,367.3690893071076,0.0871127352889949,1,37.6
2021-05-15,33,102371,629,Employed,Master,9,23297,24,0,2,Rent,718,0.0676579665169857,10,1,0.3484737071296045,0,Auto,0,22,6,533,2194,164741,23047,8530.916666666666,0.8746426536035989,4,141694,0.183797,0.1872504507898821,1171.25972437649,0.2214603422113477,1,37.6
2021-05-22,33,34765,546,Employed,Master,9,24404,48,Divorced,0,Other,344,0.1936695337329353,2,0,0.2667341842264165,0,Home,0,31,11,1369,2202,20833,93515,2897.083333333333,0.9364143752687872,8,8030,0.246404,0.2452374393997258,802.6977029806352,0.3958110868910577,0,52.0
2021-06-01,30,79731,586,Employed,Master,7,12481,60,1,0,Other,382,0.1719453488512984,1,1,0.2724957854025477,0,Debt Consolidation,1,24,20,1317,493,21364,46382,6644.25,0.778818267009492,3,8257,0.2244809999999999,0.2455612357021633,363.093081145404,0.1121410364067282,0,57.0
2021-06-05,50,24933,679,Employed,Master,29,23904,36,0,2,Mortgage,376,0.241613617962599,4,3,0.4554847073322055,0,Home,0,18,13,11053,719,45295,35215,2077.75,0.67731210467617,5,10080,0.169404,0.1766281389582121,860.1489014339738,0.5949459277747438,0,52.0
2021-06-13,39,49190,602,Employed,Master,19,11174,36,Divorced,0,Own,221,0.0880743125977242,4,1,0.1634424025425628,0,Auto,0,31,2,5006,447,117888,17924,4099.166666666667,0.6686125478312541,3,99964,0.195174,0.2084273681472036,420.07949809364345,0.1563926403155869,1,39.2
2021-06-19,23,41847,617,Employed,Master,0,16379,48,0,2,Mortgage,340,0.4379500429054464,3,0,0.2899351617900434,0,Other,0,27,26,8417,334,12133,45181,3487.25,0.8998055095150614,3,1187,0.202879,0.1864040372068884,486.63148082051,0.2370439403026769,1,40.8
2021-06-26,26,43376,628,Employed,Master,3,25679,60,0,0,Rent,252,0.4444299257631113,5,0,0.0886961071695287,0,Debt Consolidation,0,21,24,5369,812,65122,84983,3614.6666666666665,0.7735106331376872,5,5115,0.216679,0.2045149557069343,686.8035485295137,0.2597206423449411,0,49.0
2021-07-04,41,126158,632,Employed,Master,18,46315,84,0,3,Mortgage,636,0.358654015015874,3,0,0.0625575643815311,1,Auto,0,26,21,1257,447,120336,27647,10513.166666666666,0.8823264765212168,3,92689,0.255315,0.253345608764938,1182.2337970509,0.1729482519111812,0,55.0
2021-07-11,46,54118,614,Self-Employed,Master,24,21849,36,1,4,Rent,469,0.5085238922783518,0,4,0.298914059795247,0,Education,0,27,5,986,5579,193544,22928,4509.833333333333,0.6209140174763039,4,170616,0.199849,0.1961091894680008,807.6621177213129,0.2830841016418891,1,40.8
2021-07-24,31,32432,564,Employed,Master,9,39628,12,0,1,Own,1934,0.0963856540787786,2,2,0.2868210819251537,0,Debt Consolidation,1,29,13,1049,1862,13429,16003,2702.6666666666665,0.9710032538588176,5,7774,0.222628,0.2087045373128552,3687.449237239725,2.0799639506313734,0,58.0
2021-07-25,51,22753,606,Employed,Master,27,37617,36,1,2,Mortgage,845,0.5080919813614623,4,0,0.1044389119158396,0,Debt Consolidation,0,20,17,10293,1071,30346,42693,1896.0833333333333,0.9458403746328224,6,5093,0.2196169999999999,0.2063098774019016,1410.1059044216192,1.189349573817054,0,50.0
2021-08-10,36,48565,629,Employed,Master,12,20588,48,Widowed,0,Own,644,0.4138820766940235,6,0,0.3891095566085066,0,Education,0,22,24,835,1031,22416,23317,4047.0833333333335,0.952738811639318,2,10558,0.201088,0.2010629987817866,627.6669137776266,0.3142181193314428,0,53.0
2021-08-11,32,39788,599,Employed,Master,10,10568,36,1,3,Rent,441,0.2881001129194107,5,1,0.482794512704511,0,Education,1,26,24,1733,665,25188,133669,3315.6666666666665,0.8448106504872991,4,6232,0.196068,0.2040226763199883,394.91418111294456,0.2521104396641031,0,63.0
2021-09-03,40,33560,628,Employed,Master,15,26380,36,1,2,Rent,228,0.3473505684032076,1,1,0.5498282070835532,0,Home,0,27,21,15645,2394,98532,3459,2796.6666666666665,0.8459048736986414,8,95073,0.19738,0.171895273615583,943.0091210233426,0.4187160146686565,0,54.0
2021-09-06,51,300000,563,Employed,Master,30,12314,36,1,0,Rent,476,0.3479042306528015,3,0,0.5598476313203825,0,Debt Consolidation,1,21,25,722,1922,72516,1213,25000.0,0.8922517732874867,5,71303,0.2158139999999999,0.2185908735595941,469.3800444251178,0.0378152017770047,1,48.0
2021-09-09,51,108674,622,Self-Employed,Master,28,18158,48,1,1,Rent,317,0.0834971451736478,1,0,0.3481829993303132,0,Education,0,13,29,1397,126,60941,14838,9056.166666666666,0.9511669035395588,6,46103,0.202158,0.2095638263207373,561.849185718962,0.0970442813242132,1,41.6
2021-09-30,34,22519,528,Employed,Master,10,14613,24,1,4,Rent,209,0.1426028911066585,2,3,0.2032956183399463,0,Debt Consolidation,1,17,4,4583,2772,60842,7073,1876.5833333333333,0.8742740622949459,5,53769,0.2256129999999999,0.2002399897886778,743.9116971063228,0.5077907706947855,0,60.0
2021-10-14,65,146548,603,Employed,Master,38,31282,36,Widowed,1,Mortgage,364,0.156633131346228,2,0,0.1926339872083269,0,Home,0,24,7,2512,2915,89259,2096,12212.333333333334,0.6380452729780485,1,87163,0.214782,0.214171316343508,1185.2617738806332,0.1268604231143898,1,34.4
2021-10-30,54,93911,609,Unemployed,Master,27,34797,12,1,0,Rent,637,0.092224945211746,2,0,0.2622460277768947,1,Home,0,24,9,3936,1102,68561,135160,7825.916666666667,0.6701758104675134,7,10211,0.195297,0.1871322269822487,3202.0118322789217,0.4905510748192124,0,63.0
2021-11-04,48,19357,514,Employed,Master,24,27179,24,1,4,Own,457,0.1228701670105492,2,0,0.0955027781526326,0,Home,0,24,26,2444,2008,19982,34000,1613.0833333333333,0.8584900460960283,7,10954,0.245179,0.2528390028827684,1454.4588829085258,1.1849721855092374,0,51.0
2021-11-16,51,32405,620,Employed,Master,30,20283,60,0,2,Rent,350,0.2735730097183138,0,0,0.3169093475881075,0,Other,0,31,25,3805,6652,59523,22735,2700.4166666666665,0.7226246739559486,6,36788,0.215283,0.1977116588539435,534.7961387663701,0.3276517100816677,0,52.0
2021-11-17,40,108621,612,Employed,Master,17,26899,36,1,1,Mortgage,447,0.3378815697805322,3,0,0.4929950877889043,0,Home,0,26,7,3905,3940,15335,3804,9051.75,0.5914005645160635,5,11531,0.205899,0.2086815052665511,1011.6015795185932,0.1611402855269526,1,42.400000000000006
2021-11-21,46,15000,571,Employed,Master,23,8744,108,1,0,Mortgage,280,0.2167912538715953,4,0,0.1166763563615058,0,Home,0,15,4,2948,908,46345,36116,1250.0,0.856883835352379,10,10229,0.268244,0.2912817794356886,229.4573541400761,0.4075658833120609,0,55.0
2021-11-23,35,25453,595,Employed,Master,11,20135,48,0,3,Own,676,0.4472974696917197,0,0,0.2728968334252312,0,Home,0,33,11,24250,558,24808,78206,2121.083333333333,0.7646394692093975,8,10905,0.217635,0.2236565115569838,638.3786177450194,0.6196732570989758,0,55.0
2021-11-26,18,63886,567,Employed,Master,0,31692,24,1,1,Rent,201,0.27173297098429,1,0,0.3786170157744945,0,Debt Consolidation,0,22,25,2938,258,282167,8243,5323.833333333333,0.9057351664175664,5,273924,0.2231919999999999,0.2513321140247537,1693.5691566481355,0.3558656024759357,0,48.0
2021-12-02,49,192184,649,Self-Employed,Master,27,22791,120,0,0,Mortgage,480,0.1612009960481251,5,2,0.0846417235330626,0,Debt Consolidation,0,28,8,873,132,61047,98689,16015.333333333334,0.67390524804616,7,4061,0.253291,0.2847351455332185,575.2761627320606,0.0658916140406315,1,38.400000000000006
2021-12-09,45,15000,648,Self-Employed,Master,19,19811,72,1,2,Other,161,0.2220074701231205,3,0,0.0476263051294252,0,Home,0,23,17,1991,161,26788,34554,1250.0,0.8951039250619863,1,7559,0.210811,0.1885927459668034,461.52149129930734,0.4980171930394459,0,52.0
2021-12-10,48,192918,631,Employed,Master,27,16125,60,Divorced,0,Own,454,0.3338453932061052,1,2,0.533272717988581,0,Auto,0,27,20,502,1537,69635,13037,16076.5,0.9762775066055048,5,56598,0.205625,0.2041969858313115,430.98820573324696,0.05504856192164,1,40.8
2021-12-11,47,55662,650,Employed,Master,26,45344,12,1,2,Rent,241,0.2462115589834712,1,1,0.2511330371921764,0,Debt Consolidation,0,19,19,3139,1965,215654,45980,4638.5,0.7810667778790769,7,169674,0.185344,0.1674254871940515,4130.050258013869,0.9423413297432076,0,42.0
2021-12-16,32,61196,509,Employed,Master,8,18144,60,1,0,Mortgage,350,0.4516524564543815,3,2,0.2078602796768125,0,Home,0,15,12,8837,2562,93127,33291,5099.666666666667,0.8807165776014733,2,59836,0.268644,0.2720083865145656,556.2130294672144,0.1777004437153829,0,51.0
2021-12-29,55,73470,634,Employed,Master,34,20058,36,1,4,Rent,272,0.2335859108138179,5,3,0.2229767901231424,0,Other,0,24,8,5330,1187,20640,18737,6122.5,0.4852097052972521,8,1903,0.188058,0.2208978627559266,766.9561011119065,0.1696947490587025,0,50.0
2021-12-31,38,30170,556,Employed,Master,16,23617,36,Widowed,2,Rent,593,0.3052447553775435,4,0,0.5580952182475044,0,Debt Consolidation,0,23,23,1559,1403,28513,82837,2514.1666666666665,0.8799030787793433,3,1196,0.230617,0.1898324636937278,865.505188177374,0.5801147583072087,0,59.0
2022-01-03,29,77809,563,Employed,Master,10,16300,48,Widowed,0,Own,245,0.1205965608373638,4,2,0.0522159653938673,0,Home,1,20,10,282,236,36731,34047,6484.083333333333,0.7728266243813153,6,2684,0.2298,0.2685118984366822,557.4264554802459,0.1237532607508508,0,55.0
2022-01-04,33,16958,491,Employed,Master,11,10411,60,1,0,Mortgage,433,0.1975663802358896,5,0,0.2283710563758218,0,Home,0,14,8,2571,816,17714,84674,1413.1666666666667,0.7472022962310507,4,3866,0.269911,0.2599728903640376,311.6935167428772,0.5269679325931433,0,54.0
2022-01-05,47,119676,617,Employed,Master,23,23473,36,1,0,Rent,519,0.25010819722134,2,1,0.1710081664345047,0,Home,0,18,25,3797,4883,85622,103766,9973.0,0.8894643781248047,7,3448,0.199973,0.183725602185912,852.9985971268819,0.1375713022287057,1,36.8
2022-01-13,40,96945,520,Employed,Master,18,32209,60,0,1,Mortgage,436,0.3805072361231556,3,0,0.0740668508938552,0,Other,1,20,14,21425,605,22571,8871,8078.75,0.7388572365485065,2,13700,0.277209,0.2576744620024849,959.9231710740116,0.1727894997461255,0,55.0
2022-01-14,30,80097,462,Unemployed,Master,11,23478,24,0,0,Mortgage,802,0.214570282573668,5,2,0.5014493468302684,0,Debt Consolidation,0,33,27,3550,687,20767,9057,6674.75,0.9070599875650088,3,11710,0.267478,0.3089218828017216,1323.5275953759444,0.3184430271359893,0,60.0
2022-01-25,51,96740,623,Employed,Master,31,15121,48,1,0,Own,698,0.176606902736402,7,2,0.0636847915874921,0,Auto,0,29,12,1330,2699,43068,30905,8061.666666666667,0.9429849224460896,8,12163,0.198621,0.1853983286412874,448.45615437114486,0.1422108109618951,1,36.0
2022-01-27,18,19580,569,Employed,Master,0,15281,60,1,0,Own,545,0.1275496416574205,4,0,0.3364814451153347,0,Home,0,28,14,4972,2653,25939,46491,1631.6666666666667,0.8301551664022834,3,2235,0.235781,0.2233476720676446,424.95828209341937,0.5944585998529638,0,55.0
2022-02-08,47,422480,518,Employed,Master,27,50214,84,Divorced,1,Rent,397,0.1451010115487079,1,0,0.248193424786231,0,Home,0,29,10,1756,2081,55293,9842,17952.583333333332,0.6321319321259368,2,45451,0.316214,0.2578833509937277,1296.4174556026117,0.0943272299122751,1,39.2
2022-02-09,49,66239,496,Employed,Master,24,30517,60,1,0,Rent,401,0.3841926071509636,3,2,0.3533237912531123,0,Home,0,22,14,7430,3123,358899,101882,5519.916666666667,0.8618078725352674,6,257017,0.2875169999999999,0.3146288636519416,1014.924791298124,0.2565119868291715,0,48.0
2022-02-10,33,158303,624,Employed,Master,8,34538,60,1,0,Own,493,0.209490352190398,4,1,0.4927140947767964,0,Debt Consolidation,1,20,26,5341,16512,105976,68391,13191.916666666666,0.8812706040709938,5,37585,0.227538,0.2427069664131798,999.022119258986,0.113101238960145,1,45.6
2022-02-15,48,59238,595,Employed,Master,25,16829,60,0,0,Own,196,0.0555201498824986,2,2,0.3539198966480558,1,Home,0,23,27,9655,1087,22699,62132,4936.5,0.9374726354814332,7,8171,0.224329,0.2125187514098244,457.6686698988696,0.1324154096827447,0,65.0
2022-02-20,37,42408,644,Employed,Master,15,45422,84,0,2,Rent,590,0.3520897804067234,2,0,0.3449787407793306,0,Home,0,17,17,1031,4531,28401,3269,3534.0,0.9639855337482168,7,25132,0.248422,0.2471644473134179,1141.483127996157,0.4899499513288503,0,52.0
2022-03-02,46,75173,619,Employed,Master,24,47414,48,0,1,Own,539,0.485897421945768,4,1,0.4910842932267978,0,Home,0,20,26,20587,2748,23717,9849,6264.416666666667,0.6999983062898758,9,13868,0.232914,0.2177232502402157,1487.9747951673587,0.3235696000160736,0,54.0
2022-03-18,33,166498,546,Employed,Master,9,13018,36,Widowed,0,Rent,1089,0.6739679926910538,2,0,0.1522752809597041,0,Other,0,19,18,6104,1658,196781,20866,13874.833333333334,0.6029284687773765,3,175915,0.225018,0.2227859719155085,499.04152260537217,0.1144548179033049,1,36.8
2022-03-19,25,22641,579,Employed,Master,1,25969,72,0,0,Rent,860,0.3308851426249771,3,0,0.3182463792789996,0,Education,0,13,14,2280,2632,9071,26750,1886.75,0.7574187534927126,8,8028,0.251469,0.2587787487471137,713.5853766852287,0.8340190150710104,0,56.0
2022-03-20,18,37167,566,Employed,Master,0,15403,12,1,3,Mortgage,464,0.6058804347477305,3,1,0.1644686565748465,0,Education,0,27,13,5820,765,58912,29832,3097.25,0.9209489301508528,7,29080,0.197403,0.2137933224658124,1437.0371432284091,0.6137822724121105,0,53.0
2022-03-27,28,55664,609,Employed,Master,3,32278,60,Divorced,1,Rent,710,0.0669827602850008,2,2,0.5918571835775861,0,Education,0,17,19,3757,2499,120093,10088,4638.666666666667,0.7632696464054088,4,110005,0.2327779999999999,0.2787137222796964,1002.4987584642878,0.3691790942363367,0,50.0
2022-03-29,49,93147,654,Employed,Master,25,30116,24,1,0,Rent,526,0.3889288815025788,3,0,0.1566431156346543,0,Education,0,23,10,3118,834,163938,39974,7762.25,0.6946072560593375,6,123964,0.178116,0.1633265001211816,1479.364253038612,0.2583483207882524,1,31.200000000000003
2022-04-11,31,45871,621,Employed,Master,5,21628,120,0,2,Own,212,0.4185906063026299,3,3,0.2159434058847589,0,Education,0,27,17,892,247,126275,8853,3822.5833333333335,0.7652678747578341,2,117422,0.266128,0.2470983202027975,487.6040860324805,0.18301866173377,0,47.0
2022-04-18,21,35733,487,Self-Employed,Master,0,12140,48,Divorced,3,Mortgage,539,0.3922088873603044,4,0,0.09643356602127,0,Home,0,20,13,4190,5609,102148,133021,2977.75,0.8923811193802067,4,7817,0.26364,0.210912,376.5192978460376,0.3074533785059315,0,54.0
2022-04-21,24,44145,563,Employed,Master,0,25922,96,1,3,Own,598,0.3322540997910846,4,0,0.3772260367563083,0,Debt Consolidation,0,22,23,5944,214,39288,47377,3678.75,0.886316865876822,7,8228,0.279422,0.3128339324167584,738.173955201381,0.3632141230584794,0,55.0
2022-04-22,43,55821,596,Employed,Master,23,33557,48,1,0,Mortgage,438,0.4900864194006961,2,1,0.2521333630482892,0,Education,0,20,22,2914,947,29112,25916,4651.75,0.7573719033847389,2,3196,0.230557,0.24200840989659,1097.7490301817547,0.3301443607635309,0,53.0
2022-04-27,53,53975,671,Employed,Master,30,25225,48,0,0,Rent,580,0.1825808457748114,1,2,0.2462196181041915,0,Home,0,21,27,1275,472,105023,13630,4497.916666666667,0.9282376240058756,5,91393,0.184725,0.1922164234554925,757.1839186420477,0.2972896160019374,0,43.0
2022-05-05,48,54804,596,Employed,Master,22,12675,108,Divorced,1,Mortgage,272,0.3338617529278683,5,1,0.2988498894718066,0,Other,0,24,21,6036,271,14251,36966,4567.0,0.6632544077189965,7,1838,0.259675,0.2675595628359507,311.3828684626837,0.1277387493896833,0,52.0
2022-05-10,27,47430,532,Employed,Master,4,15729,12,1,0,Rent,579,0.3007445647675422,3,0,0.2130776749781351,0,Home,0,24,9,1038,1233,116748,37946,3952.5,0.8871395017737891,5,78802,0.214729,0.1931728309860388,1451.9136536914853,0.5138301464115079,0,52.0
2022-05-11,18,51163,587,Unemployed,Master,0,17552,36,1,0,Mortgage,758,0.3099289879308626,6,0,0.4267510598749697,0,Education,0,38,10,4622,2323,50957,35732,4263.583333333333,0.8626230109720255,1,15225,0.209052,0.2234940276930219,673.4956325138385,0.3357494202874355,0,59.0
2022-06-07,34,67370,634,Employed,Master,11,17033,84,Widowed,1,Rent,1159,0.1213151748922597,0,1,0.2412078395488122,0,Debt Consolidation,0,23,2,2087,3917,258947,10787,5614.166666666667,0.9562122367581444,6,248160,0.225033,0.2366108603964998,416.6603719581631,0.280657925834911,0,48.0
2022-06-16,55,81171,475,Employed,Master,34,10895,72,1,2,Other,522,0.220128907694723,6,1,0.4497531962241443,1,Debt Consolidation,0,22,2,5524,708,13568,2252,6764.25,0.6227548107936735,3,11316,0.2883949999999999,0.2956910410315679,324.74648806167465,0.1251796559946298,0,71.0
2022-07-01,39,155598,617,Employed,Master,16,20062,96,1,5,Other,264,0.2095780599984711,2,1,0.2433490815914402,0,Other,0,26,2,1036,847,26291,11295,12966.5,0.7272389694535809,3,14996,0.246562,0.2827633798760643,529.3169243863598,0.0611820402102618,1,40.8
2022-07-14,36,41805,606,Employed,Master,16,20138,36,1,3,Rent,382,0.0350595336855265,5,0,0.2474699398716756,0,Debt Consolidation,0,27,12,18060,555,103756,228383,3483.75,0.5469542617775252,6,1517,0.2021379999999999,0.208762620506722,757.4217047845362,0.3270675865904661,0,49.0
2022-08-12,25,90282,612,Employed,Master,3,14256,84,0,1,Mortgage,384,0.4775097958751791,3,0,0.3438723469040837,0,Auto,0,31,3,9207,1718,44731,48492,7523.5,0.5368129499188854,5,9343,0.233256,0.2165200777888476,330.90332067618215,0.0950227049479872,1,43.2
2022-08-15,42,66600,617,Employed,Master,18,13826,60,1,1,Rent,484,0.1908212755069674,4,0,0.4902495677306208,0,Auto,0,19,8,3236,4365,25631,15295,3383.9166666666665,0.8213794457744196,5,10336,0.210326,0.1846180750846104,354.5721612766162,0.2478111147171521,0,53.0
2022-08-16,43,29872,607,Employed,Master,22,16719,12,1,2,Other,826,0.1863815316388412,2,1,0.4417912980964974,0,Auto,0,34,8,294,745,14144,46569,2489.333333333333,0.8929933265189166,5,10868,0.178219,0.1500577303858187,1509.0742691445917,0.9380319774281968,0,55.0
2022-08-21,23,79046,558,Employed,Master,5,12632,48,Widowed,0,Mortgage,143,0.3149372962209593,3,0,0.4364805075194218,0,Debt Consolidation,0,24,10,2989,2311,149952,20353,6587.166666666667,0.7639486769321272,9,129599,0.228632,0.2132690148700291,393.3831317413789,0.08142850467951,1,41.6
2022-08-26,46,23502,593,Employed,Master,25,33365,60,Divorced,3,Rent,233,0.3130378687529366,2,1,0.0698739569347099,0,Debt Consolidation,0,30,25,5160,2280,225743,14793,1958.5,0.7039464936151688,7,210950,0.241865,0.2412537300897922,962.2727311891438,0.6103000925142424,0,48.0
2022-08-27,42,35873,596,Employed,Master,18,18633,48,1,0,Mortgage,412,0.4202718305378687,2,1,0.1194053088067456,0,Home,0,24,2,19631,1415,194877,20975,2989.4166666666665,0.6559266500232651,7,173902,0.215633,0.239591590588014,607.0493765802258,0.3408856945045775,0,52.0
2022-09-10,50,47816,628,Employed,Master,28,16152,48,1,0,Rent,275,0.0456983148139323,4,1,0.2654948829629292,0,Home,0,28,10,1457,788,58226,121070,3984.6666666666665,0.6251527308308293,6,8628,0.197152,0.1873599277284552,480.6994080161387,0.1896518507653016,0,49.0
2022-09-13,43,100445,646,Unemployed,Master,21,24841,72,0,2,Own,489,0.4553906387723914,3,3,0.4462498407885633,1,Auto,1,23,20,7859,353,36002,14617,8370.416666666666,0.929899127721703,5,21385,0.216841,0.1938335244545249,586.1664068671795,0.1284483735617119,0,74.0
2022-09-28,35,96969,645,Employed,Master,9,45585,60,0,1,Mortgage,420,0.2387815999767429,6,1,0.4221120535264612,0,Other,0,27,16,7117,2319,607206,40984,8080.75,0.9422790498605907,3,566222,0.2280849999999999,0.2160523298314524,1248.797846840188,0.2065152178746017,1,35.2
2022-09-29,39,31602,641,Employed,Master,17,19318,48,Divorced,0,Rent,687,0.3343921734607605,2,2,0.2423171347043245,0,Auto,0,17,8,2058,1298,23413,221817,2633.5,0.9421481788750878,5,4085,0.193818,0.2124633097082589,600.7577458041368,0.4889909799901792,0,51.0
2022-10-03,27,40926,618,Unemployed,Master,1,37765,36,Divorced,1,Mortgage,235,0.3557277211929442,3,1,0.2283638403044406,0,Auto,0,19,12,6255,474,23450,18004,3410.5,0.9370923998368774,7,5446,0.213765,0.2186208292179848,1439.5693756552882,0.4910040685105668,0,53.0
2022-10-05,51,17466,669,Self-Employed,Master,27,8201,60,Divorced,2,Mortgage,176,0.212054312631668,0,2,0.1544045921010243,0,Home,1,31,26,1594,480,29959,16698,1455.5,0.8652491178866876,10,13261,0.178701,0.1808069462599779,208.61167094601032,0.2642471116083891,0,55.0
2022-10-14,46,61009,642,Employed,Master,26,24629,24,1,2,Mortgage,584,0.1235641619681991,8,3,0.34116975760855,0,Auto,0,19,19,5107,463,18827,46640,5084.083333333333,0.5994156653727666,9,1752,0.178629,0.1429032,1185.8900042206128,0.3481237202813905,1,40.0
2022-10-22,56,90711,675,Employed,Master,35,10024,24,1,1,Rent,1207,0.5481467625371393,5,2,0.0877381570224105,0,Debt Consolidation,0,31,15,2619,211,30056,23341,7559.25,0.9471357533947056,5,6715,0.147524,0.1548171444896357,488.3274853848175,0.2242719165770172,1,35.2
2022-10-30,20,21485,522,Employed,Master,0,39331,12,1,1,Mortgage,367,0.0444564743720679,3,0,0.279976876493301,0,Auto,0,17,3,857,1850,106782,32603,1790.4166666666667,0.5045551816220223,1,74179,0.243331,0.2012231450503804,3645.710562529421,2.241216046095092,0,54.0
2022-10-31,37,30840,660,Employed,Master,16,26126,48,Divorced,2,Rent,681,0.2654269793490506,5,1,0.2280630477028273,0,Home,0,26,13,2227,1015,59888,7952,2570.0,0.9691916883567188,3,51936,0.191126,0.2009861015881406,796.3969258125563,0.5748626170476873,0,45.0
2022-11-03,37,26294,578,Employed,Master,16,24028,60,Divorced,2,Other,247,0.485451057109749,3,1,0.215272552779509,0,Auto,0,21,19,3217,877,178623,11992,2191.1666666666665,0.6299164712521144,1,166631,0.240028,0.2649210833873551,726.4263866249479,0.4442502715257996,0,51.0
2022-11-08,32,88075,553,Employed,Master,11,60293,84,0,1,Rent,1249,0.1229380087932201,5,1,0.38916307167085,0,Debt Consolidation,0,20,27,3380,3673,187649,38633,7339.583333333333,0.7973397902909122,3,149016,0.308793,0.3191287688480604,1802.184647140671,0.4157163300106505,0,48.0
2022-11-13,39,22196,606,Unemployed,Master,18,25282,36,1,0,Own,460,0.4422130740115292,2,0,0.3174128754880541,0,Auto,0,21,7,3111,1766,176595,25392,1849.6666666666667,0.7801024490240714,7,151203,0.207282,0.1922689582246746,929.6403567400548,0.7512923175743673,0,54.0
2022-11-15,31,31626,541,Employed,Master,7,10271,84,1,3,Mortgage,256,0.3075065471263429,4,1,0.3223414116891009,0,Auto,0,26,14,1700,214,100159,29394,2635.5,0.8230394791563194,2,70765,0.264771,0.2581488324277723,265.3509894954154,0.1978186262551377,0,53.0
2022-11-16,23,50530,502,Employed,Master,0,17173,48,0,1,Own,384,0.0968373063070999,6,1,0.2597981041507049,0,Home,0,15,21,4426,952,143530,135210,4210.833333333333,0.811356681737251,5,8320,0.261173,0.2282591487134049,548.7832755028736,0.2215198754410149,1,40.8
2022-11-20,40,76536,548,Employed,Master,16,21002,48,0,3,Other,272,0.0621459471212759,3,3,0.2601272540887427,0,Debt Consolidation,0,23,23,8840,2244,39758,13880,6378.0,0.9262962235349804,6,25878,0.242002,0.2693779442673142,719.2563340700365,0.1554180517513384,0,51.0
2022-12-02,36,86859,615,Employed,Master,14,9504,24,1,0,Rent,426,0.1547447750900811,4,2,0.3765053755122606,0,Other,0,25,5,3841,259,67968,31225,7238.25,0.9275940771576338,5,36743,0.177004,0.1583613118510039,464.60160145727497,0.1230410114954961,1,40.8
2022-12-06,62,79843,555,Unemployed,Master,40,19215,36,0,2,Mortgage,690,0.1783159805099497,1,2,0.266816197734276,0,Auto,0,22,14,2515,916,86930,9483,6653.583333333333,0.7372704702217094,6,77447,0.226715,0.2027472053313113,716.7907627244381,0.2114335527559492,1,41.6
2022-12-16,34,15104,550,Employed,Master,13,14424,36,1,3,Other,265,0.4001865616849617,5,0,0.0248355770531603,0,Home,0,34,19,9823,2553,37021,32349,1258.6666666666667,0.928043253199866,3,4672,0.2244239999999999,0.2205598871135575,551.2769706816277,0.6485251356051067,0,53.0
2022-12-28,37,52715,579,Employed,Master,15,41874,84,0,4,Own,306,0.617741127360669,5,0,0.2313774325453871,0,Home,0,16,27,8571,619,242533,54535,4392.916666666667,0.6420257563528171,8,187998,0.277374,0.2490554524418267,1057.3719157561368,0.3103568811357989,0,50.0
2023-01-03,38,33555,593,Employed,Master,18,11467,108,Divorced,0,Own,168,0.5473161673716344,7,2,0.1267165214523064,0,Home,0,29,9,1325,6466,12022,55422,2796.25,0.9158533633895932,3,10525,0.259967,0.2295523887130849,251.89973867908785,0.1501653066353465,0,53.0
2023-01-25,32,38896,611,Employed,Master,9,24169,24,1,2,Own,322,0.0229743593200653,3,1,0.2463852826364518,0,Home,0,23,21,4336,1125,16627,10276,3241.333333333333,0.7834927473081905,3,6351,0.1936689999999999,0.1985817510635016,1228.4267757339264,0.4783299390376161,0,49.0
2023-02-03,43,90596,577,Employed,Master,22,19420,60,0,0,Own,481,0.3170149775484651,7,2,0.5856932208192798,0,Debt Consolidation,0,25,9,3071,1181,131792,12642,7549.666666666667,0.6654457770986006,8,119150,0.23592,0.1966251583702355,510.8713099711294,0.1313794838585981,1,43.2
2023-02-07,19,91055,484,Employed,Master,0,11353,120,1,1,Mortgage,585,0.5470016772087757,4,1,0.1561135834382153,0,Debt Consolidation,0,22,17,3684,1918,153072,99801,7587.916666666667,0.613740347348606,6,53271,0.324353,0.3505459295979111,342.46053512939915,0.1222286137120728,0,48.0
2023-02-16,36,92391,619,Employed,Master,15,24810,96,Divorced,0,Rent,335,0.2464043775261335,3,3,0.0896440242208107,1,Home,0,29,11,797,693,29633,20975,7699.25,0.7524609460227026,5,8658,0.25031,0.2718394599975172,636.0891088507786,0.1261277538527491,0,58.0
2023-03-10,38,63443,611,Employed,Master,19,30007,48,0,5,Rent,433,0.3580468472928672,4,0,0.4831956392166413,1,Auto,0,24,27,903,1176,247081,17976,5286.916666666667,0.6436837873387419,2,229105,0.219507,0.2147082506442568,936.8033568683882,0.2590930486014321,0,61.0
2023-03-17,35,39954,558,Employed,Master,12,11424,96,0,3,Mortgage,257,0.3323618644870353,4,0,0.3085277911563628,0,Home,0,21,23,1463,1068,58465,7059,3329.5,0.921152285585193,8,51406,0.267424,0.2654760824771039,287.974384868561,0.1636805480908728,0,53.0
2023-03-30,18,296766,557,Employed,Master,0,15798,84,0,0,Mortgage,205,0.4507264042166596,1,2,0.0879270094216827,1,Other,0,24,5,365,338,79716,13620,24730.5,0.6925440449578488,5,66096,0.262298,0.2549038530281917,404.83982378342574,0.0246594215152716,1,48.8
2023-04-07,27,82684,595,Employed,Master,6,17590,24,1,3,Mortgage,574,0.4361642999181179,2,1,0.4304235188161119,0,Home,0,14,23,8332,995,92209,378159,6890.333333333333,0.6365689578673753,7,9934,0.1950899999999999,0.1904418371120682,887.0652221510359,0.2120456517078568,1,44.8
2023-04-08,42,71507,625,Employed,Master,19,29432,36,1,1,Mortgage,165,0.4284667166215479,0,0,0.4055163048018742,0,Education,0,26,8,5447,952,17199,134099,5958.916666666667,0.833216602476728,4,10987,0.201932,0.1765744731827292,1058.986509101932,0.2054041997178344,1,44.0
2023-04-11,18,65300,487,Employed,Master,0,32321,24,1,1,Own,814,0.3210765820093578,1,0,0.417790004423658,0,Auto,0,16,3,5281,1916,75058,15410,5441.666666666667,0.7089086112218165,9,59648,0.263821,0.2956673175031423,1799.957746100794,0.4803597695744184,0,57.0
2023-04-12,36,66761,597,Employed,Master,15,36768,48,0,4,Rent,428,0.6350447441176056,2,2,0.084300955733384,0,Debt Consolidation,0,22,20,798,1053,1043624,8474,5563.416666666667,0.8953543249526752,3,1035150,0.233268,0.26791267886105,1256.1416628533734,0.3027171545399332,1,35.2
2023-05-02,39,60328,536,Employed,Master,17,21254,48,0,2,Other,321,0.0294932869552118,2,1,0.2617330306070223,0,Debt Consolidation,0,18,12,1693,1061,57037,16229,5027.333333333333,0.7823371253323876,4,40808,0.248254,0.2389562948702781,691.6936338080498,0.201437534904134,1,40.8
2023-05-05,18,58838,544,Employed,Master,0,17802,60,1,0,Mortgage,404,0.4369694650545541,2,2,0.3811700098960022,0,Home,0,30,16,1617,811,96940,24534,4903.166666666667,0.946744199454104,3,72406,0.2508019999999999,0.2353828641562367,507.3676038632441,0.1858732663645761,1,42.400000000000006
2023-05-15,39,233264,618,Employed,Master,17,32720,36,Widowed,2,Own,317,0.2994107218215333,2,0,0.0543095962507102,0,Debt Consolidation,0,14,14,3718,3899,45496,63285,19438.666666666668,0.9045995609804102,6,9746,0.20872,0.2213366301235732,1251.8552830356832,0.0807079677808328,1,36.0
2023-06-18,44,56507,521,Employed,Master,22,29735,120,Divorced,0,Mortgage,511,0.4251426790330578,2,0,0.2447770068208918,0,Debt Consolidation,0,27,17,633,218,67578,18826,4708.916666666667,0.8191247551705149,6,48752,0.324235,0.3141615982897544,815.1439537159661,0.2816240013554354,0,53.0
2023-06-20,39,71419,606,Employed,Master,20,37152,60,1,3,Rent,300,0.3284863328219425,3,3,0.2737073246211738,0,Education,0,29,27,8654,1022,150046,21773,5951.583333333333,0.4923424957398888,6,128273,0.2391519999999999,0.2400048478926519,1068.797920599046,0.2299888691691083,0,45.0
2023-07-09,37,97735,550,Employed,Master,15,21509,60,0,0,Own,511,0.0756593361996306,3,2,0.2050479050124275,0,Home,0,30,22,3884,5119,88195,34274,8144.583333333333,0.9355555456759423,4,53921,0.251509,0.2712348143047425,658.3727208810668,0.1435767396590045,1,38.400000000000006
2023-07-16,56,46345,673,Employed,Master,37,37338,48,Divorced,0,Mortgage,399,0.2581148620130108,4,1,0.6700360027657385,0,Auto,0,19,24,2067,2679,4746,15476,3862.0833333333335,0.7793898782047227,4,1037,0.195838,0.189677532675219,1115.7753626821682,0.3922171615532639,0,53.0
2023-07-22,42,27693,507,Employed,Master,22,16360,84,Divorced,1,Mortgage,263,0.1859612119557835,4,1,0.0959385062161958,0,Debt Consolidation,0,22,28,4131,292,24881,10580,2307.75,0.8678239297710127,4,14301,0.28786,0.2651752069658184,430.10282040876655,0.3003370470842884,0,51.0
2023-08-09,40,119213,649,Employed,Master,19,22177,12,1,3,Rent,256,0.1756933976883051,2,1,0.3246902266587951,0,Home,0,28,7,2362,1993,66201,13212,9934.416666666666,0.8329464486670307,5,52989,0.162677,0.1511660323008265,2002.8790109973488,0.2273791292222172,1,38.400000000000006
2023-08-10,39,15000,392,Employed,Master,15,24740,60,Widowed,2,Mortgage,309,0.4853626073683013,2,1,0.2415271595797461,0,Debt Consolidation,0,21,20,1899,734,26029,40605,1250.0,0.721549643785304,5,8411,0.33374,0.3062501161067723,809.9468223595983,0.8951574578876785,0,55.0
2023-08-19,34,56650,528,Employed,Master,13,6830,48,1,5,Mortgage,1012,0.4273444500588037,2,0,0.6957148942820249,0,Home,1,33,8,1257,327,43186,30472,4720.833333333333,0.6640412095888358,6,12714,0.23783,0.2565561227599591,228.96782265226997,0.2628705008266062,0,66.0
2023-09-09,54,135320,611,Employed,Master,30,28691,48,Widowed,2,Rent,462,0.233025919537474,4,0,0.1107416196221809,1,Education,0,29,7,5240,527,29567,401820,11276.666666666666,0.6924582410203478,5,1709,0.218191,0.2220236671310559,907.0959256525988,0.121409629824351,0,58.0
2023-09-27,39,142514,531,Self-Employed,Master,13,60540,84,0,1,Mortgage,565,0.175901592657297,2,1,0.360124746386242,0,Debt Consolidation,1,25,24,10005,2312,210952,37125,11876.166666666666,0.7353746217075597,3,173827,0.32004,0.3491898315430772,1935.6071990248977,0.2105567620605608,0,56.0
2023-10-02,44,29446,571,Self-Employed,Master,23,44705,60,0,0,Other,384,0.4795519176300503,4,0,0.3610914465830375,0,Education,0,21,23,7032,2124,37949,1342,2453.833333333333,0.8337792598186611,3,36607,0.264205,0.2403075539200436,1286.8700924719162,0.6809224040502273,0,60.0
2023-10-06,25,42111,585,Employed,Master,3,11537,48,Divorced,2,Own,306,0.429545357969709,6,0,0.1785529233029603,0,Debt Consolidation,0,23,5,952,2897,356952,14137,3509.25,0.9035844917143208,9,342815,0.214037,0.2326085865504218,371.42865326435685,0.1930408643625723,0,48.0
2023-10-12,33,40494,464,Employed,Master,8,28497,84,0,1,Rent,1103,0.0381017113096287,1,0,0.3322594665012705,0,Education,0,21,17,2408,482,72888,17015,3374.5,0.8119549067171487,2,55873,0.321497,0.3363048115717001,885.5099729973331,0.5892754402125746,0,52.0
2023-10-22,68,95132,686,Employed,Master,42,21642,48,0,0,Own,359,0.2160947522201605,3,0,0.2541073702859789,0,Auto,0,30,4,1556,1931,24929,26910,7927.666666666667,0.8592268893054749,2,9526,0.173642,0.186757870126888,643.4016120568376,0.1264434611348657,1,38.400000000000006
2023-10-25,36,150609,629,Employed,Master,14,35551,120,Divorced,1,Mortgage,780,0.4194571714166329,1,0,0.3029164438620568,0,Other,1,29,2,1497,1669,72396,23150,12550.75,0.9369376419034356,4,49246,0.276051,0.2509281316585267,811.0876420944898,0.126772315765551,0,60.0
2023-11-03,48,49157,544,Employed,Master,24,15186,36,1,0,Mortgage,556,0.2590232778510559,3,3,0.2608214519771865,0,Debt Consolidation,0,24,18,7896,189,13123,23685,4096.416666666667,0.8169541365319641,3,5826,0.228186,0.2322655420174265,589.6405105359552,0.2796689408717265,0,53.0
2023-11-07,41,47075,633,Employed,Master,18,28265,60,1,1,Rent,670,0.0661374819909799,1,1,0.5206335868386786,0,Home,0,26,28,3500,1824,173499,14798,3922.9166666666665,0.7201575224707305,8,158701,0.2167649999999999,0.20825268915646,761.887651778504,0.36500588043212,0,51.0
2023-11-29,55,153804,624,Unemployed,Master,32,13972,120,1,3,Mortgage,432,0.3963204952766082,4,0,0.2088838661774497,0,Home,0,23,23,5534,708,47864,7708,12817.0,0.6901553906876962,6,40156,0.256972,0.2840254957452133,351.9496698669972,0.0611648334139812,1,40.0
2023-12-01,26,17477,601,Employed,Master,1,40213,48,0,1,Other,280,0.2948642983394715,2,1,0.1578702311769769,0,Debt Consolidation,0,25,26,34079,1589,43256,6309,1456.4166666666667,0.8799069382151731,1,36947,0.234713,0.2686051303143671,1375.4143204388636,1.1366351115904538,0,49.0
2023-12-02,42,59734,548,Employed,Master,17,24802,24,1,3,Rent,734,0.2832158573248279,3,0,0.2429463157356017,0,Auto,0,26,20,6925,1367,8292,21565,4977.833333333333,0.8701948488914547,5,8446,0.2258019999999999,0.196496774363498,1258.0771637511834,0.4001896066731543,0,52.0
2023-12-14,41,36900,553,Employed,Master,19,16301,48,0,0,Rent,478,0.1441349082592926,3,0,0.0100550312972607,0,Education,0,19,2,800,2220,69747,13021,3075.0,0.9938125430340676,8,56726,0.234801,0.2337023643550658,525.7831980490354,0.3264335603411497,0,52.0
2023-12-17,20,19381,572,Employed,Master,0,28975,60,0,3,Mortgage,415,0.0624472718058171,2,1,0.4450784476479326,0,Other,0,30,8,750,6880,40714,1550,1615.0833333333333,0.7622156679004201,4,39164,0.247975,0.2451629578426188,842.2575697741244,0.7784474917336306,0,58.0
2023-12-24,56,61161,634,Employed,Master,33,50661,108,1,3,Mortgage,642,0.0778990540067414,4,0,0.4290626424652236,1,Home,0,27,11,3616,849,85294,12540,5096.75,0.7973720524143845,5,72754,0.278661,0.3306587865059822,1474.2336530918235,0.4152123712349681,0,62.0
2023-12-27,22,220956,571,Unemployed,Master,0,29985,60,1,4,Rent,346,0.2764007416381729,2,0,0.1259090137486623,0,Auto,1,30,29,1920,1141,58495,14182,18413.0,0.8928608715398605,9,44313,0.249485,0.2457924274443605,872.7182751501851,0.0661879256585122,1,45.6
2024-01-16,57,77559,665,Unemployed,Master,33,12122,72,1,3,Mortgage,408,0.0587405776715137,5,1,0.4145920316089745,0,Home,0,23,10,470,8940,47607,1880,6463.25,0.7417481294855343,3,45727,0.194622,0.1965111187366457,287.90989403733533,0.1076718205295068,0,52.0
2024-01-27,39,60356,619,Employed,Master,16,16433,72,0,4,Rent,889,0.1519597304806799,3,0,0.1206031023898719,0,Debt Consolidation,0,21,9,9476,25,688031,24310,5029.666666666667,0.7200909833455801,5,663721,0.221933,0.2374965503392836,430.1348587436359,0.2622708314819343,1,31.200000000000003
2024-01-31,32,26379,559,Employed,Master,9,32306,24,1,4,Other,490,0.2082602870252121,5,0,0.4883313275900782,0,Auto,0,29,17,14785,1293,39444,84118,2198.25,0.8215568567524076,7,9375,0.2278059999999999,0.2408282233508843,1709.3894032375092,1.000518322864783,0,58.0
2024-02-01,48,34434,545,Employed,Master,21,28682,60,0,2,Other,425,0.2752083225100964,3,1,0.4791740855063281,0,Education,0,33,18,666,690,142481,9982,2869.5,0.8723853965204407,6,132499,0.2611819999999999,0.2553549593267704,850.8828940231977,0.4446359623708651,0,53.0
2024-02-02,37,23282,585,Employed,Master,12,33664,48,Widowed,1,Rent,295,0.3972694581641949,3,2,0.585304091344401,0,Auto,1,26,10,11075,647,108294,8105,1940.1666666666667,0.7975892208939436,1,100189,0.236164,0.2575414535358619,1130.407958470348,0.7346832532275652,0,62.0
2024-02-11,18,35214,571,Employed,Master,0,15293,48,0,2,Own,654,0.1362362298372135,2,2,0.6341985486880092,0,Education,0,33,15,3989,787,41694,13753,2934.5,0.7444955216921185,4,27941,0.224793,0.2064540373645288,470.64648125571847,0.3832497806289721,0,58.0
2024-02-23,59,41483,634,Employed,Master,35,39260,36,1,2,Rent,576,0.0103353787593199,1,0,0.1466374296726716,0,Auto,0,25,9,2607,1377,34127,38016,3456.9166666666665,0.8847684819935977,7,2486,0.20726,0.1756393961034292,1410.7697280717389,0.5747230609372723,0,48.0
2024-03-01,58,65601,657,Employed,Master,38,19960,60,Divorced,3,Mortgage,557,0.5563475326683482,3,0,0.2774663234559971,0,Home,0,22,22,11483,1064,101135,55954,5466.75,0.6939218196009206,6,45181,0.19646,0.2239844205369967,555.8047479818298,0.2035587411134274,0,47.0
2024-03-06,50,64805,550,Employed,Master,29,55573,72,1,4,Mortgage,402,0.4232227778300016,4,1,0.3673309277691559,0,Education,1,21,6,6274,1870,254890,15647,5400.416666666667,0.936818545623085,7,239243,0.295573,0.2943883063593747,1651.8145448090015,0.3803066821650802,0,59.0
2024-03-12,54,77853,658,Employed,Master,34,58366,36,1,0,Rent,586,0.4663927693118641,2,3,0.4026174073226362,0,Debt Consolidation,0,23,8,293,373,62007,10749,6487.75,0.6358212909697591,2,51258,0.214366,0.241430225108319,2294.24994930045,0.4439520556896382,0,50.0
2024-03-17,43,58856,641,Employed,Master,22,47429,60,0,5,Own,321,0.4244290011552746,4,0,0.5153402636034745,0,Other,0,14,18,1419,8054,166924,143837,4904.666666666667,0.9237275172170156,11,23087,0.231929,0.2307762120208406,1339.1618638303853,0.3384861758523281,0,56.0
2024-03-20,44,35186,551,Employed,Master,24,12959,60,0,1,Mortgage,442,0.2786424925959079,2,1,0.4064643578590853,0,Debt Consolidation,0,23,8,5767,963,18225,8266,2932.1666666666665,0.9004921067854101,4,9959,0.2424589999999999,0.2519323949175883,381.8333164368552,0.2809640140181397,0,58.0
2024-03-24,26,27954,573,Employed,Master,4,13554,60,0,3,Own,586,0.157024821844522,2,2,0.3962282796345658,0,Education,0,31,26,4261,281,38713,24290,2329.5,0.5399459627900064,7,14423,0.232054,0.2592110232348997,405.1802731090743,0.4254905658334725,0,55.0
2024-03-28,47,33777,634,Employed,Master,28,33427,108,1,0,Rent,312,0.0657597558489886,6,1,0.1972448128625377,0,Home,0,21,25,5240,298,17489,41305,2814.75,0.86044450724614,2,1887,0.2614269999999999,0.2320059139183337,739.7991766101147,0.373674101291452,0,47.0
2024-04-03,34,32695,582,Unemployed,Master,14,47200,72,Divorced,1,Rent,304,0.5656795061936585,3,1,0.2255701896547195,0,Education,1,29,12,1176,392,39295,18697,2724.583333333333,0.460813571495177,4,20598,0.2712,0.2488746208197357,1268.1772845700498,0.577034024004912,0,63.0
2024-04-04,45,77191,646,Employed,Master,21,99655,24,1,0,Mortgage,599,0.0991974677816968,3,1,0.4856593434526431,0,Auto,0,22,24,11373,466,32054,15742,6432.583333333333,0.9827220121974524,8,16312,0.251655,0.2560098867685303,5348.835792004933,0.9246418559684316,0,52.0
2024-04-08,57,43944,614,Self-Employed,Master,30,16187,48,Divorced,2,Rent,301,0.4118921078955101,3,0,0.71607319639632,0,Education,0,21,26,1649,1767,106208,4526,3662.0,0.7833006479644661,9,101682,0.204187,0.2173091224271937,507.6271202946565,0.2208157073442535,1,44.8
2024-04-17,47,51237,638,Employed,Master,26,23120,48,1,0,Mortgage,222,0.1389674828623881,1,2,0.3663671617512468,1,Home,1,24,27,780,393,16605,10249,4269.75,0.7282802832135559,3,6356,0.19912,0.2181098648875988,726.0501432831196,0.2220387946093142,0,68.0
2024-04-20,28,24733,478,Employed,Master,4,16764,96,0,2,Own,431,0.2128507770652242,2,1,0.2344486603798024,0,Home,0,30,9,8409,1503,249010,39992,2061.083333333333,0.7183237565588857,3,209018,0.312764,0.2513604441514906,406.7443873837684,0.4064582803786528,0,51.0
2024-04-24,77,41416,637,Employed,Master,54,16637,60,Divorced,1,Own,569,0.1260075717371344,2,0,0.1054350140893734,0,Auto,1,17,28,15485,1388,137422,8329,3451.333333333333,0.3745981775535425,2,129093,0.203137,0.224982217294746,464.2210253126147,0.2993686571313351,0,49.0
2024-05-14,48,89975,639,Employed,Master,21,14704,72,1,1,Rent,250,0.2478697075081387,3,0,0.5107508408212548,0,Other,1,21,8,4373,1076,6763,44967,7497.916666666667,0.9435510290453486,7,2373,0.210204,0.1761295965511782,332.1565669063793,0.0776424429327763,1,48.8
2024-05-16,35,33458,613,Employed,Master,15,31067,24,0,2,Mortgage,669,0.2229590393294914,4,2,0.1020659909615368,0,Home,0,16,25,1614,1207,70985,28878,2788.1666666666665,0.650681393159812,3,42107,0.199567,0.1900547697253932,1566.127181084089,0.8016476230799531,0,48.0
2024-05-22,35,31702,625,Employed,Master,12,41315,60,0,1,Mortgage,614,0.3391721014513071,3,1,0.3394721788481729,1,Other,0,16,15,2146,513,64455,5574,2641.833333333333,0.879777081559904,3,58881,0.233815,0.2796463005900527,1285.494988738866,0.719006367575118,0,62.0
2024-05-31,45,18700,580,Employed,Master,21,25845,72,1,0,Rent,570,0.179232565604951,5,1,0.4823247246525384,0,Auto,0,22,4,4277,606,121697,21021,1558.3333333333333,0.7812984552570428,7,100676,0.250845,0.2430544319049158,685.2170985912859,0.8054869081869214,0,56.0
2024-06-08,52,122919,647,Employed,Master,32,35147,108,1,2,Own,215,0.2085088892357749,4,1,0.136276896895793,0,Home,0,23,4,3701,520,22770,44543,10243.25,0.7244423423410286,7,3311,0.2566469999999999,0.2202819032121381,750.4076471781236,0.0942481777929977,1,38.400000000000006
2024-06-11,23,60195,585,Employed,Master,0,29848,36,1,1,Mortgage,577,0.1606850682640225,1,2,0.1336576637547565,0,Other,0,20,25,2331,1699,26672,35557,5016.25,0.7079387323588212,2,4391,0.222348,0.236362595848238,1165.329287223034,0.3473370121551027,0,49.0
2024-06-26,26,45898,515,Employed,Master,3,18022,36,Divorced,2,Rent,721,0.66662758440482,4,0,0.3049949948103543,0,Auto,0,32,24,4705,1878,246401,30841,3824.8333333333335,0.7991632398862143,8,215560,0.245522,0.1964176,666.4770286934611,0.3627548987825511,1,42.400000000000006
2024-06-29,33,86832,574,Employed,Master,11,11310,72,0,2,Own,182,0.5732042484026996,4,0,0.2252774224177136,0,Auto,0,22,23,3766,1024,42366,5440,7236.0,0.8529922292457417,3,36926,0.23931,0.2315769927655653,292.0001226916138,0.0655058212674977,1,41.6
2024-07-06,35,25463,585,Employed,Master,13,28967,48,1,0,Own,980,0.2172573881967495,2,1,0.2954864001070814,0,Other,0,23,7,4452,600,32464,18244,2121.9166666666665,0.8739729391320865,3,14220,0.231467,0.2484856420162645,958.0175391019824,0.913333482669905,0,55.0
2024-07-21,32,145841,593,Unemployed,Master,10,23408,48,1,1,Own,137,0.2505699210962711,5,3,0.3554616290694086,0,Home,0,30,29,7328,699,13549,31879,12153.416666666666,0.8650830170025248,9,10990,0.221908,0.2522945925130935,779.1408047493715,0.0753813376004858,1,44.0
2024-07-30,33,26043,565,Employed,Master,9,27367,36,Widowed,2,Mortgage,569,0.3010587217188973,1,1,0.0121243958538571,0,Education,1,23,19,2119,2676,47433,18840,2170.25,0.9536352921324244,4,28593,0.229867,0.2098829491610888,1030.8891039269542,0.7371911549024095,0,58.0
2024-08-11,52,107917,666,Employed,Master,26,24706,96,0,0,Rent,402,0.4017817175290054,3,1,0.6055375304156508,0,Education,0,27,22,27601,1311,148312,13518,8993.083333333334,0.585627696066317,4,134794,0.226706,0.2317126391290042,567.5535363258792,0.1078110254724515,1,38.400000000000006
2024-08-15,44,36749,567,Employed,Master,19,26387,84,0,2,Own,370,0.1758876727959974,5,0,0.0291036281177697,0,Auto,0,35,15,2749,433,95400,36613,3062.4166666666665,0.9735516774120782,3,58787,0.267887,0.2687999864691301,699.9391380690637,0.3493773886861891,0,48.0
2024-08-16,24,66265,586,Employed,Master,0,11536,60,1,3,Rent,587,0.7134004099094827,3,0,0.2400057449189307,0,Education,0,22,7,13520,593,32148,3602,5522.083333333333,0.7527734961108943,7,28546,0.223536,0.2407851838097173,332.3932163732091,0.1664939047231345,0,55.0
2024-08-26,35,40701,619,Employed,Master,13,32394,48,1,0,Rent,546,0.4363434502998649,3,1,0.0524130403748186,0,Home,0,24,23,2681,45,54674,90110,3391.75,0.9471008192120238,7,8809,0.217894,0.2104354415634269,1003.8615725971416,0.4569504157432422,0,49.0
2024-09-03,49,64137,524,Employed,Master,27,24910,36,1,4,Rent,337,0.1186202569072131,1,5,0.5169387101676944,0,Education,0,25,29,15224,307,406492,16629,5344.75,0.6377274715162065,1,389863,0.24791,0.2000695498842993,925.8331387297778,0.2362754364057772,1,40.8
2024-09-13,37,52106,611,Employed,Master,14,61314,60,Widowed,2,Own,1289,0.1876053999612946,1,2,0.3925371365043408,0,Home,0,13,25,30050,11417,41467,18839,4342.166666666667,0.7535142866056289,3,22628,0.260814,0.2906653571130988,1948.7054121302087,0.7456428231981442,0,50.0
2024-09-16,29,36772,593,Self-Employed,Master,7,15616,48,0,4,Other,490,0.5035145708569878,3,0,0.5251876915934343,1,Education,0,23,13,8139,340,261716,37799,3064.333333333333,0.8498679282966135,8,223917,0.214116,0.2359588025889805,505.6277591555199,0.3249084387541128,0,71.0
2024-10-25,18,114954,641,Employed,Master,0,32734,108,1,0,Mortgage,240,0.077589699856749,4,3,0.6833420676981558,0,Debt Consolidation,0,26,20,859,459,98067,6031,9579.5,0.9579888417183848,3,92036,0.2572339999999999,0.2424175384185573,747.4763314597055,0.1030822413967018,1,40.8
2024-10-28,34,47130,533,Self-Employed,Master,8,12060,12,Divorced,0,Mortgage,208,0.1998792105994767,2,0,0.4150614888148404,0,Auto,0,19,2,444,590,91237,10100,3927.5,0.6597094255851544,5,81137,0.21056,0.1883210595090374,1110.4422108429364,0.3356950250395764,1,48.8
2024-11-01,36,46118,512,Self-Employed,Master,16,20992,84,1,1,Other,389,0.3697573419110994,2,0,0.259298672939336,0,Debt Consolidation,0,20,22,10623,1851,43834,2212,3843.1666666666665,0.6950321933539824,2,41622,0.289992,0.2697102894048865,558.078950913298,0.2464319226974191,0,56.0
2024-11-14,24,48065,578,Employed,Master,0,14092,48,0,0,Other,207,0.3749906075551572,1,1,0.1856938090755771,0,Debt Consolidation,0,31,5,5140,2815,183568,28652,4005.4166666666665,0.7216952719360754,4,154916,0.220092,0.2393563212695615,458.9237489286713,0.1662557991707907,0,49.0
2024-11-20,43,24548,613,Unemployed,Master,23,20489,36,1,1,Mortgage,341,0.4486208149485344,5,1,0.0319450627433691,0,Auto,0,30,4,875,309,209351,9450,2045.6666666666667,0.6042580570531317,3,199901,0.198989,0.2059295679030015,767.6490553840982,0.5419500026319528,0,52.0
2024-11-27,44,170747,623,Employed,Master,19,20811,48,0,0,Own,877,0.2894384178981209,4,3,0.176111734959081,0,Debt Consolidation,0,23,19,1687,3545,118338,39430,14228.916666666666,0.678566901023045,5,78908,0.204311,0.1634488,593.471921462549,0.1033439126751895,1,34.4
2024-12-14,40,37333,645,Employed,Master,16,30487,60,0,3,Mortgage,261,0.2746580932797087,2,0,0.0219169233705604,0,Education,0,32,18,1352,644,33212,4627,3111.083333333333,0.829083341190426,2,28585,0.2129869999999999,0.223211653480382,847.5942564278014,0.3563370497183086,0,48.0
2024-12-15,31,52608,540,Employed,Master,7,16726,120,0,5,Mortgage,434,0.1035073130339525,3,0,0.5119229514711123,0,Education,0,21,27,2081,2739,57294,17123,4384.0,0.816133824687327,3,40171,0.301726,0.2980587743625047,438.5309666627173,0.1990262241475176,0,57.0
2024-12-17,37,27983,475,Employed,Master,17,14847,120,Divorced,0,Rent,239,0.4940453673046537,7,0,0.5410609757581883,1,Auto,0,22,23,1890,711,6614,61612,2331.9166666666665,0.672845619887216,1,6082,0.332347,0.2791225151556782,368.6971558121015,0.2605998595484837,0,73.0
2024-12-21,23,41426,512,Self-Employed,Master,0,20674,48,Divorced,0,Own,373,0.4164656467631391,4,1,0.3691020635962858,0,Education,0,27,6,317,202,195488,109763,3452.1666666666665,0.7291426994750109,6,85725,0.259674,0.239666097792076,673.6287774508858,0.3031802570706954,0,59.0
2025-01-04,27,17680,591,Employed,Master,5,11224,84,Divorced,1,Mortgage,447,0.2594049926921009,3,3,0.4338505713707326,0,Home,0,19,27,1292,3494,26554,2058,1473.3333333333333,0.9487776591581856,6,24496,0.240724,0.2399660992048511,276.9372546734632,0.491360127606423,0,58.0
2025-01-31,37,213870,537,Employed,Master,11,9641,60,1,1,Rent,672,0.3891817198401501,4,1,0.1801336842981644,0,Auto,0,26,13,10908,481,15924,25420,17822.5,0.8686260573354809,11,5226,0.246141,0.2759209384066502,297.81242140427537,0.0544150608166236,1,38.400000000000006
2025-02-02,39,68604,610,Unemployed,Master,14,45995,36,0,0,Own,562,0.399607419585522,3,0,0.1937502163593401,0,Home,0,24,18,1223,2788,42603,21108,5717.0,0.9184423936731526,2,21495,0.225995,0.2194747194251131,1755.320255638166,0.4053385089449302,0,50.0
2025-02-07,50,37959,609,Employed,Master,24,23628,48,1,1,Own,560,0.2928433766828625,3,0,0.3129078671598015,0,Home,0,26,17,1780,1536,44394,45021,3163.25,0.835958368062144,6,5501,0.214128,0.1744672564350863,687.2600866416196,0.3942970320529897,0,52.0
2025-02-17,32,80042,566,Employed,Master,9,18897,48,0,2,Mortgage,603,0.0761175508353848,3,0,0.1196848111263598,0,Auto,0,29,6,2130,2568,70206,9780,6670.166666666667,0.9205520661716122,8,60426,0.230897,0.2726339808974009,650.660623913525,0.1879504196167299,0,48.0
2025-02-20,18,54650,514,Employed,Master,0,25199,36,1,4,Mortgage,646,0.1412507891821963,2,0,0.2840842315024949,0,Home,1,16,12,2657,3076,51805,12799,4554.166666666667,0.7254952151641584,3,39006,0.253199,0.2684073565036349,1026.6027177489102,0.3672686662943626,0,57.0
2025-02-21,50,25109,583,Employed,Master,29,10974,48,1,0,Mortgage,400,0.2182155541461012,4,0,0.4161336070209462,0,Home,0,23,19,906,1056,34899,6096,2092.4166666666665,0.8853294094617756,0,28803,0.214474,0.2218534144855203,346.85285636333145,0.3569331425528686,0,58.0
2025-02-25,37,55615,609,Unemployed,Master,16,12755,48,Divorced,1,Mortgage,578,0.2646914733147235,4,0,0.0315212316564927,1,Home,0,31,9,9762,1324,167072,4270,4634.583333333333,0.8900625191698665,5,162802,0.203255,0.2292408224229656,408.2861675645709,0.2128101053811894,0,59.0
2025-03-03,45,79750,537,Employed,Master,24,14730,60,1,4,Mortgage,616,0.3200989314019297,4,1,0.1835725120071076,0,Other,1,19,18,1548,642,192345,17527,6645.833333333333,0.9351447842579936,2,174818,0.25123,0.2304355437709288,415.6143209343186,0.1552272332440354,1,41.6
2025-03-06,49,161912,656,Employed,Master,27,12639,48,1,1,Mortgage,1006,0.3129671630310543,2,1,0.2334707245919129,0,Debt Consolidation,0,26,13,13349,586,24907,92527,13492.666666666666,0.8531734131076036,7,9915,0.179639,0.2017127348919847,385.7636468223356,0.1031496353690154,1,35.2
2025-03-19,60,53525,646,Employed,Master,36,15336,84,0,0,Mortgage,152,0.25292973253041,1,0,0.3434685567490043,0,Debt Consolidation,0,25,4,20244,1470,36843,3564,4460.416666666667,0.750840390938208,7,33279,0.217336,0.2001397300194388,340.6833143516515,0.1104567916341862,1,43.2
2025-03-28,32,30470,615,Employed,Master,12,21299,36,1,1,Rent,342,0.4192918284970963,1,0,0.2336075305817042,0,Home,0,20,10,1921,897,29169,16959,2539.1666666666665,0.712856131897287,6,12210,0.1987989999999999,0.1960696222364984,787.2882088612085,0.44474757158958,0,51.0
2025-03-29,26,77215,625,Self-Employed,Master,2,50722,24,1,1,Own,345,0.1512627185925439,2,1,0.3456902147503451,0,Education,0,18,26,1686,1771,20412,9112,6434.583333333333,0.5518449802240362,4,11300,0.213222,0.2398189114763106,2681.269377035722,0.4703131842832178,0,53.0
2025-04-08,32,74186,533,Employed,Master,12,30966,72,0,4,Other,773,0.187930949867264,3,1,0.4349682693594469,0,Other,0,25,24,1894,601,50521,17669,6182.166666666667,0.8635194738807708,5,32852,0.279466,0.2593309327209567,851.9539328082989,0.2628453777491654,0,55.0
2025-04-22,46,151706,586,Employed,Master,22,20576,48,1,0,Other,593,0.2885823955476403,4,0,0.4774190280008875,0,Auto,1,20,6,10997,282,29916,21895,12642.166666666666,0.6941462558412953,4,8021,0.222576,0.2274292516580922,656.5963795172831,0.098843529947447,1,49.6
2025-04-26,43,67622,619,Unemployed,Master,25,32022,108,0,1,Mortgage,903,0.0691340246785889,2,3,0.0369547546326908,0,Education,0,25,22,3769,1932,14992,12396,5635.166666666667,0.962774445785123,8,2596,0.267522,0.2719590556971245,796.5296383776454,0.3015935000522277,0,49.0
2025-04-29,18,22825,581,Self-Employed,Master,0,30457,24,0,0,Rent,410,0.0478017921819124,3,0,0.2801349589293035,0,Home,0,18,10,89793,3910,93703,34756,1902.0833333333333,0.7619411079511077,5,58947,0.214957,0.1988966098831982,1548.4922431970017,1.0296563819655649,0,54.0
2025-04-30,44,46225,563,Self-Employed,Master,21,15715,60,1,1,Rent,476,0.4281278964588763,5,0,0.187680967139129,0,Home,0,24,16,1769,668,48088,9049,3852.0833333333335,0.9511291991539876,4,39039,0.239215,0.2011634399015825,417.3693554941692,0.2319184914208768,1,44.0
2025-05-04,48,39338,415,Employed,Master,27,14910,36,1,1,Rent,108,0.1566343529644199,7,1,0.1840129899191155,0,Debt Consolidation,0,31,26,1454,958,17652,8067,3278.1666666666665,0.7310603015277809,3,9585,0.2924099999999999,0.3077786432106123,639.322142072074,0.2279695384835245,0,50.0
2025-05-22,47,31963,564,Employed,Master,23,14026,36,1,1,Own,277,0.1284088303088963,3,0,0.0723448590229173,0,Debt Consolidation,0,22,24,6887,5541,517063,42290,2663.583333333333,0.8913014564423607,7,474773,0.217026,0.246486599320538,555.0683258393527,0.312386819449746,1,35.2
2025-06-08,18,22384,588,Self-Employed,Master,0,15769,60,Divorced,1,Rent,465,0.0861215549964476,3,1,0.2017157570805763,1,Other,0,21,1,974,1585,120979,17151,1865.3333333333333,0.8481867802963755,4,103828,0.226769,0.2320491449602713,446.3940078012393,0.4885957868841525,0,68.0
2025-06-16,57,77291,556,Employed,Master,37,46012,12,1,2,Mortgage,295,0.2609539350990146,5,0,0.1052255339280373,0,Home,0,19,23,2457,1224,149505,8450,6440.916666666667,0.7001085137886962,2,141055,0.233012,0.2205130889742884,4307.600881045065,0.714587863690996,0,46.0
2025-06-22,34,154135,587,Employed,Master,14,16797,84,1,2,Mortgage,576,0.2938779818553582,2,0,0.2849932540055476,0,Debt Consolidation,0,23,23,1179,868,399427,22401,12844.583333333334,0.791931025732076,3,377026,0.248297,0.2440203637634584,418.7589420720439,0.077445793005252,1,35.2
2025-06-24,60,45730,559,Employed,Master,40,55877,24,Widowed,3,Other,332,0.6754241584253384,3,1,0.5346243875397626,0,Home,0,19,10,4274,8868,128353,38718,3810.8333333333335,0.628208519854886,6,89635,0.251377,0.2104853829207027,2872.608351701691,0.8409206258565557,0,59.0
2025-06-26,29,17609,611,Employed,Master,6,30829,24,0,1,Other,366,0.5419122685445141,3,0,0.0685325838445601,1,Debt Consolidation,0,23,18,1899,1439,40209,18722,1467.4166666666667,0.9377729556893192,8,21487,0.2003289999999999,0.1860750742794837,1548.174724516428,1.3044520809925113,0,62.0
2025-07-01,58,20929,669,Employed,Master,35,25536,36,1,2,Rent,333,0.4743088236950515,4,1,0.3534335811098905,0,Auto,0,26,9,3303,1785,88652,51720,1744.0833333333333,0.5899955032450122,5,36932,0.176036,0.1571442754283666,894.1738886157827,0.7036211316063545,0,52.0
2025-07-07,18,78146,507,Employed,Master,0,46340,36,Divorced,3,Mortgage,1129,0.2944735545564241,3,1,0.0786670058332664,0,Education,0,19,21,14534,1402,323809,102378,6512.166666666667,0.9187418988924616,6,221431,0.27784,0.2899011180750708,1941.6616099821333,0.4715268768687533,0,46.0
2025-08-12,50,65990,590,Employed,Master,24,8363,96,1,1,Own,221,0.371862165607756,2,0,0.520881419189726,0,Debt Consolidation,0,25,10,922,987,28138,27250,5499.166666666667,0.9499404838401444,14,7694,0.248363,0.2366698641255135,194.81749627255903,0.075614637903784,1,46.400000000000006
2025-08-16,34,36795,625,Employed,Master,8,81722,60,1,3,Rent,569,0.0746119061264471,2,1,0.2331591332133648,0,Other,0,25,3,3713,711,94999,8813,3066.25,0.7421290111681512,8,86186,0.274222,0.2471381485219899,2384.956917310468,0.9633777145733284,0,50.0
2025-08-20,34,67554,597,Employed,Master,12,47174,60,0,2,Own,437,0.1077433527396583,3,1,0.1500621205585968,0,Education,0,21,12,4746,3073,40191,78579,5629.5,0.6074283403282754,1,7465,0.253674,0.2850240441045279,1483.1323044716908,0.3410839869387496,0,49.0
2025-08-28,46,53362,550,Employed,Master,22,39882,36,Divorced,2,Own,534,0.2989961818473486,1,1,0.2048791171162554,0,Education,0,27,28,7544,2655,83611,8470,4446.833333333333,0.7199839488762936,10,75141,0.249882,0.2269896600664244,1537.570619537158,0.4658529934119017,0,50.0
2025-09-04,27,51695,494,Employed,Master,6,21961,36,1,1,Own,169,0.2159365280565968,3,1,0.4856843449155603,0,Other,0,25,7,33047,1267,34314,74293,4307.916666666667,0.7206122551029464,2,10549,0.259961,0.2303114979015497,850.4607811201173,0.2366482130465501,0,57.0
2025-09-07,39,54536,580,Employed,Master,17,25430,84,1,1,Mortgage,425,0.2255773159470485,3,1,0.2416578720464628,0,Education,0,19,7,8509,1479,159182,2298,4544.666666666667,0.8792619553983823,6,156884,0.26043,0.2448436207293639,635.3149255867313,0.2333097239812376,0,49.0
2025-09-15,61,52314,663,Employed,Master,40,17669,24,Divorced,1,Mortgage,694,0.3305516588125375,3,1,0.1901964367578894,0,Debt Consolidation,0,27,22,4503,3313,52632,6812,4359.5,0.7057106500707045,5,45820,0.1611689999999999,0.1557265715517472,861.5257397066696,0.3568128775562953,1,35.2
2025-09-16,49,37911,619,Employed,Master,28,7529,48,Divorced,4,Rent,678,0.3900240321092592,1,0,0.2026766043100336,0,Debt Consolidation,0,27,9,4768,938,148085,24039,3159.25,0.8219546621057071,3,124046,0.193029,0.1974487419885776,228.0880312943986,0.2868047895210568,0,47.0
2025-09-22,50,44572,555,Employed,Master,27,19514,36,0,3,Rent,936,0.4678506769352156,2,0,0.417121576565024,0,Education,0,29,18,4143,2613,14080,26529,3714.3333333333335,0.7135364127400355,3,2881,0.227014,0.1816112,707.056081281645,0.4423555814273476,0,58.0
2025-10-02,28,29353,609,Unemployed,Master,7,17360,96,1,1,Rent,222,0.422165197044871,4,0,0.4443757880208605,0,Other,0,22,7,758,2380,21829,37681,2446.083333333333,0.9156476003023448,5,7347,0.24786,0.2083979444424243,372.8905439574673,0.243201258048227,0,60.0
2025-10-03,58,63098,573,Employed,Master,38,24854,24,0,0,Own,345,0.1676124756779974,4,0,0.0673386825463713,0,Debt Consolidation,0,29,1,3288,3215,61440,1916,5258.166666666667,0.8139786023200107,4,59524,0.213354,0.2231702315559305,1293.2739837602153,0.3115675267856759,0,51.0
2025-10-08,59,84706,647,Employed,Master,33,12271,60,Divorced,3,Rent,345,0.2908265603150632,3,0,0.2233766779676675,0,Auto,0,18,21,4189,7659,19280,11964,7058.833333333333,0.7397403729852182,7,7316,0.193771,0.1845080334862175,314.6198496336362,0.0934460155786323,1,38.400000000000006
2025-10-11,43,48891,632,Employed,Master,24,27170,12,1,2,Mortgage,565,0.4014868662361931,2,2,0.0857501195894258,0,Auto,0,31,12,1980,2203,22964,11191,4074.25,0.7430618029631907,7,11773,0.17617,0.1544099636763741,2457.9758055774028,0.7419711126164086,0,49.0
2025-10-25,54,115775,599,Self-Employed,Master,30,12955,24,1,0,Rent,546,0.3187790518818512,8,0,0.3645332796631747,0,Other,1,32,1,719,1821,13308,11021,9647.916666666666,0.8886918763323154,5,2287,0.1884549999999999,0.2199850143411386,672.0719063460143,0.1262523245618844,0,66.0
2025-11-02,26,17412,509,Employed,Master,1,17769,48,Divorced,0,Own,486,0.3211766613607759,3,2,0.4226665149150263,0,Other,0,19,29,846,1178,22146,86736,1451.0,0.4920276063468711,0,2860,0.258269,0.2681691927766381,607.3181805966055,0.7534928880748487,0,58.0
2025-11-03,48,89278,590,Employed,Master,25,23523,72,1,0,Rent,274,0.2649621134521798,3,1,0.2386898240249719,0,Home,0,16,23,777,2352,57285,26550,7439.833333333333,0.7908336521864039,3,30735,0.243523,0.2319257436553697,607.807273876319,0.1185251381809161,1,40.8
2025-11-08,46,141109,648,Unemployed,Master,25,7850,36,1,3,Rent,418,0.1962101580334113,4,1,0.133417431022078,0,Auto,0,18,21,1176,70,287356,5687,11759.083333333334,0.9305223878013736,4,281669,0.16885,0.1693557697111817,279.6222866610279,0.0593262473685755,1,32.800000000000004
2025-11-22,32,23299,549,Employed,Master,5,22458,60,0,0,Mortgage,491,0.3527330771237394,4,1,0.5474978369377661,0,Home,0,26,1,6676,876,157848,3564,1941.5833333333333,0.8298386870528015,3,154284,0.252958,0.2430279497119298,650.0240845782557,0.5876771112467947,0,60.0
2025-11-24,18,66067,535,Employed,Master,0,14716,48,Widowed,2,Own,422,0.2915065129884288,5,1,0.2930596381818112,0,Education,0,23,11,12044,2174,19182,11413,5505.583333333333,0.7183117043031483,4,7769,0.242216,0.2415814721179617,481.0561291584863,0.1640255127355841,0,52.0
2025-11-26,33,63368,591,Employed,Master,11,33529,48,0,0,Mortgage,326,0.2056566644605003,6,0,0.3029417099846224,0,Auto,0,27,14,7175,278,30216,22466,5280.666666666667,0.8146049176303569,9,7750,0.233029,0.2435336537322524,1099.6672377030677,0.2699786462005556,0,54.0
2025-11-30,41,120101,568,Self-Employed,Master,16,53242,96,1,3,Mortgage,256,0.0626375039646609,1,1,0.153281952510115,0,Auto,0,24,8,6828,3345,160219,24015,10008.416666666666,0.8520033775376642,7,136204,0.304242,0.3185831898480403,1537.7991037122129,0.1792290592463556,0,47.0
2025-12-08,36,25567,627,Employed,Master,15,17022,36,0,5,Mortgage,368,0.0593410571691829,2,1,0.2101426022161572,0,Debt Consolidation,0,24,18,2901,817,45432,122758,2130.583333333333,0.8847935518777855,3,7635,0.188522,0.2053672023803357,637.2631830815507,0.471825329408167,0,50.0
2025-12-14,21,123813,624,Self-Employed,Master,0,15860,48,1,2,Own,1034,0.2379491575222311,4,0,0.1806194496760386,0,Debt Consolidation,0,22,21,2851,6854,22570,25081,10317.75,0.8456798637412978,10,4904,0.19886,0.2079544529218633,489.3726394347685,0.1476458180741701,1,38.400000000000006
2025-12-30,31,129493,619,Employed,Master,11,19190,60,1,2,Rent,580,0.3212392328747055,1,2,0.4837259632664378,0,Home,0,27,15,3391,654,7423,12790,10791.083333333334,0.8632995863525246,3,8078,0.21469,0.2330179919690316,544.3077787333029,0.1041885920072871,1,40.8
2026-01-23,43,45847,528,Employed,Master,19,24439,60,Widowed,0,Own,530,0.2135184951344819,5,0,0.2106610284865946,0,Debt Consolidation,0,27,6,1090,1180,50958,86583,3820.5833333333335,0.8741105380126554,6,2560,0.265439,0.2973562700925187,786.7206635779665,0.3446386451225947,0,55.0
2026-02-03,60,42497,636,Employed,Master,36,16893,84,1,0,Own,335,0.1246041386413994,5,0,0.1901708856912218,0,Home,0,25,14,2960,1122,372781,12141,3541.4166666666665,0.7484559004189884,6,360640,0.223893,0.2400745559931728,416.9281219505042,0.2123241043698626,1,32.800000000000004
2026-02-06,53,23097,637,Employed,Master,31,29181,108,0,0,Own,364,0.0328914216337868,5,2,0.1100257124403472,0,Home,0,23,10,985,4526,5511,27817,1924.75,0.8366602090469708,1,1737,0.255681,0.252718761104316,686.8844339166949,0.5459848987747473,0,48.0
2026-02-10,33,45692,616,Employed,Master,11,28402,36,Divorced,0,Mortgage,329,0.1129026539439812,7,0,0.3087124559206406,0,Debt Consolidation,1,24,22,1302,673,512395,17854,3807.6666666666665,0.7309702309712688,9,494541,0.205402,0.2347646263659125,1106.4991303573088,0.3770023103450868,0,51.0
2026-02-14,44,56364,556,Self-Employed,Master,22,21750,36,1,0,Own,307,0.4521043776467682,4,2,0.0749486955534516,0,Home,1,25,28,1760,1263,23028,3374,4697.0,0.930033842815162,5,19654,0.2287499999999999,0.2276420624532115,839.2657830214008,0.244042108371599,0,60.0
2026-02-20,23,30138,565,Employed,Master,0,21924,120,1,0,Mortgage,306,0.1813481322289409,5,1,0.2896969651574966,0,Auto,0,25,23,252,1136,154674,89580,2511.5,0.6180809927485916,2,65094,0.294424,0.2842587756440866,552.6304582043696,0.3418795374096633,0,50.0
2026-03-03,43,101292,626,Employed,Master,19,23099,48,Divorced,2,Mortgage,421,0.3675775699077676,1,1,0.498716140429002,0,Auto,0,19,9,1272,681,2760,48706,8441.0,0.6536433415042161,1,9524,0.205099,0.2260452977006594,735.3610112365676,0.1369933670461518,1,42.400000000000006
2026-03-05,28,17203,627,Employed,Master,7,19925,60,Divorced,2,Mortgage,317,0.2985743204612994,1,0,0.0901696934899823,0,Home,0,22,11,6559,1927,126159,29455,1433.5833333333333,0.6311207520444044,3,96704,0.211425,0.2084317599191827,537.2819498613356,0.5959067254743956,0,47.0
2026-03-10,58,38550,583,Employed,Master,35,28811,60,0,4,Mortgage,267,0.4779349165737011,2,1,0.244082247833921,1,Other,0,18,5,4864,1029,28557,24894,3212.5,0.9513594578907076,4,3663,0.242311,0.2777210060090703,893.0971186519693,0.3611197256504184,0,68.0
2026-03-11,47,105776,613,Unemployed,Master,23,14319,72,1,2,Rent,309,0.2116970363551829,2,1,0.4833357292878839,0,Education,0,24,27,630,1184,147160,57576,8814.666666666666,0.8990426950205196,9,89584,0.222819,0.2328220641750094,370.7590859224021,0.0771168226352747,1,42.400000000000006
2026-03-20,18,43974,532,Employed,Master,0,48994,60,Divorced,4,Own,373,0.2260489044842379,3,1,0.0968421979593699,0,Other,1,26,17,699,690,60853,27601,3664.5,0.7832621294211718,4,33252,0.287994,0.2909077381725925,1557.8698527412946,0.5269122261539895,0,57.0
2026-03-22,35,60952,581,Employed,Master,13,40297,60,0,1,Mortgage,206,0.2420519461280038,2,2,0.1153792093293835,0,Debt Consolidation,0,33,13,2533,354,140455,6549,5079.333333333333,0.7515055722314714,8,133906,0.254797,0.2343721621157928,1146.1367496491412,0.2662035863595894,0,46.0
2026-03-25,23,27986,569,Employed,Master,5,21305,12,1,2,Rent,201,0.1276474783309708,2,0,0.3677122956480596,0,Debt Consolidation,1,17,2,11380,922,120998,29579,2332.1666666666665,0.9873825363257156,4,91419,0.201805,0.222514063164419,1996.6069637423775,0.9423027072432122,0,63.0
2026-03-31,55,43928,603,Unemployed,Master,34,26918,36,0,2,Mortgage,420,0.414898822858912,4,3,0.3686885094292509,0,Debt Consolidation,0,22,14,693,1136,59412,4330,3660.6666666666665,0.9771811450603832,3,55082,0.210418,0.2277454632344874,1038.8278710064835,0.3985142608832135,0,54.0
2026-04-02,23,74489,526,Employed,Master,0,36766,12,0,0,Mortgage,736,0.4279973890852839,3,1,0.3174893932926707,1,Other,0,29,9,4325,240,112103,4693,6207.416666666667,0.8810059657636304,6,107410,0.238766,0.2482530156736201,3491.2790418443437,0.6810045577485552,0,64.0
2026-04-20,32,36345,603,Self-Employed,Master,10,41723,96,Divorced,2,Mortgage,480,0.2593879576319581,4,1,0.2447631808108482,0,Home,0,27,11,6354,590,9318,9201,3028.75,0.7620011950600035,2,5285,0.275223,0.303073150329411,1159.5335563833762,0.5413235019012386,0,53.0
2026-04-25,35,62067,608,Employed,Master,10,63364,60,1,1,Mortgage,287,0.2152690806662624,4,1,0.4464764717258714,0,Debt Consolidation,0,36,19,682,6495,67956,2583,5172.25,0.9045061348081438,8,65373,0.264364,0.2486267784826138,1854.719464775806,0.4140788756877193,0,51.0
2026-05-03,48,44843,631,Employed,Master,23,23526,36,1,0,Own,201,0.224636573226142,3,4,0.7448337518459922,0,Other,0,16,15,1673,2438,189976,130942,3736.9166666666665,0.7907861302913229,9,59034,0.193026,0.1805133565255987,851.1272330018072,0.2815495572557966,0,54.0
2026-05-13,60,159571,579,Employed,Master,39,32509,36,0,1,Rent,142,0.1882520990870316,3,1,0.0752764622851774,0,Other,0,19,5,13296,1070,41515,14648,13297.583333333334,0.9632964026412774,6,26867,0.228009,0.2079335143832215,1221.3322280922914,0.1025248117584492,1,39.2
2026-06-02,31,30496,544,Employed,Master,13,32576,36,1,2,Mortgage,308,0.5161940323849324,2,2,0.1640113419608379,0,Debt Consolidation,1,22,11,3382,85,86644,50644,2541.333333333333,0.8009509720635687,10,36000,0.245576,0.211011716148185,1228.9958160121043,0.6047989832156758,0,58.0
2026-06-06,42,16279,668,Self-Employed,Master,22,22153,72,1,2,Rent,470,0.4993573870500432,2,0,0.2494466711818627,0,Auto,0,35,25,6896,2772,30247,24982,1356.5833333333333,0.8360319932381113,6,5265,0.203153,0.1625224,483.6211381038841,0.7029580230509619,0,52.0
2026-06-10,18,61157,564,Employed,Master,0,10051,24,Widowed,0,Mortgage,261,0.4726846626884694,2,0,0.1811998772898997,0,Home,0,28,15,3644,369,254668,57716,5096.416666666667,0.8160060273411537,4,196952,0.2030509999999999,0.2048548024628833,513.9406194452143,0.152055977784106,1,37.6
2026-06-11,26,17687,549,Employed,Master,2,18266,36,1,0,Rent,397,0.0941174824555038,2,2,0.1371898573174654,0,Home,0,13,26,1709,303,51500,13444,1473.9166666666667,0.8359693895628338,3,38056,0.228766,0.2113256236232069,689.4166368744349,0.7370950213429761,0,51.0
2026-06-16,18,39012,569,Employed,Master,0,13570,36,Divorced,1,Rent,560,0.0710882233111439,4,0,0.366299959777194,0,Other,0,23,24,1729,887,49361,45769,3251.0,0.8258272172779875,6,3592,0.21407,0.2504921163742962,539.894092356837,0.3383248515400914,0,54.0
2026-06-25,47,45116,632,Employed,Master,25,26405,84,Divorced,0,Mortgage,342,0.1339173532013609,5,1,0.4630104976556529,0,Debt Consolidation,0,27,1,4214,1112,42494,32019,3759.6666666666665,0.5869889148401016,5,10475,0.235405,0.2472553157555911,663.7270197286854,0.2675043052740541,0,57.0
2026-06-30,59,129937,626,Employed,Master,34,16787,60,1,2,Own,381,0.0555907568692227,1,1,0.0620565088027789,0,Other,0,17,25,28273,453,28726,40334,10828.083333333334,0.7780960931441939,6,10705,0.208787,0.1949261927589357,440.0269126549222,0.075823845031508,1,35.2
2026-07-09,36,25944,594,Employed,Master,10,11372,48,1,2,Other,356,0.1712318004201291,5,1,0.2344623863229604,0,Debt Consolidation,0,25,28,3946,1540,34693,53796,2162.0,0.919953878492927,5,8967,0.209372,0.2382501124705122,369.6488054752709,0.335637745363215,0,53.0
2026-07-14,37,42159,528,Self-Employed,Master,15,14283,108,1,1,Mortgage,481,0.2037200411722622,1,1,0.3194119566811245,0,Debt Consolidation,0,23,4,776,5895,155073,31551,3513.25,0.7372415548267793,5,123522,0.2952829999999999,0.3407699283871207,426.3193183842743,0.2582564060013589,0,57.0
2026-07-16,52,70408,598,Employed,Master,31,13402,48,Divorced,2,Rent,225,0.4172524947759982,4,2,0.3154398093920441,0,Auto,0,25,24,2763,37,33487,22792,5867.333333333333,0.9268464738283848,7,10695,0.209402,0.242515299195839,438.795498280334,0.1131341037859903,1,44.0
2026-07-24,18,19250,590,Employed,Master,0,5771,36,1,0,Other,363,0.4208316108478819,0,1,0.0901133634363753,0,Home,0,29,17,4367,314,7287,48346,1604.1666666666667,0.6444136444572018,2,4387,0.195771,0.2155219791823014,219.06243430910564,0.3628441148939879,0,53.0
2026-07-25,55,112501,648,Employed,Master,35,58625,36,Divorced,1,Mortgage,866,0.2042276915213883,2,1,0.2587906071011847,0,Education,0,20,18,1579,1436,9714,65514,9375.083333333334,0.9413264728009736,3,1421,0.219625,0.2256106948354302,2255.967502400268,0.3330069068613008,0,48.0
2026-08-11,45,91052,549,Employed,Master,22,27537,36,1,0,Rent,797,0.6647132334296355,4,4,0.130519989002237,0,Home,0,18,25,1304,735,84628,11090,7587.666666666667,0.5393467412743463,4,73538,0.238037,0.2099626146646439,1037.405472564668,0.2417614733424418,1,39.2
2026-08-19,18,40069,452,Employed,Master,0,15931,48,0,0,Mortgage,260,0.1919435333221024,5,2,0.1799863004130827,0,Home,0,19,18,1004,4303,132564,13792,3339.083333333333,0.7804505113961645,2,118772,0.284931,0.2698216814657236,545.9905829203597,0.2413807930081687,0,46.0
2026-08-23,25,52154,406,Employed,Master,2,33643,24,0,0,Own,629,0.2512501863879692,2,2,0.2389800104739792,0,Education,0,22,2,1530,259,60055,10872,4346.166666666667,0.7298331014359823,2,49183,0.305643,0.3220501751163599,1919.471229454768,0.586372181490532,0,56.0
2026-09-02,35,35153,544,Employed,Master,11,18014,60,1,0,Mortgage,536,0.5067780759826543,3,0,0.3511885584891845,0,Debt Consolidation,0,17,8,7759,484,72260,45076,2929.4166666666665,0.7922936029938862,11,27184,0.251014,0.2070413465467009,484.3459168795665,0.3483102723111768,0,57.0
2026-09-05,35,67109,597,Self-Employed,Master,12,33033,60,0,1,Mortgage,199,0.4255444881590119,4,1,0.176390789671312,0,Home,0,24,26,1655,2003,334950,11630,5592.416666666667,0.7483141669293067,2,323320,0.239533,0.2494334231313262,968.4653354954012,0.2087586467678674,1,38.400000000000006
2026-09-21,55,100856,606,Employed,Master,35,12280,36,1,2,Mortgage,1497,0.3927036722493162,3,1,0.3857323383120181,0,Home,0,18,17,990,3942,334821,9662,8404.666666666666,0.8985089760874507,4,325159,0.1942799999999999,0.2331359999999999,477.3648690623983,0.2349129296100259,1,35.2
2026-09-29,32,28167,587,Employed,Master,9,41402,72,1,4,Rent,224,0.4036950478091374,2,1,0.1377421564060349,0,Home,0,23,25,6858,741,95823,43268,2347.25,0.8810359335721599,11,52555,0.2629019999999999,0.2615468360940258,1144.766284446368,0.5831361314075484,0,51.0
2026-10-02,48,32453,546,Employed,Master,24,12262,60,0,0,Own,1070,0.5013219389772615,3,1,0.3805589316547808,0,Debt Consolidation,0,23,24,962,1930,68341,11075,2704.4166666666665,0.8025753023715146,7,57266,0.2442619999999999,0.2715999632528326,375.5976598341624,0.534532151665792,0,54.0
2026-10-05,45,159400,646,Employed,Master,24,14238,72,1,0,Rent,830,0.383111523206707,5,1,0.2707632685833267,0,Other,0,25,16,3145,619,83512,2034,6974.666666666667,0.6746901400358859,5,81478,0.206238,0.1973804224387448,338.88182628677083,0.1675896329029015,1,36.0
2026-10-07,45,68629,651,Employed,Master,23,14947,60,1,2,Own,134,0.2051477740824991,2,0,0.6365973330032458,0,Home,0,24,5,8190,1741,32582,29129,5719.083333333333,0.7363160783704692,6,3453,0.1944469999999999,0.1938882524454381,390.938286156961,0.091787137126922,1,43.2
2026-10-13,49,19012,627,Unemployed,Master,21,17701,36,Divorced,1,Mortgage,1690,0.0974756221479075,1,2,0.1828848170435346,0,Other,0,17,2,10503,2956,85874,54622,1584.3333333333333,0.9197544521671068,6,31252,0.189201,0.1861891923867601,645.442766769194,1.4740854829176482,0,55.0
2026-10-23,33,128748,615,Employed,Master,10,18252,72,1,0,Rent,223,0.0330382901402158,4,1,0.2536982097155596,0,Home,0,22,22,4148,128,239280,7361,10729.0,0.9523038445073744,4,231919,0.2257519999999999,0.246366720881555,487.5960155363941,0.0662313370804729,1,33.6
2026-11-02,54,94162,562,Employed,Master,30,15231,72,Divorced,3,Own,853,0.2494600193145063,1,0,0.2156881341029023,0,Other,0,23,11,9612,1606,903531,29180,7846.833333333333,0.829782899514939,8,874351,0.2492309999999999,0.2192762542166507,382.0419998156372,0.1573936832032842,1,34.4
2026-11-14,51,71866,621,Unemployed,Master,25,15916,48,1,2,Own,458,0.1769478960645555,3,0,0.104801273782771,0,Education,0,23,9,4331,733,100998,57126,5988.833333333333,0.9683616700204514,6,43872,0.200416,0.2074485016499659,490.6683715995388,0.158406206818168,0,50.0
2026-11-16,74,97999,693,Employed,Master,49,17623,36,Divorced,3,Rent,380,0.123255558677823,2,2,0.2220329130226598,0,Auto,0,16,22,16333,7660,43454,17925,8166.583333333333,0.7816729671246705,8,25529,0.1561229999999999,0.1779535812060956,635.3059775880927,0.1243244495459863,1,35.2
2026-11-24,18,21441,596,Employed,Master,0,11731,24,0,2,Rent,209,0.2287320160249494,1,0,0.4856547398778189,1,Home,0,27,24,1165,739,33177,9936,1786.75,0.8356275893455709,3,23241,0.1887309999999999,0.2166273806150639,606.6306050781093,0.4564883755859014,0,70.0
2026-11-27,47,48756,620,Unemployed,Master,22,14271,60,1,2,Mortgage,228,0.1445352095943397,6,1,0.5548913617050883,0,Home,0,23,12,4344,307,177247,4227,4063.0,0.8548887864024906,6,173020,0.209271,0.2045885559576564,381.74701989833807,0.1500731035929948,1,43.2
2027-01-06,55,77123,668,Unemployed,Master,32,34548,36,0,1,Rent,518,0.4596196488493468,5,2,0.2016548727346205,0,Home,0,32,12,14433,2025,44303,2669,6426.916666666667,0.973970602371072,6,41634,0.185548,0.2029125412964122,1289.0602046372917,0.2811706294574576,0,50.0
2027-01-12,26,64990,645,Employed,Master,6,15036,72,0,2,Mortgage,270,0.2296268560933614,1,0,0.4616418033693236,0,Home,0,19,24,3216,1276,124300,10844,5415.833333333333,0.7120221772453098,1,113456,0.207536,0.2211907159759012,378.8598942729313,0.1198079509351465,1,39.2
2027-01-13,53,19120,679,Employed,Master,28,10996,24,1,2,Mortgage,186,0.5179764459973434,2,0,0.1771602962288908,0,Home,0,27,5,5595,233,107991,54482,1593.3333333333333,0.7525297374918383,6,53509,0.146496,0.1543555919268267,535.4375133451884,0.4527850502166455,0,47.0
2027-01-22,61,65324,571,Employed,Master,40,19678,120,0,1,Rent,385,0.2349591173680961,3,1,0.6230426596928355,0,Home,0,20,7,11674,896,34827,19870,5443.666666666667,0.9305304816526788,2,14957,0.289178,0.3026394908890814,522.587855245288,0.1667236278082091,0,59.0
2027-01-24,25,26742,631,Employed,Master,3,32319,72,1,1,Own,328,0.0380045398178135,5,0,0.4352916488487794,0,Auto,0,30,11,2992,1579,7384,47193,2228.5,0.8790541568285111,4,7085,0.231819,0.2114245573882739,795.6821886520098,0.5042325280017993,0,54.0
2027-02-04,29,24620,582,Self-Employed,Master,7,59618,60,1,0,Mortgage,487,0.2717766502145019,2,1,0.3055206071562973,0,Education,0,29,27,3916,1870,121999,4567,2051.6666666666665,0.7349469928659507,5,117432,0.273618,0.3122345187098624,1973.8863153439268,1.199457180508819,0,55.0
2027-02-05,21,23852,587,Employed,Master,0,26563,48,0,0,Mortgage,460,0.244661297254925,3,1,0.0581985063421028,0,Auto,0,24,23,785,7243,42025,9611,1987.6666666666667,0.7601817900971041,1,32414,0.228063,0.2564577090998757,890.3471124842035,0.6793629611693125,0,52.0
2027-02-13,50,46776,536,Employed,Master,23,20203,24,1,0,Mortgage,245,0.0532417584058141,7,1,0.1348308387228007,0,Debt Consolidation,0,18,2,2282,1214,33986,5482,3898.0,0.9593543956223516,9,28504,0.227203,0.2416359277157411,1069.8050750471727,0.3373024820541746,0,54.0
2027-02-15,59,41443,613,Employed,Master,36,13830,24,Widowed,3,Rent,530,0.4393216880903921,3,0,0.1229906107785037,0,Auto,1,19,2,216,830,73860,75385,3453.583333333333,0.5355532309553376,7,8355,0.18233,0.218796,716.6528540311826,0.3609737289379193,0,59.0
2027-02-18,23,41575,613,Employed,Master,2,28249,60,1,0,Rent,415,0.0972939413744486,8,0,0.2762378803897017,0,Education,0,20,2,2299,1657,369554,13647,3464.583333333333,0.9013970696433272,5,355907,0.2267489999999999,0.1971420513042022,743.940641365263,0.3345108285359748,0,47.0
2027-02-19,23,106482,563,Employed,Master,2,23196,36,Divorced,4,Rent,352,0.150689171098385,7,3,0.2926847340263251,0,Home,0,27,2,621,1953,6165,9376,8873.5,0.5262048351823371,3,8083,0.2266959999999999,0.1987328594064401,860.5495786633343,0.1366484001423715,1,43.2
2027-02-21,46,37869,643,Employed,Master,26,30974,12,1,1,Mortgage,626,0.0320793864696305,3,3,0.1424976620647864,0,Debt Consolidation,0,29,2,5961,4011,9972,232745,3155.75,0.7418163510738691,4,6728,0.174474,0.1929415185246179,2858.807968024385,1.1042725082862663,0,51.0
2027-02-22,61,29857,672,Employed,Master,41,10358,24,Divorced,0,Mortgage,443,0.3515849048431199,2,1,0.2779771827512814,0,Other,0,29,16,1956,2863,85498,85442,2488.083333333333,0.8767251191186379,8,5505,0.149358,0.1751814102710193,514.7054830002919,0.3849169640621463,0,48.0
2027-03-06,35,60825,475,Employed,Master,15,21091,96,Divorced,1,Other,345,0.6027613669067835,3,0,0.0333594529136713,0,Auto,0,18,20,1158,6807,19335,168494,5068.75,0.5817275566131946,2,2188,0.318591,0.3180401942857294,608.3640625449898,0.1880866214638697,0,52.0
2027-03-13,45,137663,562,Employed,Master,25,15425,60,1,0,Other,517,0.261838068442038,0,0,0.2887588840483455,0,Debt Consolidation,0,18,3,3169,5260,24620,30976,11471.916666666666,0.532251304757056,4,2562,0.239425,0.2525799317800963,455.08019611625735,0.0847356395937549,1,42.400000000000006
2027-03-21,33,66880,633,Employed,Master,10,19470,48,1,1,Mortgage,167,0.2979954162913836,5,1,0.4880705349951681,0,Auto,0,22,8,4279,3973,76087,23940,5573.333333333333,0.6466822363054859,6,52147,0.19797,0.2073131380451413,600.0918927891935,0.1376361051655251,1,41.6
2027-03-27,57,182454,578,Self-Employed,Master,33,11888,36,1,0,Rent,257,0.3533126218541613,6,1,0.3249707243491799,0,Auto,0,20,14,834,1079,54110,16969,15204.5,0.9100645917468536,5,37141,0.207888,0.199395658511073,441.43469912144514,0.0459360517689792,1,44.0
2027-03-29,19,35178,488,Employed,Master,0,12225,60,0,1,Own,791,0.5158214588968851,3,1,0.0865539019675236,0,Debt Consolidation,0,24,21,4334,723,72139,4813,2931.5,0.860228120617228,2,67326,0.273225,0.2519723168506763,360.2348788485872,0.3927118808966697,0,50.0
2027-04-02,46,75330,570,Employed,Master,22,18964,48,Widowed,0,Rent,414,0.0389017446276106,3,1,0.1536125792138923,0,Debt Consolidation,0,27,10,13517,500,26370,20472,6277.5,0.7814567675350338,4,5898,0.228964,0.2139694892369455,591.2898788272657,0.1601417568820813,1,39.2
2027-04-03,31,63188,615,Employed,Master,8,10611,72,1,3,Own,232,0.223908321289644,4,4,0.1091696929048978,1,Home,0,24,4,6511,238,245466,29767,5265.666666666667,0.8900544713591451,3,215699,0.218111,0.2131140376277137,262.2935661984952,0.0938710323856102,0,58.0
2027-04-12,50,21199,674,Employed,Master,26,32593,48,1,2,Mortgage,446,0.2271621412369476,4,1,0.2611788164601306,0,Debt Consolidation,0,20,29,1741,471,122376,38552,1766.5833333333333,0.976107097745872,8,83824,0.1905929999999999,0.2015437141664363,994.499492993331,0.8154155345025695,0,46.0
2027-04-16,39,29454,625,Employed,Master,18,53072,96,1,3,Mortgage,408,0.1385880381806133,4,1,0.2384282118004869,0,Home,0,24,25,901,604,70959,4357,2454.5,0.6496252002869388,3,66602,0.275572,0.2824942380708256,1399.2744934601328,0.7363106512365585,0,48.0
2027-04-19,23,36518,470,Employed,Master,0,18121,72,0,2,Rent,276,0.3793588020364701,3,0,0.2365067179352628,0,Debt Consolidation,0,17,2,1498,544,27994,13151,3043.1666666666665,0.6313929600291536,4,14843,0.2981209999999999,0.2765370537122201,518.0448947504017,0.2609271793911172,0,57.0
2027-04-20,46,25570,588,Self-Employed,Master,23,33757,48,1,0,Mortgage,312,0.4579834824553149,5,2,0.0850380523450592,0,Debt Consolidation,1,19,23,6159,1740,106314,42627,2130.833333333333,0.7691045669144514,5,63687,0.234757,0.2817084,1179.8061671068206,0.7001045758811828,0,60.0
2027-05-27,38,59363,582,Employed,Master,19,11876,60,1,4,Own,397,0.5148560013010062,2,0,0.1582753828498722,0,Debt Consolidation,0,25,16,8260,819,51558,62124,4946.916666666667,0.8257851016092006,2,3121,0.225876,0.215102492850976,324.7038245143795,0.1458896264368807,1,40.8
2027-05-28,67,78667,542,Self-Employed,Master,45,21855,72,0,0,Mortgage,253,0.0806330647584427,3,1,0.4491300453351912,0,Auto,0,17,10,17137,23405,101459,64475,6555.583333333333,0.7661461437025174,3,36984,0.265855,0.2676741067963945,612.6339965275644,0.1320453043630845,0,58.0
2027-06-02,43,87075,655,Self-Employed,Master,23,16528,48,0,0,Other,585,0.2142437740263613,3,0,0.1357488392734059,0,Education,0,23,29,3065,2021,61880,936,7256.25,0.82602203452368,7,60944,0.184028,0.2142087266642232,515.5498734191426,0.1516692332016045,1,35.2
2027-06-03,41,70929,616,Employed,Master,16,17870,36,0,3,Mortgage,201,0.6080368724881664,4,1,0.3910307516765301,0,Education,1,25,29,795,386,75170,2266,5910.75,0.9375046596837032,9,72904,0.19487,0.1704321536945753,637.4986480107913,0.1418599412952317,1,45.6
2027-06-04,32,34394,570,Employed,Master,10,15465,36,0,1,Rent,624,0.3886777374900242,4,0,0.1433306000291889,0,Home,0,23,21,11346,565,404526,10445,2866.1666666666665,0.6446184829344198,8,394081,0.215465,0.2560379658540518,619.83506848682,0.4339716468524115,0,45.0
2027-06-18,64,44825,668,Employed,Master,41,66659,48,0,3,Own,263,0.2595801477086172,1,1,0.671674113672772,0,Auto,0,19,17,4253,472,14877,25458,3735.4166666666665,0.9314257591711952,5,3628,0.227659,0.2524503638137249,2219.340885846695,0.6645418991669904,0,53.0
2027-06-20,35,50704,519,Unemployed,Master,12,19490,84,0,4,Rent,328,0.4047738411387889,0,1,0.4236664532468908,0,Debt Consolidation,0,22,20,1562,1340,8271,17166,4225.333333333333,0.8966408449610542,2,8142,0.28499,0.2699085733398013,518.4001568413329,0.2003155940773113,0,60.0
2027-06-21,40,70722,588,Employed,Master,17,12119,48,Divorced,4,Rent,388,0.42433053407922,4,0,0.3208915833380671,0,Debt Consolidation,0,27,14,3424,1955,18792,57983,5893.5,0.6072882571174887,6,8863,0.213119,0.1979262031733632,367.4478501655877,0.1281832273123929,1,44.0
2027-06-25,41,15000,562,Unemployed,Master,16,12108,60,1,3,Other,264,0.2186979777501191,6,3,0.0520249088698405,0,Auto,0,31,14,1323,313,71668,31744,1250.0,0.8736917225360677,1,39924,0.2361079999999999,0.2814564693120731,378.0571175915336,0.5136456940732269,0,55.0
2027-06-29,35,54297,630,Employed,Master,13,26864,36,1,0,Mortgage,753,0.2383009269453317,2,0,0.1483535914760247,0,Debt Consolidation,0,22,10,1416,245,20977,13198,4524.75,0.4820370010220061,10,7779,0.196864,0.1957809634960409,992.596897597388,0.3857885844737031,0,47.0
2027-06-30,41,53374,626,Employed,Master,14,31381,120,0,0,Other,420,0.2137692967807573,3,0,0.1945786586363642,0,Debt Consolidation,0,26,3,836,5073,413142,12467,4447.833333333333,0.8743613977545276,5,400675,0.273381,0.2619061169989616,740.4019373566987,0.2608915061318317,0,44.0
2027-07-08,24,70800,594,Employed,Master,0,58542,36,1,1,Mortgage,666,0.2863029206393194,1,0,0.4675865606889505,0,Education,0,31,10,2667,1084,44868,66837,5900.0,0.8072370502388436,6,8812,0.246542,0.2253192066819745,2251.8871489246094,0.494557143885527,0,56.0
2027-07-10,18,42319,526,Employed,Master,0,10037,84,1,4,Mortgage,180,0.1732714468513024,4,2,0.2168771665305681,0,Auto,0,29,29,436,385,795425,45977,3526.583333333333,0.6645238621285866,8,749448,0.272037,0.2842949998092649,276.46543520328584,0.1294356015605149,1,35.2
2027-07-14,18,117959,546,Unemployed,Master,0,16899,24,0,0,Mortgage,233,0.0724867248836608,3,1,0.283831143280098,0,Education,0,23,4,1417,1494,68347,33951,9829.916666666666,0.7396664808182338,5,34396,0.2188989999999999,0.1751192,839.6875097950838,0.1091247816405785,1,44.8
2027-07-17,27,48872,614,Employed,Master,4,14291,108,1,0,Rent,320,0.5036316133507115,11,1,0.1127986607794434,0,Auto,0,30,19,2247,1833,86309,96743,4072.6666666666665,0.9891939836854158,5,9846,0.252291,0.2469952523465606,330.78897302584744,0.1597943132327338,0,49.0
2027-07-18,33,28884,579,Employed,Master,9,13890,36,0,0,Rent,337,0.3173249074697474,1,2,0.3593881867156047,0,Other,0,17,8,6449,871,15363,3084,2407.0,0.7569465192948209,4,12279,0.20939,0.1843708954638791,505.2076193457879,0.3498993017639334,0,57.0
2027-07-22,20,38477,613,Employed,Master,0,27492,12,Widowed,1,Rent,353,0.2936289610508527,6,0,0.267869538685001,0,Auto,0,14,26,1690,1702,156660,6594,3206.4166666666665,0.8958255013543581,5,150066,0.185992,0.1669899246919851,2503.475530480005,0.8908622388897282,0,46.0
2027-07-31,37,111092,520,Employed,Master,14,20370,36,1,0,Other,671,0.2531028414286067,4,2,0.3668250795744289,0,Auto,0,21,28,2800,1458,314701,33777,9257.666666666666,0.6880167488939412,7,280924,0.24537,0.2509209000851396,810.900109661106,0.1600727443554286,1,37.6
2027-08-06,33,34527,592,Employed,Master,8,22888,120,0,0,Own,188,0.414157840476789,7,0,0.4728506641877252,1,Home,0,35,3,4240,8861,26633,66997,2877.25,0.8587407462337809,6,5159,0.281888,0.2776895631777567,566.0020271369219,0.2620564869708652,0,73.0
2027-08-09,39,29468,626,Employed,Master,13,23601,36,1,0,Rent,360,0.3746062339124149,7,1,0.1358070083117986,0,Home,0,25,5,2144,976,166571,82884,2455.6666666666665,0.8005718877714432,8,83687,0.195601,0.1847788852573587,858.9012658784648,0.4963626710513634,0,49.0
2027-08-12,54,47196,614,Employed,Master,32,33540,48,1,0,Rent,528,0.2148341364143502,2,2,0.3395820462145874,1,Other,0,22,12,627,510,56685,7652,3933.0,0.9116206695045606,4,49033,0.22154,0.2127699159439318,1043.5928215434349,0.3995913606772018,0,64.0
2027-08-14,60,80579,527,Employed,Master,37,46523,96,Divorced,1,Other,344,0.4559934062128796,2,1,0.3400093306666263,0,Debt Consolidation,1,31,15,6099,4850,564437,3511,6714.916666666667,0.7749618232053854,4,560926,0.318023,0.2878667458963559,1243.7987698365482,0.2364584474619761,1,41.6
2027-08-22,46,196115,574,Employed,Master,22,15133,96,1,2,Mortgage,508,0.5121025555600708,2,0,0.0628024098664459,0,Home,1,21,20,4392,1406,215270,6110,16342.916666666666,0.8139359467121744,3,209160,0.263133,0.2277600158721255,343.76461428047367,0.0521182743358013,1,40.8
2027-08-26,33,79424,501,Employed,Master,10,56242,72,Widowed,0,Rent,240,0.3005112406968718,4,2,0.6467660751740224,0,Debt Consolidation,0,28,24,3175,1832,107819,9822,6618.666666666667,0.7936004873401418,2,97997,0.3207419999999999,0.3335335292833708,1815.4022064367844,0.3105462640667986,0,56.0
2027-08-28,37,92789,558,Employed,Master,12,23743,12,1,2,Own,783,0.1401173514839427,5,0,0.2506126247816439,0,Auto,0,21,28,3360,507,43054,8943,7732.416666666667,0.7342676594016632,7,34111,0.209743,0.2132270953557066,2214.4793078716407,0.3876510329291154,1,40.0
2027-08-29,64,60524,667,Unemployed,Master,44,45135,48,Divorced,2,Mortgage,318,0.108195990592921,7,1,0.3068551880321023,0,Education,1,22,14,1481,585,43380,25946,5043.666666666667,0.8223178430653045,9,17434,0.206635,0.2138538513965527,1407.009355980476,0.3420149407138608,0,56.0
2027-09-02,62,43559,643,Employed,Master,41,11776,24,0,1,Own,442,0.4641196857633407,8,0,0.2225363062378587,1,Debt Consolidation,0,32,13,9682,1942,58643,93332,3629.9166666666665,0.4711303862541187,4,1350,0.165276,0.1421898323281649,566.6187121563086,0.2778627733849653,0,63.0
2027-09-04,25,110892,628,Employed,Master,1,6308,36,0,1,Rent,698,0.1503446901144706,3,0,0.6058348368754675,1,Auto,0,22,3,2741,1862,288780,16137,9241.0,0.7914499935165262,6,272643,0.177308,0.195132511364161,232.86635891236017,0.1007322106819998,1,49.6
2027-09-05,65,31060,633,Employed,Master,44,20059,84,Divorced,0,Mortgage,265,0.3289764712449352,2,0,0.3168041886623149,0,Auto,0,18,25,15031,2079,42227,10712,2588.333333333333,0.9686193129770196,7,31515,0.228559,0.2481495563783786,505.35530284182687,0.297626002385767,0,52.0
2027-09-12,57,112533,616,Self-Employed,Master,35,18325,36,0,3,Rent,238,0.2577732165905173,0,1,0.2840719984502785,0,Home,0,13,14,56060,491,56551,5096,9377.75,0.7289697038667414,6,51455,0.195325,0.2072446697947861,687.8059022234767,0.0987236706271202,1,39.2
2027-09-13,50,28877,611,Employed,Master,29,16904,60,Divorced,1,Rent,531,0.1884589094156444,6,1,0.301051480464547,0,Other,0,18,18,1668,1279,281521,11563,2406.4166666666665,0.7822740268215382,4,269958,0.2164039999999999,0.1731232,422.9518953946696,0.3964200832751337,1,36.8
2027-09-22,21,47327,585,Employed,Master,0,27223,36,0,1,Mortgage,1041,0.3233576267720574,0,2,0.4865615844422647,0,Home,0,30,28,1112,5608,44074,7102,3943.9166666666665,0.8259855761116845,7,36972,0.219723,0.2111378016348213,1027.2193878570763,0.524407476795168,0,57.0
2027-10-02,30,50835,545,Employed,Master,11,20146,60,1,0,Other,256,0.1695753776923428,4,1,0.1122512090740305,0,Debt Consolidation,0,31,4,346,3182,17215,28448,4236.25,0.5204380896894522,2,7129,0.252646,0.256848229238807,599.4273855490632,0.2019303359218797,0,52.0
2027-10-22,55,30878,547,Self-Employed,Master,34,45567,36,1,3,Own,332,0.0317773176838334,4,1,0.3712134355944356,0,Education,0,24,4,309,231,46881,4226,2573.1666666666665,0.7705309050340634,3,42655,0.257067,0.2802908682348474,1885.530724203777,0.8617905528352007,0,60.0
2027-10-28,28,78574,536,Employed,Master,6,13203,48,Divorced,1,Rent,143,0.2221581146519862,1,1,0.3071699889283654,0,Other,0,24,22,2503,2364,46715,20506,6547.833333333333,0.7479755282804257,3,26209,0.240203,0.2366848644366832,428.02586825257777,0.0872083694228489,1,43.2
2027-11-01,47,51651,574,Employed,Master,27,46112,48,1,3,Mortgage,634,0.2590611410635888,4,2,0.6260090491083721,0,Auto,0,22,6,1280,1112,16862,11173,4304.25,0.7107124019809591,3,5689,0.254112,0.2406409050063497,1504.970124552809,0.4969437473550117,0,60.0
2027-11-05,53,94722,525,Employed,Master,29,10695,60,0,5,Mortgage,470,0.2741565642979856,2,1,0.1036624655134999,0,Home,0,28,22,6643,1338,90414,9870,7893.5,0.6686744443653045,5,80544,0.253195,0.2845914303887333,335.9663015870786,0.1021050613273045,1,37.6
2027-11-11,31,26875,526,Employed,Master,10,36951,24,1,2,Rent,434,0.266998616981538,2,2,0.5378490880450834,0,Home,0,20,28,915,416,27131,14522,2239.583333333333,0.7692155573742173,8,12609,0.248951,0.2428524561998573,1958.9045285469667,1.0684596964674826,0,60.0
2027-11-15,30,42834,475,Employed,Master,6,11819,84,1,1,Rent,431,0.217989151801155,5,1,0.2290467525613126,0,Auto,0,20,3,763,419,45586,29588,3569.5,0.7169602427141577,5,15998,0.299319,0.3153742011882766,350.24483371148455,0.2188667414796146,0,56.0
2027-11-19,35,19237,467,Self-Employed,Master,10,14023,84,0,5,Mortgage,276,0.1743642310032184,0,3,0.2817961896571569,0,Debt Consolidation,0,24,5,6945,229,105877,39284,1603.0833333333333,0.9022462058113224,11,66593,0.305523,0.2902002301477229,391.76033326362966,0.416547486570856,0,56.0
2027-11-26,28,113642,575,Employed,Master,4,20684,84,0,2,Mortgage,514,0.2974397629385715,3,2,0.2005362351063949,0,Other,0,26,27,888,2941,112599,15025,9470.166666666666,0.8235686616523962,5,97574,0.258184,0.2400087839404117,510.40597809813033,0.1081719059606269,1,39.2
2027-11-28,54,71491,675,Employed,Master,34,34451,36,1,2,Mortgage,688,0.2965765708716198,4,0,0.0923724471275439,0,Debt Consolidation,0,23,28,5067,2573,14720,22283,5957.583333333333,0.9780438898829908,6,1476,0.181951,0.1921831908959173,1266.6425301778468,0.328093191620402,0,44.0
2027-12-01,44,71617,624,Employed,Master,21,14223,24,1,0,Mortgage,318,0.2786061417326483,7,0,0.3659484341699108,0,Home,0,23,28,400,958,107241,86544,5968.083333333333,0.6991090623155574,6,20697,0.177223,0.1867182055358586,714.6960008470608,0.1730364579661914,1,40.8
2027-12-04,62,29688,641,Employed,Master,44,23859,72,1,0,Rent,433,0.2025175438031488,3,1,0.2847108742862159,0,Debt Consolidation,0,26,12,19217,1463,28321,48694,2474.0,0.8154835625069451,5,2630,0.218359,0.1868381670003412,553.4347030863902,0.3987205752168109,0,51.0
2027-12-09,32,16843,586,Employed,Master,8,26177,72,1,2,Mortgage,354,0.4985950967678065,4,1,0.194314730228268,0,Auto,1,24,8,947,554,55347,14957,1403.5833333333333,0.7967460582227208,7,40390,0.248177,0.2383019196337192,686.4615601290689,0.7412894805883053,0,60.0
2027-12-12,37,72418,650,Unemployed,Master,13,20019,120,1,2,Rent,588,0.2256769528575207,4,1,0.3967201189231755,0,Debt Consolidation,0,23,25,2704,3805,77414,78105,6034.833333333333,0.4257319456111737,6,1366,0.250019,0.2485539190769865,453.37873571122094,0.1725613083561359,0,51.0
2027-12-20,34,23290,599,Employed,Master,11,16694,72,1,0,Rent,152,0.1358883045445875,0,0,0.253879688341648,0,Home,0,22,6,2399,1573,24731,13838,1940.8333333333333,0.946288054056512,3,10893,0.232194,0.2140353139958529,413.5654907821213,0.2914034302011788,0,55.0
2027-12-24,30,76671,593,Self-Employed,Master,8,16621,48,Widowed,2,Own,316,0.0153612897631443,4,0,0.3308443104441761,0,Auto,0,29,9,12548,3782,47731,9800,6389.25,0.8749358252191277,3,37931,0.215121,0.2336316003310809,536.0400343064738,0.1333552505077237,1,45.6
2027-12-26,43,77414,518,Employed,Master,21,18720,60,0,2,Rent,162,0.0518010627687063,4,3,0.3429191630227547,0,Home,1,27,13,4182,269,76366,6919,6451.166666666667,0.8293180015156184,7,69447,0.26472,0.2813728217207071,584.4139364524411,0.1157021628830611,0,57.0
2027-12-27,42,75676,566,Employed,Master,20,44395,12,0,3,Own,352,0.4381092568602285,4,0,0.1195177301290055,0,Home,0,22,2,12475,496,227230,12435,6306.333333333333,0.7418712881405126,9,214795,0.2263949999999999,0.234499743605504,4186.165167869326,0.7196202496753517,0,51.0
2028-01-04,44,47252,620,Employed,Master,22,27860,36,1,4,Mortgage,489,0.1906651140357576,2,1,0.1424701753909404,0,Debt Consolidation,0,30,11,732,470,92710,5897,3937.6666666666665,0.6031337734378768,5,86813,0.20286,0.2256242274815115,1072.1092174681266,0.3964554010331313,0,45.0
2028-01-05,40,46334,471,Unemployed,Master,18,21577,60,0,0,Rent,662,0.0923856371009428,3,1,0.5228753003373254,0,Debt Consolidation,1,29,15,9744,341,25221,7337,3861.1666666666665,0.5924644131938794,7,17884,0.291077,0.2776049694060706,668.703416583236,0.344637652674037,0,67.0
2028-01-12,43,69469,583,Employed,Master,21,20153,72,1,0,Own,445,0.3156987033434173,5,1,0.4470620406820628,0,Education,1,26,18,1730,9145,22740,57755,5789.083333333333,0.6547912917820846,4,5502,0.243653,0.2433372742365746,534.6548414536524,0.1692245188133387,0,62.0
2028-01-27,54,34559,674,Employed,Master,35,13498,60,0,1,Own,521,0.409537647806382,2,1,0.2862846011958512,0,Home,0,25,12,2092,1628,47650,14999,2879.9166666666665,0.8390764476300587,4,32651,0.181498,0.1590047898953493,327.53180513676574,0.294637624400046,0,48.0
2028-02-09,50,300000,658,Self-Employed,Master,25,31869,120,1,0,Own,382,0.1352593623562208,3,3,0.1806873412135768,0,Debt Consolidation,0,25,1,828,2127,303110,29903,25000.0,0.4761832864374263,4,273207,0.257869,0.3094428,862.4347364206952,0.0497773894568278,1,33.6
2028-02-15,43,80908,582,Employed,Master,19,37000,24,0,4,Other,232,0.2163834249551172,4,1,0.080232097532262,0,Other,0,19,6,15030,564,160535,26636,6742.333333333333,0.7724988010146009,4,133899,0.221,0.231545636901068,1940.6527453640629,0.3222404823301621,0,47.0
2028-02-21,29,71094,550,Unemployed,Master,3,17209,36,Divorced,1,Own,394,0.3606411774456139,4,1,0.2328001666750779,0,Auto,0,26,10,1558,898,19888,53227,5924.5,0.8711925216074036,6,1458,0.227209,0.2553719437645596,689.1256650358998,0.1828214473855852,0,55.0
2028-02-23,43,52049,564,Employed,Master,22,21869,72,0,3,Mortgage,313,0.1898629870382797,5,2,0.5557615582306585,0,Debt Consolidation,0,23,11,1052,871,116186,47681,4337.416666666667,0.8279605418068275,5,68505,0.254869,0.2949635903778436,650.8265513489514,0.2222121196600783,0,55.0
2028-02-28,22,52913,579,Employed,Master,0,22856,60,Divorced,0,Mortgage,503,0.4161332609046363,1,6,0.243873049112455,0,Other,0,23,21,5366,350,83069,6050,4409.416666666667,0.9189845489682612,7,77019,0.238356,0.2213639898829343,633.0316587418577,0.2576376297866742,0,51.0
2028-03-16,52,58684,602,Employed,Master,29,14625,24,0,0,Rent,117,0.4066964573252249,1,0,0.4947353863354049,1,Home,0,25,6,2599,6543,470677,30465,4890.333333333333,0.8619675918402974,5,440212,0.188625,0.1946419836855882,740.528630399929,0.1753517750119138,1,49.6
2028-03-17,25,49855,486,Employed,Master,3,18998,48,1,5,Own,404,0.1482862585074087,2,0,0.7625491487692065,0,Debt Consolidation,0,23,4,2841,2102,62488,68894,4154.583333333333,0.5106665260386972,4,4711,0.2709979999999999,0.2777869987276958,659.7176043108055,0.2560347257392372,0,61.0
2028-03-27,35,64736,599,Employed,Master,16,33107,48,1,2,Other,575,0.0846060623476288,2,4,0.0705339617377064,0,Home,0,25,14,2046,415,70923,39813,5394.666666666667,0.9080087669322636,8,31110,0.228607,0.2131795974216845,1030.851639833489,0.2976739322479279,0,49.0
2028-04-11,34,127279,544,Employed,Master,10,21870,60,0,2,Own,112,0.4221053114619387,2,1,0.4726358836391066,0,Debt Consolidation,0,25,17,3279,3453,126395,82657,10606.583333333334,0.8111517423881779,6,43738,0.25487,0.2721805919627938,670.6608893982707,0.0737901042024155,1,44.0
2028-04-23,40,67543,645,Employed,Master,17,15357,48,0,2,Mortgage,812,0.4204010784354736,4,1,0.4596467028089746,1,Auto,0,20,17,2478,2043,32144,35820,5628.583333333333,0.8215086488899523,6,6735,0.187857,0.1735594227070436,445.95995912294586,0.2234949515046022,0,66.0
2028-04-24,28,65055,551,Employed,Master,6,22156,84,1,0,Own,288,0.4774014585620543,3,3,0.1757533984987247,0,Debt Consolidation,0,18,22,639,2750,132952,100243,5421.25,0.8006436714998685,6,32709,0.271656,0.2914054681778262,620.7521123565358,0.1676277818504101,0,51.0
2028-04-30,30,15000,610,Unemployed,Master,7,13414,36,1,1,Own,473,0.3794073663966139,0,2,0.1493766424179552,0,Debt Consolidation,0,21,10,1907,248,13956,74376,1250.0,0.8716993386578538,6,6820,0.193414,0.1781716606785568,483.71880927122345,0.7653750474169787,0,52.0
2028-05-01,30,54265,626,Employed,Master,7,10596,36,1,4,Other,497,0.1876388160959398,3,2,0.2553066206593373,0,Education,0,23,5,3292,1057,98395,50526,4522.083333333333,0.855494572172236,3,47869,0.182596,0.1915661014517503,389.2467081517988,0.1959819496511856,0,50.0
2028-05-07,38,56991,537,Employed,Master,15,22676,60,1,3,Mortgage,262,0.3333029450464543,5,0,0.3375749651295004,1,Debt Consolidation,0,17,21,713,1176,23820,53553,4749.25,0.8531514969184536,0,8199,0.259176,0.2824088789884053,709.3348861818171,0.2045238482248391,0,66.0
2028-05-11,25,48203,510,Self-Employed,Master,1,19044,36,0,2,Rent,394,0.2684889470057144,1,4,0.1772657542492962,0,Home,0,14,3,511,1334,557147,11650,4016.9166666666665,0.6857603963297233,5,545497,0.249044,0.2971743805568519,805.5033103660927,0.2986129436838601,0,49.0
2028-05-12,45,94253,487,Employed,Master,24,38524,60,Widowed,1,Rent,368,0.0126971515711644,4,3,0.3178932917291395,0,Debt Consolidation,0,15,23,12936,56,14334,15624,7854.416666666667,0.894146964078229,4,8213,0.300024,0.2945445930547296,1233.5041803078288,0.2038985513850375,0,52.0
2028-05-21,37,92337,612,Employed,Master,16,25543,84,1,0,Rent,433,0.5164468193228728,4,0,0.2877453653678677,0,Home,1,27,14,6126,2474,144272,32982,7694.75,0.5852515081099551,9,111290,0.244543,0.2381328581101919,627.2821258684812,0.1377929271085456,1,40.8
2028-05-27,27,34401,642,Employed,Master,5,33274,84,Divorced,2,Own,303,0.6951660405151945,1,1,0.3816972245613503,0,Auto,0,17,11,963,1904,17933,28152,2866.75,0.9299270696154028,9,1135,0.237274,0.2836126433592633,915.0162240522905,0.4248770294069209,0,54.0
2028-05-31,41,153132,571,Self-Employed,Master,19,22955,36,1,2,Mortgage,539,0.3978053494469202,3,0,0.3878221784772105,0,Education,0,25,5,6021,236,14751,23958,12761.0,0.93780360472127,7,5883,0.222455,0.2034799359916265,857.1657004369955,0.1094088002850086,1,45.6
2028-06-10,41,59605,605,Employed,Master,21,15639,96,Divorced,2,Mortgage,246,0.0133341568513473,1,3,0.4773841893741556,0,Education,0,21,3,1645,1057,101411,16634,4967.083333333333,0.7995551453141928,4,84777,0.248139,0.2977668,428.83752715594215,0.1358619298023874,0,53.0
2028-06-23,25,96144,591,Unemployed,Master,0,17918,72,Divorced,2,Mortgage,264,0.3861052126762568,3,0,0.3725922594664552,0,Debt Consolidation,0,20,17,4158,280,178716,39605,8012.0,0.6032425103929385,3,139111,0.237418,0.2657718386690628,500.1449237496952,0.0953750528893778,0,52.0
2028-07-16,22,55999,584,Employed,Master,0,71488,36,1,1,Mortgage,542,0.3727613900839451,1,2,0.1054865530759423,0,Home,0,29,3,3037,1864,22061,10137,4666.583333333333,0.5041630030091899,4,11924,0.264488,0.2115904,2699.156249944239,0.694545884735993,0,53.0
2028-07-19,55,62248,667,Employed,Master,32,37872,36,0,1,Mortgage,820,0.3853824988887123,3,1,0.607018619344054,0,Education,0,23,26,373,383,20082,101102,5187.333333333333,0.6746928566857963,3,9527,0.189372,0.2006979346155717,1408.8063808381137,0.4296632272532028,0,52.0
2028-07-21,35,88800,566,Unemployed,Master,12,21263,96,1,1,Mortgage,523,0.1484686177120148,1,1,0.4222429752794142,0,Education,0,23,23,3024,1008,102640,95073,7400.0,0.504420998443955,5,7567,0.273263,0.2730131286682405,546.8447814909655,0.1445736191204007,0,57.0
2028-08-05,51,46103,613,Employed,Master,29,25040,36,1,0,Mortgage,411,0.256138009920467,3,2,0.3146083852473235,0,Education,0,32,1,4273,2168,260362,11721,3841.9166666666665,0.9834875875984216,8,248641,0.20354,0.1800217004530639,905.283243030618,0.3426110864014796,1,41.6
2028-08-08,26,99785,498,Employed,Master,3,16106,60,1,0,Rent,361,0.1778071599185863,2,0,0.2634816125937139,0,Home,0,25,2,2518,2321,62238,30714,8315.416666666666,0.934842829223684,5,31524,0.272106,0.2191788619806479,444.0785790425396,0.096817587297795,1,43.2
2028-08-22,18,19021,638,Employed,Master,0,16759,36,1,5,Rent,292,0.1877488543474987,1,1,0.0615966414841707,0,Debt Consolidation,1,23,23,3377,205,112172,27274,1585.0833333333333,0.8038540273340352,7,84898,0.182759,0.1547841239039076,584.8902264341418,0.5532139591614375,0,52.0
2028-08-24,41,66421,578,Employed,Master,20,42165,36,Widowed,0,Rent,413,0.083751063934802,2,0,0.1361457182948686,0,Education,0,26,18,2237,83,90095,69566,5535.083333333333,0.81194423522292,4,20529,0.238165,0.2168540795665547,1603.446293244504,0.3643027885598538,0,49.0
2028-08-27,46,64045,591,Self-Employed,Master,24,28100,12,1,0,Mortgage,1166,0.5868064403575338,5,0,0.1612245414610351,0,Auto,0,26,11,3115,473,53269,16960,5337.083333333333,0.8222934565833867,2,36309,0.1976,0.2059499600922632,2611.0381474438364,0.7076970531552196,0,54.0
2028-08-29,18,87204,572,Employed,Master,0,41767,48,Widowed,2,Rent,1609,0.1147524161494467,4,1,0.1533282187370263,0,Auto,0,23,11,1437,4191,77752,30118,7267.0,0.7745194805616639,5,47634,0.250767,0.2837835376167203,1464.7261364621088,0.4229704329795113,0,48.0
2028-08-31,52,79160,601,Employed,Master,30,26694,72,Widowed,1,Own,515,0.2161096632119385,5,2,0.4589376230913568,0,Other,0,26,5,1676,2699,16420,52455,6596.666666666667,0.7808941497372741,4,9013,0.241194,0.2886080652556061,783.5655831469668,0.1968517811743759,0,55.0
2028-09-07,60,48418,640,Employed,Master,36,41633,48,Divorced,3,Mortgage,706,0.2078262660576396,5,4,0.0849819989282402,0,Auto,0,25,22,446,1384,69668,13792,4034.8333333333335,0.7181865035672601,3,55876,0.216633,0.1990999088647148,1264.911566108742,0.4884740962721489,0,46.0
2028-09-11,55,49656,643,Employed,Master,35,62062,48,1,0,Own,559,0.2759771944841541,2,1,0.6531501362441133,0,Home,1,29,16,19035,5396,24431,13658,4138.0,0.9462803259402656,7,10773,0.235562,0.2567449411386577,2081.2139013911947,0.6380410588185584,0,62.0
2028-09-13,47,112509,604,Employed,Master,22,13759,36,1,1,Other,546,0.375696075177309,3,1,0.2293168319576317,1,Home,0,18,11,3940,2161,72320,28330,9375.75,0.8284289831023711,4,43990,0.196759,0.2221185342385325,526.9716054482514,0.1144411492892036,1,48.0
2028-09-18,29,29592,541,Employed,Master,6,15180,48,1,0,Own,252,0.2695479917139122,2,1,0.2240387971118789,0,Auto,0,23,20,7317,2615,38925,33200,2466.0,0.5526110868402134,4,5725,0.23968,0.2347365337553026,490.48912064068696,0.3010904787675129,0,54.0
2028-09-26,42,72486,605,Employed,Master,19,16934,72,0,2,Own,500,0.1895155994839986,1,1,0.2264539262329328,0,Other,0,32,28,4632,3536,83273,20189,6040.5,0.638030444296687,8,63084,0.229434,0.2480020490918477,454.08027965576986,0.1579472360989603,1,36.8
2028-10-03,25,55787,570,Employed,Master,1,33711,60,1,0,Rent,261,0.6554199185080368,8,1,0.6787147502336167,0,Debt Consolidation,0,19,10,917,946,111955,3768,4648.916666666667,0.8007667165985728,4,108187,0.253711,0.2580775547913151,1005.4900176519552,0.2724269132920477,0,56.0
2028-10-04,42,205632,604,Employed,Master,20,16439,48,Divorced,0,Mortgage,323,0.1670688158571278,0,3,0.2138219043696979,0,Other,0,20,6,2939,841,65907,5467,17136.0,0.7979258317617415,3,60440,0.209439,0.2226093407685168,520.2599612496921,0.0492098483455702,1,36.8
2028-10-09,40,65310,649,Employed,Master,18,21832,48,1,2,Mortgage,435,0.2024030276838355,3,1,0.0116580926438052,0,Home,0,16,3,5018,580,38056,60260,5442.5,0.6260637576658235,7,8801,0.192332,0.1759504644445208,636.7044576527431,0.1969140023248035,0,50.0
2028-10-11,54,184385,566,Employed,Master,34,66131,60,0,1,Own,430,0.6029461045207943,4,1,0.4335504968898772,0,Education,0,24,1,3794,3861,46472,36780,15365.416666666666,0.8539682248957179,3,9692,0.2881309999999999,0.2841689277745378,2075.707097691596,0.1630744646923511,0,60.0
2028-10-17,32,32771,596,Employed,Master,9,23313,36,1,5,Mortgage,140,0.2069185777234327,3,1,0.2383308148633894,0,Home,1,19,28,1008,766,629535,57540,2730.9166666666665,0.6295573520249792,4,571995,0.210313,0.1992132352208666,865.460335629013,0.3681768645310841,1,40.8
2028-11-09,44,36727,502,Employed,Master,20,15660,60,Divorced,1,Mortgage,166,0.5488507914475357,1,1,0.1487306037273975,0,Debt Consolidation,0,27,3,3744,809,149840,73231,3060.583333333333,0.8417382182053139,3,76609,0.26966,0.2544445319075807,463.731139505215,0.2057552665358613,0,53.0
2028-11-10,43,47189,644,Employed,Master,22,25075,24,Widowed,0,Mortgage,863,0.2262900365151268,2,1,0.1504976306862997,0,Home,0,18,9,805,364,58376,12623,3932.4166666666665,0.8786041310437188,6,45753,0.178075,0.1912756541929942,1265.5507158565997,0.5412831081455254,0,49.0
2028-11-15,26,33091,463,Employed,Master,5,18282,24,1,1,Mortgage,426,0.412988728984738,3,1,0.3163576315854061,0,Debt Consolidation,0,25,24,8786,8543,123063,7344,2757.583333333333,0.7684401085629147,3,115719,0.261782,0.2393267675551532,965.9752045338668,0.5047808302682422,0,52.0
2028-11-22,46,119069,614,Employed,Master,20,13812,36,1,3,Rent,225,0.1148745626619757,4,0,0.4539739416231066,0,Other,0,23,15,2931,470,3767,18445,9922.416666666666,0.8767593582892554,4,10202,0.1918119999999999,0.2215491320141594,528.5940942950655,0.0759486443284212,1,40.8
2028-11-25,59,36305,519,Employed,Master,38,31181,48,Widowed,0,Mortgage,419,0.126946243337715,4,0,0.0383616191454082,0,Home,1,24,24,1019,1457,781372,14962,3025.4166666666665,0.7277020701705228,5,766410,0.266681,0.2789994757832296,1084.9404028566507,0.4971019097722024,0,48.0
2028-11-26,77,34802,681,Employed,Master,57,9935,60,Widowed,4,Mortgage,771,0.6790336446167119,2,1,0.4347269035986075,0,Debt Consolidation,1,24,15,4978,895,35591,8039,2900.1666666666665,0.9151749395208908,6,27552,0.174435,0.209322,268.3963551801322,0.3583919390311357,0,59.0
2028-12-18,23,79678,567,Employed,Master,2,30524,48,1,4,Rent,232,0.2573267404080228,7,1,0.0922301104725543,0,Home,0,19,10,1824,1956,95707,12016,6639.833333333333,0.7248047828040333,4,83691,0.242024,0.2166849711270288,956.2064893498346,0.1789512521925502,0,48.0
2028-12-26,28,115369,501,Unemployed,Master,5,21170,36,0,4,Rent,573,0.2802805751526869,3,1,0.3700113925252679,0,Home,0,20,10,4576,1272,23668,16802,9614.083333333334,0.9102310669382864,7,6866,0.2556699999999999,0.2757308184838639,870.7916628443821,0.1501746565726719,0,56.0
2028-12-28,39,180498,582,Employed,Master,16,55634,60,0,1,Mortgage,861,0.1437604954537015,4,1,0.0368663133907851,0,Auto,0,27,9,2219,402,99562,11203,15041.5,0.5551209519815011,2,88359,0.269634,0.2475786572732358,1625.0434688014132,0.1652789594655727,1,36.8
2029-01-07,31,51561,629,Employed,Master,10,28113,108,1,5,Other,145,0.31507349845007,1,3,0.3211372208021052,0,Debt Consolidation,0,17,19,219,2653,16399,36271,4296.75,0.7084793749707184,9,2436,0.258613,0.2633271363239213,682.3563790200096,0.192553995233609,0,51.0
2029-01-08,36,68064,505,Self-Employed,Master,10,28702,96,1,1,Rent,990,0.7334100261881258,2,2,0.1847004017361979,0,Debt Consolidation,0,13,2,13300,4302,45609,17739,5672.0,0.4790795929790831,5,27870,0.311202,0.3298562590031842,852.0410731188258,0.3247604148658014,0,59.0
2029-01-16,18,88545,592,Employed,Master,0,20431,48,0,3,Other,677,0.1085008020200598,3,0,0.4661367064420441,0,Home,0,25,7,1705,1682,31214,64561,7378.75,0.90539063043272,10,7863,0.219431,0.2278770976231499,652.4695590568562,0.1801754442225114,0,55.0
2029-01-17,30,80466,609,Employed,Master,7,12470,36,Divorced,1,Rent,277,0.1569199223685513,5,1,0.2054500236980758,0,Debt Consolidation,1,23,10,20160,541,39156,51434,6705.5,0.8295539009183215,10,1338,0.19297,0.1667717169186226,442.5885842373203,0.1073131883136709,1,42.400000000000006
2029-01-23,42,108666,530,Self-Employed,Master,18,45781,48,1,0,Mortgage,368,0.3995648785205813,3,1,0.143224273886508,0,Education,0,26,7,2137,283,107784,12326,9055.5,0.8396586329979939,3,95458,0.275781,0.257317164770731,1536.7099075176864,0.2103373538200746,1,40.8
2029-01-27,51,109883,668,Employed,Master,27,46042,24,1,0,Mortgage,363,0.3339516925271727,1,0,0.3844523811697211,0,Auto,0,25,22,1030,1514,55176,19964,9156.916666666666,0.8730337407541031,4,35212,0.1870419999999999,0.1932347588703723,2328.1560022556214,0.2938932503396108,1,37.6
2029-02-03,42,98264,642,Employed,Master,20,21873,48,Widowed,1,Mortgage,546,0.321576482495244,2,0,0.2657001052665808,0,Home,0,19,28,2474,3801,118525,48380,8188.666666666667,0.7697653745693028,4,70145,0.195873,0.181296168000752,644.0017827806245,0.1453230215884504,1,36.8
2029-02-05,42,55430,592,Employed,Master,18,18270,48,0,1,Mortgage,591,0.3738523363928348,5,1,0.5586611796019394,0,Other,0,24,27,7278,436,194178,92649,4619.166666666667,0.572985098434794,5,101529,0.21727,0.1809094010698013,537.5498265643207,0.2443189233045615,1,43.2
2029-02-06,27,53172,601,Self-Employed,Master,3,18615,84,1,1,Other,163,0.3687533074382273,1,0,0.3701178579478501,0,Auto,1,39,19,6680,1201,7881,128131,4431.0,0.7662948523293648,7,1782,0.243115,0.2127026314148709,427.7231800084572,0.1333159963909856,0,60.0
2029-02-08,57,129266,590,Unemployed,Master,35,23461,36,1,0,Other,277,0.1874323569354574,0,1,0.0299432060195805,0,Other,0,26,1,5723,528,102717,33287,10772.166666666666,0.9474173572033472,10,69430,0.213461,0.2410259959473273,921.7062848169926,0.111278104202218,1,41.6
2029-02-18,42,102801,590,Employed,Master,16,16131,96,Widowed,1,Own,392,0.1817675009838114,5,1,0.5112965188767666,0,Debt Consolidation,0,23,26,9172,1592,274891,20535,8566.75,0.6121041376061082,6,254356,0.256131,0.2796600335710493,422.1710015882275,0.0950384920288589,1,40.0
2029-02-28,35,100513,612,Employed,Master,13,25623,36,0,1,Own,355,0.1240056154784462,3,2,0.2440387416588256,1,Home,1,20,22,2407,2595,237232,32296,8376.083333333334,0.9357841250139596,4,204936,0.204623,0.2174155991780814,975.1315384886756,0.1588011347971318,0,61.0
2029-03-05,31,44861,516,Employed,Master,12,19937,60,0,5,Mortgage,486,0.0774508026747516,2,0,0.1849389297484249,0,Debt Consolidation,0,15,27,2034,715,24001,27949,3738.4166666666665,0.7950197817557335,1,10773,0.266937,0.2268211058034376,558.3981188306078,0.2793691051462806,1,40.0
2029-03-12,53,32742,580,Employed,Master,29,17396,96,0,3,Mortgage,426,0.1303180591063372,1,3,0.2142851535925379,0,Debt Consolidation,0,21,7,4506,4080,31551,18093,2728.5,0.5978040648386425,2,13458,0.262396,0.2993816927908859,478.9729227571783,0.3316741516427262,0,53.0
2029-03-21,32,56307,573,Employed,Master,7,36933,120,0,2,Rent,320,0.522254997443246,5,1,0.3449848568900033,0,Other,0,13,27,652,367,49343,6547,4692.25,0.8158034878728926,8,42796,0.305433,0.3272049019865202,1048.608532575437,0.2916742570356304,0,55.0
2029-03-28,39,52450,580,Employed,Master,16,37108,48,0,4,Own,205,0.2217469398557372,2,0,0.0981826082996354,0,Home,0,35,10,7962,1029,50035,41233,4370.833333333333,0.8865480638239941,8,8802,0.242108,0.1936864,1116.7649958171871,0.3024057187760962,0,50.0
2029-04-05,58,35936,614,Employed,Master,35,12545,36,Divorced,1,Mortgage,288,0.4506113706529012,1,0,0.3256006042493047,0,Home,0,26,27,12848,2706,92372,21348,2994.6666666666665,0.7787741336442625,5,71024,0.190545,0.1836160152909952,455.8106718453138,0.2483784523080967,1,40.8
2029-04-06,21,51196,597,Employed,Master,0,29640,60,0,2,Mortgage,361,0.098921166002963,4,0,0.4755881499566484,0,Other,0,27,22,2998,1874,41270,71029,4266.333333333333,0.9699393020052852,8,1599,0.23614,0.2332671600257744,841.1386963675274,0.2817732704978968,0,55.0
2029-04-08,35,47267,618,Employed,Master,12,59929,60,0,1,Rent,306,0.1696843694108821,1,1,0.2135652612238293,0,Home,0,21,20,2388,1287,186757,11961,3938.9166666666665,0.9298861433426528,4,174796,0.255929,0.2659754894192813,1815.5636910155224,0.5386160385086058,0,45.0
2029-04-09,37,55430,610,Employed,Master,15,44420,48,1,1,Rent,613,0.1284786884758061,3,0,0.2400878396614537,0,Debt Consolidation,0,20,25,16706,275,55054,24133,4619.166666666667,0.8764037593262494,6,30921,0.23442,0.2522657587209264,1478.4586059032258,0.4527783379187932,0,48.0
2029-04-15,51,82193,486,Self-Employed,Master,30,25655,72,0,0,Rent,357,0.3614351291083761,1,1,0.1582034264599477,0,Education,0,18,21,5083,11732,512985,9283,6849.416666666667,0.5715478895794989,7,503702,0.297655,0.2601635720937125,707.1589372713743,0.1553649002622667,1,35.2
2029-04-20,61,70003,659,Employed,Master,42,18397,48,1,1,Rent,560,0.0895310461382912,6,2,0.2814700451914895,0,Home,0,33,14,857,1394,233989,16881,5833.583333333333,0.7817159405643341,15,217108,0.183897,0.1585182592779102,519.9810961068655,0.1851316822605086,1,32.800000000000004
2029-04-25,52,45971,650,Unemployed,Master,30,19848,36,1,3,Mortgage,271,0.4579080288193896,6,0,0.1311369614385786,0,Auto,0,27,12,2250,1740,70226,12678,3830.9166666666665,0.7222347496722579,8,57548,0.179848,0.1627432643037275,700.4878955028191,0.2535914978145751,0,47.0
2029-04-28,35,105552,625,Employed,Master,12,22817,36,Divorced,2,Mortgage,195,0.1560801120276873,1,1,0.3806732361188436,0,Home,0,29,27,3447,359,56829,76108,8796.0,0.9494616458418704,5,2890,0.195317,0.2140347207275979,864.3659756654972,0.120437241435368,1,39.2
2029-05-06,43,54492,591,Self-Employed,Master,18,33870,24,Widowed,2,Mortgage,487,0.1814434115035613,3,1,0.1678254484680524,0,Home,0,16,19,6337,584,33246,50771,4541.0,0.7086516993690816,7,5564,0.2133699999999999,0.2079451760716341,1737.0154562289706,0.4897633684714756,0,52.0
2029-05-19,46,179892,639,Employed,Master,22,29430,24,Divorced,1,Mortgage,417,0.3867286234045051,3,1,0.4278274451174036,0,Education,0,24,9,1537,1091,120870,12713,14991.0,0.930725645048174,3,108157,0.18493,0.1684016737838342,1452.8266444903536,0.1247299476012509,1,38.400000000000006
2029-05-24,45,43478,651,Employed,Master,24,17450,36,1,1,Own,341,0.4400920091373403,5,1,0.4557652001514186,0,Debt Consolidation,0,37,9,558,1467,58390,22019,3623.1666666666665,0.8381255036209869,6,36371,0.17695,0.1648715672553088,617.6953884352636,0.2646015148172216,1,42.400000000000006
2029-06-06,37,53405,474,Employed,Master,15,29872,36,1,2,Mortgage,762,0.5140696714682039,2,2,0.2433375906015686,0,Education,0,20,20,1207,984,168129,39697,4450.416666666667,0.9483160546411532,7,128432,0.277872,0.2645509843737894,1210.8150345087183,0.4432877148975679,0,49.0
2029-06-09,43,36975,582,Employed,Master,14,25319,60,0,3,Mortgage,366,0.0714611019698515,7,0,0.102824858193746,0,Other,0,24,29,631,1083,33697,70741,3081.25,0.8067530047802,5,2893,0.239319,0.2113364934032802,686.8689022657653,0.3417018749746906,1,40.0
2029-06-19,31,23269,517,Employed,Master,8,53988,24,0,2,Own,507,0.2089992392100405,2,0,0.2829956911531446,0,Home,0,21,18,1208,2885,236250,8392,1939.0833333333333,0.7180716052861432,5,227858,0.270488,0.2521719132385174,2887.30819899313,1.7504705138990746,0,50.0
2029-06-21,39,84056,623,Employed,Master,17,17759,96,1,1,Rent,705,0.0773317634126209,5,0,0.1752166512088184,0,Debt Consolidation,0,23,17,11731,337,23142,24854,7004.666666666667,0.9876778285454372,7,5748,0.241259,0.2156218603078433,389.5897774600924,0.1562657910145749,1,36.0
2029-06-29,21,51483,569,Employed,Master,0,10715,36,Divorced,3,Rent,257,0.6366357147523474,1,2,0.1662925686721697,0,Debt Consolidation,0,19,1,1420,2044,55909,99842,4290.25,0.7653751158101267,5,6479,0.211215,0.2477985081530677,424.7799352295049,0.1589138011140387,0,56.0
2029-07-01,46,41267,558,Employed,Master,25,14043,12,1,0,Rent,1020,0.2820597243889337,2,0,0.1712513615507191,0,Auto,1,28,4,53574,2919,56493,7478,3438.9166666666665,0.8203009637286734,5,49015,0.200043,0.2400515999999999,1327.935482924247,0.6827543992800776,0,60.0
2029-07-04,28,17282,593,Employed,Master,8,13316,72,1,3,Own,484,0.1699504791250045,1,1,0.1378619814266432,0,Education,0,28,26,3024,868,135713,12997,1440.1666666666667,0.9107204655447824,4,122716,0.231816,0.203294279923981,321.50367815735353,0.5593128189959635,0,47.0
2029-07-05,28,41285,608,Employed,Master,6,16887,60,Divorced,2,Mortgage,547,0.0774607287721435,3,3,0.0741912249549765,0,Other,0,22,1,8728,786,127402,192320,3440.4166666666665,0.8685305540591034,5,9934,0.217887,0.231038044998892,477.0601611253174,0.2976558540269785,0,51.0
2029-08-10,39,60903,515,Self-Employed,Master,13,15803,60,0,0,Own,140,0.5308775683780859,3,4,0.3490107219333562,0,Auto,0,22,1,1217,3786,12735,206044,5075.25,0.8106732200585959,4,2303,0.263303,0.2480592599277257,462.0426433841105,0.1186232487826433,1,49.6
2029-08-11,18,25817,602,Employed,Master,0,24743,60,0,1,Rent,403,0.2481277129293661,1,2,0.7122723117633224,0,Debt Consolidation,0,24,3,1049,420,63171,49083,2151.4166666666665,0.7065034687074296,6,14088,0.2287429999999999,0.2374204081832868,708.1058551554214,0.5164531224334764,0,60.0
2029-08-18,66,49523,612,Employed,Master,43,24922,24,1,1,Rent,258,0.2502414176420134,2,2,0.2532619183109329,0,Other,0,33,3,7002,2538,55075,37805,4126.916666666667,0.6510240990396592,7,17270,0.1939219999999999,0.1946505436284507,1261.921811802495,0.3682947669089098,0,53.0
2029-09-10,38,49821,500,Employed,Master,16,16360,12,0,0,Own,320,0.612491841481229,3,0,0.2117049455667074,0,Education,0,25,18,893,1475,167834,19463,4151.75,0.5464475245112864,7,148371,0.23136,0.2453305697287283,1551.2184558246745,0.4507059567229901,0,51.0
2029-09-13,27,26578,570,Employed,Master,7,22614,60,0,1,Mortgage,403,0.1384032149892993,3,1,0.2117276877762637,0,Auto,0,21,25,4496,1453,237059,55799,2214.833333333333,0.6048508066341381,3,181260,0.242614,0.2473657689997094,660.2629682098842,0.480064550324276,0,49.0
2029-09-16,32,15000,627,Employed,Master,11,16312,60,Widowed,4,Mortgage,476,0.2543313226518724,2,3,0.1083294552788494,0,Debt Consolidation,0,30,7,15312,1555,68449,28713,1250.0,0.5157437324789371,7,39736,0.207812,0.2205650759762114,451.04392757993287,0.7416351420639463,0,50.0
2029-09-19,44,48783,589,Self-Employed,Master,23,11515,120,0,0,Rent,305,0.0790822582076612,3,5,0.4402484629155424,0,Other,0,18,1,838,279,117465,17561,4065.25,0.7337376689756547,6,99904,0.272015,0.3163455668251902,317.54723656685275,0.1531387335506679,0,61.0
2029-09-20,65,156563,589,Unemployed,Master,43,23330,60,Divorced,0,Mortgage,505,0.1239123027036522,3,2,0.3308164536141302,0,Other,1,20,9,742,833,22921,36735,13046.916666666666,0.7877731316519044,5,10204,0.2338299999999999,0.2167340019701963,640.0244609553149,0.0877620736155016,1,48.8
2029-09-24,30,47747,628,Employed,Master,10,44341,60,1,0,Mortgage,306,0.3105082794538576,1,2,0.4092611611487183,1,Debt Consolidation,0,26,13,1986,1213,109589,9516,3978.9166666666665,0.7787666225028694,7,100073,0.235341,0.2026166911166875,1181.2305195594658,0.3737777501144279,0,62.0
2029-10-15,20,75015,533,Employed,Master,0,18184,60,1,2,Rent,241,0.161643619317336,0,2,0.3181891054096429,0,Auto,0,20,12,2922,1550,51420,56279,6251.25,0.9275935467401872,3,1987,0.256684,0.2448363427474661,528.2337445873717,0.1230527885762642,0,53.0
2029-10-23,44,22409,574,Unemployed,Master,18,25098,72,0,2,Own,430,0.3758630584704312,6,2,0.5644599718312667,0,Other,0,21,7,1622,5843,37919,10311,1867.4166666666667,0.9438798034643754,3,27608,0.253098,0.2793511444123113,721.963120504337,0.6168752486077934,0,64.0
2029-11-03,30,59672,498,Unemployed,Master,6,7449,48,Divorced,1,Mortgage,452,0.4554208023647529,3,2,0.5562947206192224,0,Debt Consolidation,0,15,21,4243,1148,53746,27125,4972.666666666667,0.7892236646356258,7,26621,0.253449,0.2540834813343222,248.68701295892603,0.1409076980075598,0,62.0
2029-11-11,49,79384,591,Employed,Master,26,24732,36,0,3,Rent,312,0.4131175602207366,2,1,0.1379849859490304,0,Home,0,23,20,3316,1291,73191,14695,6615.333333333333,0.5874288746683517,4,58496,0.214232,0.2177411372346297,941.638610807972,0.1895049799669412,1,39.2
2029-11-13,45,17357,648,Employed,Master,23,9333,36,Divorced,0,Own,468,0.2927979339500229,7,1,0.5475721844943571,0,Home,0,29,10,4220,1339,383084,18662,1446.4166666666667,0.6510627462121595,6,364422,0.170333,0.1549112841499614,325.7806749910974,0.5487911562996582,1,40.8
2029-11-16,46,61286,663,Employed,Master,23,7750,60,1,3,Mortgage,448,0.3057883929583147,5,1,0.3160418659945495,0,Auto,0,16,5,3551,1502,25339,14971,5107.166666666667,0.7700996734263496,4,10368,0.18125,0.182449984241999,197.833429891938,0.1264563058235691,1,40.0
2029-11-21,63,107217,665,Unemployed,Master,41,19659,48,Divorced,0,Rent,584,0.6133291347361912,2,0,0.2238774798448844,0,Debt Consolidation,0,16,23,3398,880,68201,32568,8934.75,0.890801942703074,10,35633,0.182159,0.1765297404614592,573.9243422290061,0.1295978446211708,1,40.0
2030-01-11,33,35010,523,Employed,Master,12,91275,84,0,3,Other,579,0.231134149995531,2,2,0.3412935390864807,0,Debt Consolidation,0,22,1,1929,619,61722,111783,2917.5,0.9257768815868604,7,2234,0.354775,0.3755075538603709,3088.290447470953,1.2569975826807038,0,59.0
2030-01-13,23,46954,547,Employed,Master,2,59905,72,1,1,Mortgage,499,0.1419029367468899,6,2,0.528229434476265,0,Home,1,17,22,703,2157,11965,27975,3912.8333333333335,0.7888257662092912,5,9315,0.301405,0.288425568754281,1757.731438943364,0.5767512302960422,0,64.0
2030-01-15,28,15000,457,Employed,Master,4,34219,60,1,1,Rent,554,0.2912251758053258,2,0,0.1252755608427495,0,Home,1,31,26,4024,3736,37389,42950,1250.0,0.8126710257621729,5,3735,0.310719,0.3486098146512401,1211.3990255873532,1.412319220469883,0,58.0
2030-01-17,51,113441,666,Employed,Master,28,25835,12,1,1,Own,173,0.4265677001067023,2,3,0.1940322593810881,0,Home,0,25,25,590,612,12968,41913,9453.416666666666,0.9035638446113904,2,8962,0.157835,0.149063593162061,2330.6821000746727,0.2648441498302736,1,35.2
2030-01-21,44,300000,615,Employed,Master,20,28862,48,1,1,Rent,413,0.1040038462981185,7,2,0.256190142894901,0,Education,0,35,11,5597,1104,75817,25755,25000.0,0.7438022333457369,3,50062,0.216362,0.2187820323856071,907.4210539583772,0.052816842158335,1,35.2
2030-01-28,31,47680,521,Employed,Master,7,12480,48,1,0,Mortgage,532,0.3021552428466569,5,3,0.2290508917693328,0,Home,0,23,7,1415,278,20390,60311,3973.3333333333335,0.9397503209542508,7,7599,0.24698,0.259953493031337,420.7593363977741,0.2397884235900438,0,54.0
2030-02-02,47,32490,592,Employed,Master,29,11757,60,1,4,Own,385,0.2743255394977268,6,2,0.5846483738313596,0,Home,0,28,9,15711,4263,19974,8271,2707.5,0.7600124282565349,4,11703,0.2207569999999999,0.211524987958799,319.07574946024323,0.2600464448606623,0,60.0
2030-02-09,55,100699,652,Employed,Master,31,19341,84,1,0,Own,266,0.0734197019841937,1,3,0.1132121429649518,0,Home,0,23,3,16542,1376,41454,53265,8391.583333333334,0.741733268166721,2,1078,0.218341,0.2263980179608019,460.7521826743569,0.0866048937138629,1,36.0
2030-02-13,44,36958,603,Employed,Master,25,19944,36,Divorced,1,Rent,308,0.2868014908058773,3,0,0.1477235462001836,0,Debt Consolidation,0,19,14,621,635,32392,12955,3079.833333333333,0.6149033870329691,5,19437,0.2034439999999999,0.194056543746816,735.164589293207,0.338708130080591,0,48.0
2030-02-14,29,15000,594,Unemployed,Master,5,77014,48,1,0,Own,272,0.301647278506383,1,0,0.0987687347465909,0,Debt Consolidation,1,17,28,4576,1615,171189,4563,1250.0,0.8622831631938505,6,166626,0.275014,0.2934642122879168,2743.7670454163813,2.412613636333105,0,57.0
2030-02-15,41,81072,515,Employed,Master,23,16308,60,0,1,Own,490,0.3025651286461748,3,0,0.1683668307644907,0,Debt Consolidation,0,18,4,1803,1121,13731,42579,6756.0,0.8389306935963838,6,2992,0.263808,0.2377421298089395,467.0131736805124,0.1416538149319882,1,41.6
2030-02-17,18,36886,607,Employed,Master,0,10288,36,Divorced,0,Mortgage,482,0.3198535880525366,2,1,0.2338035454493317,0,Education,0,30,7,5363,768,32519,15900,3073.833333333333,0.7781596167171324,3,16619,0.191788,0.1912893975054655,377.7881613394308,0.2797120299320384,0,51.0
2030-02-21,33,18522,568,Employed,Master,10,32827,36,0,0,Mortgage,645,0.2741362920385569,6,5,0.2283492870951964,0,Auto,0,19,23,926,856,144161,27348,1543.5,0.8752764166663438,5,116813,0.2338269999999999,0.2161295864215987,1247.1146661953494,1.225859842044282,0,50.0
2030-03-03,18,53592,597,Employed,Master,0,18514,12,1,0,Own,257,0.2702012875349057,3,1,0.755357563449213,0,Education,0,19,8,9038,671,69450,30512,4466.0,0.8706645173202084,4,38938,0.185014,0.1979883635259079,1713.2532803081783,0.4411673265356423,0,59.0
2030-03-07,45,51204,557,Self-Employed,Master,20,35298,60,Divorced,1,Mortgage,544,0.0900015566539601,1,0,0.6151772630803187,0,Debt Consolidation,1,24,19,8306,2080,41941,17990,4267.0,0.9700277755062454,6,23951,0.261798,0.2458025705219148,1027.3749022496386,0.3682622222286474,0,66.0
2030-03-09,34,36069,626,Employed,Master,9,29862,96,1,2,Rent,210,0.084716429255034,2,0,0.1576547086214073,0,Home,1,29,14,2252,275,7831,2007,3005.75,0.937879240121627,4,5824,0.251862,0.2338553931024058,690.1593137194811,0.2994791029591553,0,53.0
2030-03-17,21,24263,599,Employed,Master,0,30444,36,1,0,Own,511,0.0538988079406907,3,0,0.4884578149116937,0,Debt Consolidation,0,22,22,3932,310,43735,12838,2021.9166666666667,0.9119346012235274,6,30897,0.215944,0.2470560903843322,1205.7130620717298,0.8490523325582474,0,57.0
2030-03-23,33,26085,608,Employed,Master,10,21874,48,Divorced,1,Mortgage,382,0.1935250502361296,3,2,0.5119159172244134,0,Auto,0,22,20,8975,1626,17988,6546,2173.75,0.9046525129020346,5,11442,0.212874,0.2467208802309827,721.2842260426225,0.5075488101403669,0,56.0
2030-03-28,44,106261,606,Employed,Master,21,14143,12,Widowed,0,Own,286,0.0837720338041244,0,2,0.1820433932204294,0,Education,0,21,25,5873,6783,38351,48934,8855.083333333334,0.7556545695769846,9,8586,0.176143,0.198316469558318,1308.990535202591,0.1801214596364714,1,36.0
2030-04-03,46,100605,604,Employed,Master,22,13719,60,0,2,Rent,487,0.4196393952746996,3,0,0.3154130826866007,0,Debt Consolidation,0,23,3,4851,456,80511,12604,8383.75,0.6362847953205335,2,67907,0.216719,0.2331911182514206,389.2644848569881,0.1045193958380185,1,41.6
2030-04-08,25,15000,523,Employed,Master,2,18435,48,0,0,Rent,369,0.219837445475947,0,1,0.0204727517962791,0,Home,0,24,24,2149,1291,52435,17361,1250.0,0.7545746612325839,5,35074,0.251935,0.2887345038616382,651.7462807227863,0.816597024578229,0,52.0
2030-04-14,45,149105,571,Employed,Master,22,25797,48,1,2,Mortgage,424,0.0783332369391323,3,1,0.28134538781059,0,Education,0,30,29,2696,1600,104089,42322,12425.416666666666,0.949852529078806,7,61767,0.235297,0.2420697790470795,843.9840876025766,0.102047611087696,1,37.6
2030-04-25,52,53876,643,Employed,Master,27,12622,84,1,2,Rent,1202,0.2766080954652632,3,0,0.2488650801657514,0,Auto,0,23,1,7441,2497,53507,58716,4489.666666666667,0.9154907536133136,3,8290,0.216122,0.211442038020594,289.0470298306816,0.3321063991010501,0,53.0
2030-05-02,37,35546,589,Employed,Master,9,20584,60,1,2,Mortgage,214,0.3263720199176538,9,2,0.4838171358433396,0,Home,0,25,28,7424,4894,359373,36562,2962.1666666666665,0.8878816175938743,3,322811,0.231084,0.2204022647980019,568.9785715567157,0.2643263055950202,1,40.8
2030-05-05,43,181189,503,Unemployed,Master,23,39579,12,0,1,Other,245,0.0939928242865947,4,0,0.1688935378674431,0,Other,0,25,11,1141,2751,25679,18439,15099.083333333334,0.7024775611030251,7,7240,0.253079,0.2136888120476189,3692.3607133511714,0.2607681954214331,1,40.0
2030-05-17,29,15307,568,Employed,Master,10,25544,60,1,0,Rent,208,0.1569347156159037,2,0,0.128796017524838,0,Debt Consolidation,0,17,18,2148,469,490622,29026,1275.5833333333333,0.8055482683064826,7,461596,0.2465439999999999,0.2815748945725732,797.7621213435615,0.788472297388302,0,45.0
2030-06-08,63,35038,645,Unemployed,Master,42,32112,36,0,4,Mortgage,702,0.4907274379779283,4,1,0.319317570535865,0,Education,0,22,22,1661,530,220342,45769,2919.833333333333,0.7810592545900086,4,174573,0.194612,0.1870515754798973,1172.3166335480507,0.6419258976704323,0,52.0
2030-06-15,44,44469,603,Unemployed,Master,23,22267,60,1,4,Mortgage,645,0.4977959971415331,3,1,0.26470002264054,0,Debt Consolidation,0,22,29,2839,388,14199,17758,3705.75,0.7519315037850854,3,4761,0.225767,0.2164661560487105,610.5247289781178,0.3388044873448337,0,54.0
2030-06-19,50,37314,605,Self-Employed,Master,26,27285,48,0,2,Own,403,0.4108948959477254,4,2,0.3176428706021285,0,Other,0,17,5,1174,251,61239,25423,3109.5,0.6496371328642472,8,35816,0.219785,0.204415309260771,836.724623803687,0.3986893789367058,0,58.0
2030-06-24,44,200646,601,Employed,Master,21,43415,120,1,1,Rent,1163,0.2961010088836326,1,1,0.2334751894520656,0,Home,0,29,22,5229,3140,16641,4084,16720.5,0.8378201500192831,8,12557,0.297915,0.238332,952.1732084192496,0.1265017917179061,1,37.6
2030-06-28,60,84390,613,Self-Employed,Master,38,41503,60,1,1,Mortgage,279,0.1107682626934222,2,0,0.2397289167839316,0,Debt Consolidation,0,28,3,1131,772,75648,13671,7032.5,0.8223873559163426,4,61977,0.2400029999999999,0.2693518459044887,1265.7003849922914,0.2196516722349508,0,51.0
2030-07-01,49,69704,573,Employed,Master,26,26040,48,Widowed,5,Mortgage,357,0.4118290031634802,3,3,0.0394889779920652,0,Debt Consolidation,0,24,24,382,1268,147136,30902,5808.666666666667,0.7386609386867722,6,116234,0.23454,0.2261734016943198,829.1704187355251,0.2042070042583826,1,37.6
2030-07-07,32,115503,597,Employed,Master,7,27842,60,1,2,Other,390,0.0920728140774965,2,1,0.3247043135942318,0,Auto,0,25,7,5026,478,47231,30495,9625.25,0.9646027603858344,2,16736,0.234342,0.1874736,718.3719649325569,0.1151525378491526,1,42.400000000000006
2030-07-15,33,24324,448,Employed,Master,8,26631,36,1,0,Mortgage,323,0.4800284967951395,5,1,0.4228709158577792,0,Debt Consolidation,0,27,7,2497,841,53949,48055,2027.0,0.7290368065296589,6,5894,0.2876309999999999,0.2490812849179133,1057.5503610220032,0.6810805925120884,0,60.0
2030-07-24,51,37017,581,Unemployed,Master,28,71916,36,1,1,Mortgage,415,0.269031837547049,7,0,0.4339651263265609,0,Debt Consolidation,0,29,7,9776,1118,213264,12048,3084.75,0.4381066138173913,7,201216,0.266416,0.2510836796901444,2863.4910799092195,1.0628060879841863,0,57.0
2030-07-28,42,38077,646,Employed,Master,19,20190,48,1,2,Mortgage,450,0.3201538576347484,4,0,0.106617057235203,0,Home,1,28,17,2324,971,26445,54846,3173.083333333333,0.7599528833964462,9,5869,0.19219,0.1811347973456817,594.2791422032906,0.3291054890469177,0,54.0
2030-07-31,39,155607,608,Unemployed,Master,17,35125,60,Divorced,2,Mortgage,596,0.2852737288911181,2,2,0.3196176082586524,0,Home,0,33,23,1104,2420,68396,9278,12967.25,0.8819921419428786,5,59118,0.2361249999999999,0.2273222683743835,984.7939357512168,0.1219066444890949,1,40.0
2030-08-14,48,105881,598,Self-Employed,Master,28,12316,120,1,0,Own,595,0.105648586384237,1,1,0.5050373798157106,0,Auto,0,22,22,4732,1142,35972,12702,8823.416666666666,0.8107517905810513,5,23270,0.268316,0.2803136948641661,306.90959450905166,0.1022177268264242,1,47.2
2030-08-15,29,37043,564,Employed,Master,4,30835,36,1,1,Own,188,0.2128184803570355,3,2,0.2709329232195323,0,Education,0,23,3,2148,11495,40790,60040,3086.9166666666665,0.9116750471937832,6,8038,0.233835,0.199228634998907,1144.7275412282515,0.4317342141494754,0,56.0
2030-08-22,53,23565,615,Employed,Master,31,12880,60,0,0,Mortgage,1040,0.2851666356026167,6,1,0.2729478315147932,0,Auto,0,18,4,1567,289,14184,111919,1963.75,0.8466752019628606,3,7624,0.21038,0.1783218580418793,325.892660589812,0.6955532326364415,0,54.0
2030-08-24,39,90959,603,Employed,Master,18,29596,60,1,1,Rent,292,0.3669945370428266,4,2,0.1784297602780081,0,Home,0,35,8,10031,3500,59925,9019,7579.916666666667,0.76196901392542,5,50906,0.233096,0.2094898347451812,799.8221219337437,0.1440414413439563,1,36.0
2030-08-27,60,104308,600,Employed,Master,37,18868,36,1,2,Own,429,0.1755809377069755,1,2,0.2939385427424569,0,Debt Consolidation,0,21,25,1017,300,6655,16835,8692.333333333334,0.8049273354268681,8,5701,0.203868,0.218029923977931,718.6559035041388,0.1320308206661968,1,37.6
2030-09-06,33,35808,548,Employed,Master,9,12866,60,1,0,Mortgage,263,0.1177888387724671,5,1,0.2643678840364434,0,Home,0,19,2,911,875,206480,85593,2984.0,0.9276305758486766,4,120887,0.2438659999999999,0.2166990005741572,352.9343954298609,0.2064123309081303,1,41.6
2030-10-02,28,41733,445,Employed,Master,4,22187,48,0,0,Rent,252,0.3019948155211879,2,0,0.052052077143938,0,Home,0,22,23,1223,378,40445,23692,3477.75,0.8742673309719023,0,16753,0.294687,0.2745907516841573,766.4127405032258,0.2928366732810655,0,51.0
2030-10-13,29,43102,552,Employed,Master,6,27306,24,0,2,Rent,355,0.2884814150382274,1,1,0.4450663573014591,0,Auto,0,20,5,816,2074,176852,9882,3591.833333333333,0.7758598077929968,4,166970,0.2263059999999999,0.2592632197221544,1470.0844302321077,0.5081205782280471,0,55.0
2030-10-24,43,46372,592,Employed,Master,20,45070,72,Divorced,2,Own,270,0.0567668398364255,2,0,0.1687038248159455,0,Debt Consolidation,0,23,18,1475,527,260510,25368,3864.3333333333335,0.7780756221947306,5,235142,0.26407,0.2278595949065807,1153.555850388305,0.3683832960549396,0,46.0
2030-10-28,31,22577,617,Employed,Master,10,21784,60,1,2,Mortgage,278,0.4156859583003366,3,1,0.2213768604752804,0,Debt Consolidation,0,27,18,5424,150,91059,47499,1881.4166666666667,0.89762610085368,5,43560,0.218284,0.2074392505440772,586.1967771826353,0.4593330082026674,0,52.0
2030-10-30,47,145503,562,Employed,Master,22,27293,60,0,3,Rent,495,0.2446466882590362,3,0,0.2363981477844963,0,Home,0,21,5,2019,1366,12385,21636,12125.25,0.885520870933826,6,3994,0.251293,0.2086005764174087,736.2204375062718,0.1015418599621675,1,41.6
2030-11-09,37,36677,527,Unemployed,Master,14,26422,12,1,2,Mortgage,184,0.1211727811363946,0,0,0.2037155441243146,0,Debt Consolidation,0,23,26,1098,488,109757,18826,3056.4166666666665,0.7013077512486509,9,90931,0.227922,0.234862440402167,2491.8890633866417,0.8754987801793959,0,53.0
2030-11-15,22,28593,545,Employed,Master,2,18926,48,0,0,Own,424,0.2654384210635023,2,1,0.2996162478248955,0,Home,0,26,4,6601,3258,88106,115138,2382.75,0.8830450471878314,9,1778,0.241426,0.2613148392873429,639.5345700716372,0.4463475270471669,0,57.0
2030-11-16,47,41181,613,Employed,Master,22,9152,36,1,4,Mortgage,298,0.6110212459091845,3,0,0.2529876394992204,0,Education,1,31,9,2986,980,54554,8318,3431.75,0.7603952903055359,6,46236,0.1876519999999999,0.1501216,317.3115875413901,0.179299653978696,1,47.2
2030-11-17,46,49374,605,Employed,Master,22,31582,96,0,4,Mortgage,246,0.2817874729462535,2,2,0.1617218423161817,0,Debt Consolidation,0,17,5,2109,1657,200391,94291,4114.5,0.7971958971648412,4,106100,0.264082,0.2835210913029561,834.9040531038995,0.2627060525225178,0,46.0
2030-11-21,34,107473,629,Employed,Master,12,20647,60,Divorced,0,Other,464,0.0898244437730965,4,0,0.2102034325645258,0,Auto,1,25,12,2642,345,125229,11733,8956.083333333334,0.9533716036489832,4,113496,0.211147,0.2098891727910038,558.4420077382207,0.1141617345087477,1,39.2
2030-12-05,46,49760,629,Employed,Master,24,17845,72,1,4,Mortgage,284,0.3746741073410187,3,1,0.2308066410776758,0,Other,0,22,4,3071,360,229844,25647,4146.666666666667,0.9375089639938612,7,204197,0.218345,0.2396489787014761,469.4221103414314,0.1816934349697985,0,49.0
2030-12-13,40,105979,624,Employed,Master,15,30488,48,1,3,Own,470,0.2770604352112882,2,1,0.208156427982024,0,Other,0,31,9,979,420,106468,38526,8831.583333333334,0.5839053076846789,2,67942,0.213488,0.2171724749443449,955.8833550379128,0.1614527430949051,1,37.6
2030-12-18,43,23496,608,Employed,Master,19,20387,48,Widowed,4,Rent,120,0.5628155926833378,3,2,0.127400223900246,0,Auto,0,24,16,1128,479,284725,14027,1958.0,0.904509992215439,4,270698,0.211387,0.2142706914997598,635.990002623681,0.386103167836405,0,44.0
2030-12-19,51,48365,514,Employed,Master,27,11093,60,0,1,Mortgage,771,0.5755790255694482,2,0,0.50411130859008,0,Home,0,16,24,4127,262,34062,46057,4030.4166666666665,0.8372200758295794,8,2824,0.259093,0.2440930944232271,321.76394661409705,0.2711292744623005,0,60.0
2030-12-29,36,17344,541,Employed,Master,15,60476,60,1,0,Other,277,0.2595119658526305,2,1,0.3492075456805055,0,Home,0,24,10,737,170,137377,5228,1445.3333333333333,0.8905959177338347,3,132149,0.294976,0.285222355408655,1902.06896191194,1.5076584146069698,0,52.0
2031-01-20,36,24353,615,Employed,Master,14,12431,108,0,0,Other,219,0.3902449109091979,3,0,0.3493680910200195,0,Other,0,30,13,5010,142,69484,22915,2029.4166666666667,0.7061413089300337,4,46569,0.249931,0.2377097032476997,279.89502814509734,0.2458317389127076,0,53.0
2031-01-23,40,19654,628,Unemployed,Master,15,15957,36,1,1,Other,308,0.4192081367122767,4,0,0.2562709604656069,1,Debt Consolidation,0,21,22,4330,338,52019,18134,1637.8333333333333,0.8861906359636211,10,33885,0.186957,0.2057538655620431,597.7078373684391,0.5529914545853907,0,67.0
2031-02-02,43,31562,514,Employed,Master,20,26181,24,1,0,Own,247,0.0708679355290076,2,1,0.3718866069516083,0,Home,0,23,12,1887,2501,46193,20124,2630.1666666666665,0.870201057313591,2,26069,0.244181,0.2556015132999747,1404.688666260779,0.627978708419281,0,54.0
2031-02-08,48,125958,548,Employed,Master,28,59329,36,Widowed,2,Rent,469,0.4905895320992981,5,1,0.0599862382466233,0,Home,0,30,15,29586,2540,32126,3199,10496.5,0.9191742921298872,5,28927,0.270329,0.2801786280280696,2454.632880165677,0.278534071372903,0,49.0
2031-02-10,18,45667,631,Employed,Master,0,45460,60,0,1,Own,326,0.1245967010245655,1,2,0.1887990983566499,0,Auto,0,28,24,2785,1179,66082,37120,3805.5833333333335,0.82298046614501,0,28962,0.23496,0.2375883989162251,1301.4360578353992,0.4276443097647051,0,47.0
2031-02-13,35,49382,634,Employed,Master,11,47539,60,Divorced,3,Own,418,0.230928345946498,4,1,0.1673275971743744,0,Auto,0,36,19,2940,1174,121492,29293,4115.166666666667,0.8428665437201971,3,92199,0.235539,0.2033672265851101,1268.4160715852356,0.4098050475684019,0,46.0
2031-03-01,47,107230,558,Employed,Master,23,13435,72,1,3,Rent,518,0.2246021119338689,3,0,0.0893866760645958,0,Education,0,24,27,2017,1141,105410,35783,8935.833333333334,0.8147998519130025,4,69627,0.249435,0.20262815913152,323.856212860141,0.0942112706735213,1,37.6
2031-03-03,34,53630,538,Employed,Master,12,12899,36,1,1,Rent,478,0.3980985648256432,5,2,0.2436887735100641,0,Auto,0,25,23,9054,2024,36172,43981,4469.166666666667,0.7668852239607827,4,3303,0.228899,0.2218315756160834,493.8417138834639,0.2174547933358487,1,41.6
2031-03-12,47,82186,593,Employed,Master,27,17474,108,0,0,Other,333,0.2784498637073915,1,2,0.1891909287252002,0,Auto,0,28,14,880,472,152774,50654,6848.833333333333,0.885150070826474,7,102120,0.265974,0.2274003585485678,381.3446363075876,0.1043016527838202,1,36.0
2031-03-18,39,27914,576,Employed,Master,15,35809,48,0,2,Rent,483,0.1667885668467759,2,1,0.1599336082285911,0,Home,0,28,17,5346,1022,124282,4746,2326.1666666666665,0.9112514375383844,6,119536,0.242809,0.2193942553696329,1127.023871099119,0.6921360769932446,0,47.0
2031-03-21,49,28394,656,Employed,Master,27,10459,36,0,0,Rent,322,0.25957510319491,3,0,0.1165221153521704,0,Education,0,24,9,5219,1364,211695,6529,2366.1666666666665,0.6548426420333257,10,205166,0.167459,0.1653693893123001,370.4859744986388,0.2926615374369115,1,34.4
2031-04-05,48,49945,601,Employed,Master,25,17041,48,1,0,Other,478,0.0690786362900701,0,2,0.2531787512242935,1,Debt Consolidation,0,21,23,10112,1686,11798,5942,4162.083333333333,0.6995480795203072,5,5856,0.211541,0.2417524462151954,557.2201249707826,0.2487264290649593,0,61.0
2031-05-05,25,33971,628,Employed,Master,6,14489,96,0,1,Rent,367,0.3725368058896077,3,1,0.3251387943816742,0,Debt Consolidation,0,26,13,4611,786,6419,5066,2830.9166666666665,0.905186768333463,4,1353,0.235489,0.2402907466564957,340.95800381946805,0.2500808350014311,0,52.0
2031-05-23,30,15000,488,Employed,Master,9,33184,48,Divorced,0,Rent,672,0.3399671497087647,5,0,0.3099673484968908,0,Education,0,22,23,22439,769,90151,32875,1250.0,0.7870136900624385,3,57276,0.284184,0.2606596843770818,1120.1070625581422,1.4336856500465138,0,54.0
2031-05-24,25,21115,576,Employed,Master,0,23224,24,Divorced,1,Rent,344,0.2770504176852726,1,0,0.3801399698271503,0,Education,1,23,27,10107,2247,137971,15637,1759.5833333333333,0.96806181051762,5,122334,0.210224,0.1710410718977221,1149.409217235404,0.8487288944743002,0,58.0
2031-05-29,19,32182,478,Unemployed,Master,0,49105,24,0,1,Mortgage,405,0.4247085964774897,2,0,0.0910881454261404,0,Home,0,24,24,1861,3094,120905,24161,2681.833333333333,0.8688332530769447,7,96744,0.285105,0.2472450070588762,2614.025709863334,1.125732040219999,0,53.0
2031-06-08,34,30349,539,Self-Employed,Master,14,20577,72,1,2,Own,226,0.0516107378055019,4,0,0.3220604305752644,1,Other,0,25,28,5500,3613,21613,23905,2529.083333333333,0.8716974482103613,2,2043,0.266077,0.26450653046436,572.7426170499782,0.3158229729018991,0,69.0
2031-06-13,55,67070,674,Employed,Master,33,22578,60,1,1,Rent,465,0.1603540414409787,3,2,0.5870489889540244,0,Home,0,21,4,1066,805,178984,4531,5589.166666666667,0.6888004425006781,7,174453,0.1905779999999999,0.1923397867570273,588.5963835741046,0.1885068824047898,1,40.0
2031-06-23,43,43748,626,Employed,Master,24,16809,24,Divorced,4,Mortgage,236,0.0767993743013666,1,1,0.3739622193539823,0,Home,0,25,15,2295,649,30919,73083,3645.6666666666665,0.7712412615956499,7,5312,0.178809,0.188811345777327,846.3480280055483,0.2968861739066147,0,51.0
2031-06-28,34,32400,564,Employed,Master,11,26175,96,1,2,Rent,453,0.2164361877827606,0,0,0.2902493220829654,0,Home,0,31,17,2966,1864,74930,72869,2700.0,0.9417349182529604,3,2061,0.279175,0.3202238234298938,759.063026124295,0.448912231897887,0,53.0
2031-07-03,18,29546,571,Employed,Master,0,24237,60,1,0,Mortgage,320,0.518576969445208,3,1,0.244169179596751,0,Debt Consolidation,0,21,12,3789,3112,186707,27703,2462.1666666666665,0.8446045489084911,6,159004,0.243737,0.2461524879086251,705.9313858248127,0.4166782857204952,0,51.0
2031-07-08,40,36964,658,Employed,Master,15,19362,36,1,2,Rent,652,0.2743214661509493,2,1,0.5186942280718083,0,Debt Consolidation,0,22,20,3867,627,48420,7331,3080.333333333333,0.6592612657928475,7,41089,0.175362,0.1700481632947803,690.354522178851,0.435782227739049,0,53.0
2031-07-16,60,70869,655,Self-Employed,Master,37,23770,36,0,1,Rent,509,0.21379103966809,2,2,0.0652609278316631,0,Home,0,19,29,15355,169,164661,32345,5905.75,0.9260436202364354,4,132316,0.18127,0.1783428220368161,857.3676814253779,0.2313622624434454,1,34.4
2031-07-31,46,54551,634,Employed,Master,21,16983,36,0,1,Mortgage,231,0.1527995976882459,4,0,0.162347430713257,0,Education,0,27,12,7816,245,336345,19230,4545.916666666667,0.9217583944002188,3,317115,0.184983,0.2184141900796559,647.1960313094716,0.1931834865669494,1,32.0
2031-08-06,37,76601,620,Self-Employed,Master,15,20208,72,Divorced,1,Mortgage,193,0.1058830843164073,4,1,0.3178176525258025,0,Home,0,17,22,2869,2328,285712,5541,6383.416666666667,0.9536662610422456,7,280171,0.225208,0.2086889921448637,494.2703734830993,0.1076649714990299,1,37.6
2031-08-13,27,118240,585,Employed,Master,1,20602,48,1,2,Own,211,0.5230225107465233,2,0,0.3788763588877001,0,Home,0,27,26,2285,1432,14855,52207,9853.333333333334,0.829915492430604,7,6742,0.223102,0.1784816,603.5503425889591,0.0826674907904897,1,43.2
2031-08-26,59,24851,488,Employed,Master,34,26721,36,1,0,Mortgage,483,0.3218646781473158,3,1,0.4097823534073299,0,Debt Consolidation,0,26,4,2109,14016,201966,11797,2070.9166666666665,0.7830626632060416,7,190169,0.267721,0.3212652,1165.6946060185255,0.7961182758127362,0,57.0
2031-09-05,39,85032,605,Unemployed,Master,18,24983,48,Divorced,0,Rent,480,0.078290679364474,2,0,0.2367442965591346,0,Home,0,22,23,5411,2345,108459,16551,7086.0,0.7686797558793514,3,91908,0.217483,0.23101012833428,802.1251932680169,0.1809377918808943,0,48.0
2031-09-08,49,43079,587,Employed,Master,25,38467,108,0,1,Rent,314,0.35863336043407,3,0,0.0627683845522891,0,Home,1,24,27,2404,2194,104372,49254,3589.9166666666665,0.7731086039672695,4,55118,0.289967,0.2810981365963724,981.6013032744112,0.3609001053713627,0,55.0
2031-09-11,34,81280,576,Employed,Master,11,14220,48,1,5,Other,484,0.5739320984990927,2,1,0.5357438698804474,0,Other,0,20,27,2362,1201,72620,10894,6773.333333333333,0.8442176433873165,5,61726,0.22122,0.2208761613828206,448.6930938944425,0.1377007520513448,1,44.8
2031-09-20,59,83644,569,Employed,Master,38,15917,24,0,1,Mortgage,443,0.4131490629887546,4,0,0.3769585153198637,0,Debt Consolidation,0,32,16,4740,1350,85843,4270,6970.333333333333,0.9332145875173103,6,81573,0.206417,0.2443080459233292,844.975585693165,0.1847796258944811,1,41.6
2031-09-23,37,29580,555,Employed,Master,17,22707,24,1,2,Mortgage,719,0.4265857813950789,7,1,0.323648031987379,0,Auto,0,23,10,1067,426,67347,12485,2465.0,0.9124323777516836,6,54862,0.2202069999999999,0.1942804424372835,1149.356306292771,0.7579538767921992,0,55.0
2031-10-01,31,29618,524,Employed,Master,10,13019,72,0,0,Own,549,0.3163211439979712,1,0,0.0641474007215405,0,Education,0,26,23,1745,355,21649,13198,2468.1666666666665,0.9507225566637948,6,8451,0.266019,0.2815608757709319,376.3222100600336,0.3749026443622257,0,52.0
2031-10-12,48,48945,636,Employed,Master,24,24666,36,1,1,Mortgage,211,0.2827668530125532,2,2,0.3122925076666903,0,Home,0,21,20,1086,69,14210,55588,4078.75,0.8839000217205029,6,8029,0.191666,0.1575883055789218,864.249360817093,0.2636222766330598,1,41.6
2031-10-26,18,124018,521,Employed,Master,0,23657,48,1,3,Other,968,0.3066580189801689,2,3,0.4311450545768825,0,Home,0,29,5,3719,2255,157654,44264,10334.833333333334,0.7869991392912027,4,113390,0.258157,0.2352772616259024,765.0980458070451,0.167694822926386,1,41.6
2031-11-01,44,87168,519,Employed,Master,22,10377,72,Divorced,0,Mortgage,508,0.3465128431403761,2,1,0.1241785833131102,0,Debt Consolidation,0,27,16,504,771,220646,26337,7264.0,0.6941102092668069,1,194309,0.265877,0.2712515042998248,293.20963601825144,0.1102986833725566,1,36.0
2031-11-05,48,74183,646,Self-Employed,Master,28,15281,48,1,2,Rent,412,0.5217014314921751,4,0,0.535775086666469,0,Education,0,20,25,1238,7691,132632,25904,6181.916666666667,0.8803590248846258,2,106728,0.187281,0.1899697639952657,456.879325709768,0.1405517693880972,1,44.0
2031-11-10,52,34281,583,Employed,Master,30,6619,36,Divorced,0,Mortgage,236,0.33937372528293,2,0,0.1355982740026452,0,Auto,0,21,21,2690,453,78769,21306,2856.75,0.9486060029259016,4,57463,0.200119,0.196310386919812,244.74318244835837,0.168283252804186,1,39.2
2031-11-11,35,52023,440,Employed,Master,15,17002,60,1,2,Rent,353,0.2079256450878426,4,2,0.4810944349386077,0,Home,0,27,12,5198,322,31363,11814,4335.25,0.7421416722289808,5,19549,0.302002,0.2998085474353393,549.8725150287981,0.208263079413828,0,56.0
2031-11-27,44,84073,648,Employed,Master,19,66113,84,1,4,Mortgage,489,0.2698197756686079,2,1,0.7199721698538546,0,Education,0,31,26,56799,3783,60582,14026,7006.083333333333,0.7451026498112288,10,46556,0.267113,0.2780822875604992,1793.928331281811,0.3258494400744798,0,54.0
2031-12-05,39,15474,622,Employed,Master,17,22731,96,Widowed,3,Mortgage,247,0.0131642154878182,1,0,0.1762091522225456,1,Debt Consolidation,0,26,15,3814,4887,60958,2606,1289.5,0.9201372996673042,5,58352,0.246731,0.2609486419348373,566.0752364371285,0.6305352744762532,0,58.0
2031-12-22,40,55860,426,Employed,Master,15,36295,36,1,0,Rent,443,0.0834341852664198,5,1,0.5732612003417424,0,Auto,1,21,18,3931,2000,190612,55832,4655.0,0.7434421552558221,3,134780,0.308295,0.2836775192336542,1508.5116974845723,0.4192291509096825,0,59.0
2031-12-24,42,59723,613,Employed,Master,21,31135,36,0,2,Rent,239,0.1410669471633366,2,0,0.2432366305720587,0,Auto,1,24,28,2305,2218,63449,34863,4976.916666666667,0.7778974972955813,4,28586,0.209635,0.2116957917817062,1175.725842720435,0.2842574906258094,0,54.0
2032-01-13,31,23003,528,Employed,Master,10,25551,12,1,4,Rent,296,0.1212724105596663,3,2,0.0415668137087392,0,Debt Consolidation,0,26,5,559,933,38852,12287,1916.9166666666667,0.7973100531825436,4,26565,0.226551,0.2526850972306083,2431.80496033268,1.423016977089604,0,53.0
2032-01-18,45,23394,665,Unemployed,Master,19,9859,36,1,3,Rent,738,0.1858479982270274,2,1,0.3378506778308298,0,Home,0,24,4,2907,4050,66880,9394,1949.5,0.8821153641944491,6,57486,0.162359,0.1867799956050252,359.78864651458423,0.5631129246035314,0,53.0
2032-01-21,45,25388,656,Employed,Master,24,18816,36,0,4,Rent,429,0.2224866451541165,3,0,0.2565609013387047,0,Other,0,26,20,827,1514,111493,9448,2115.6666666666665,0.8826639724267408,4,102045,0.175816,0.1601475482162321,661.6518067084102,0.5155121191311219,0,44.0
2032-01-29,46,65865,559,Employed,Master,21,34952,36,Divorced,1,Own,440,0.4014538309258035,2,0,0.5125100075156437,0,Home,1,27,25,5472,385,52061,11818,5488.75,0.8092980622083716,4,40243,0.2404519999999999,0.2566682082055956,1402.04172667456,0.335603138542393,0,65.0
2032-01-30,52,113311,616,Employed,Master,26,42583,24,1,1,Mortgage,853,0.2062329176224321,2,1,0.0067493001354941,0,Debt Consolidation,0,32,29,2124,643,45609,27142,9442.583333333334,0.6945256174005859,2,18467,0.209583,0.2077297018822844,2183.4095789921835,0.3215655580473758,1,36.8
2032-02-08,29,32326,625,Employed,Master,8,16273,60,1,0,Mortgage,514,0.3367952717326668,2,0,0.1109355534112477,0,Home,0,16,20,1329,1124,237886,9782,2693.833333333333,0.8981881558355254,8,228104,0.208773,0.2505276,478.1375614608978,0.3682995340447557,0,44.0
2032-02-09,46,81349,587,Employed,Master,22,17188,36,0,1,Rent,511,0.1958346680424845,3,1,0.2219524158996442,0,Home,1,25,1,8618,757,23057,1961,6779.083333333333,0.8753044074533535,9,21096,0.208688,0.2213405356674601,657.6100961998372,0.1723846778005636,0,60.0
2032-02-16,26,31513,613,Self-Employed,Master,7,32806,84,1,4,Mortgage,650,0.4500869815200055,4,0,0.1171473482974546,1,Other,0,25,18,2511,1556,170941,13951,2626.083333333333,0.722524292043821,11,156990,0.251306,0.2478792715207025,825.9304533778718,0.562027272571144,0,60.0
2032-02-26,26,51543,584,Employed,Master,4,18711,72,0,0,Mortgage,416,0.6057456716840285,2,0,0.2696000347023984,0,Home,1,25,15,6811,6352,59264,9708,4295.25,0.9352507931433623,4,49556,0.241711,0.222857065928132,473.313359721265,0.2070457737550235,0,60.0
2032-03-10,37,32409,525,Employed,Master,16,26975,24,1,1,Own,712,0.3160934612390097,5,1,0.3461881733766843,0,Education,0,23,3,3914,1312,171849,5409,2700.75,0.7603267835766536,4,166440,0.239475,0.259426660656691,1452.4865319317032,0.8014390565330753,0,54.0
2032-03-23,34,68885,564,Employed,Master,13,24158,48,0,4,Rent,302,0.229894780604976,7,2,0.3709688114006941,0,Education,0,29,22,1982,327,29365,44150,5740.416666666667,0.570310212678809,6,10754,0.237158,0.2317677391202439,776.6410729337568,0.1879029233534888,1,43.2
2032-04-07,41,43617,547,Unemployed,Master,18,13375,72,0,1,Other,637,0.366733863083002,2,2,0.146652561627658,0,Debt Consolidation,0,30,28,4702,342,8550,18832,3634.75,0.8797126592742246,2,6046,0.2548749999999999,0.2676630067853652,374.9154396382703,0.278400286027449,0,54.0
2032-04-13,43,33601,633,Employed,Master,19,21981,48,1,2,Own,430,0.2951147064959244,1,3,0.3046988183062149,0,Home,0,33,17,1666,6517,49606,47704,2800.083333333333,0.8612461524642967,4,1902,0.200481,0.1644634581180846,627.9839439467518,0.3778401633094557,0,52.0
2032-04-15,33,46325,619,Unemployed,Master,12,19174,60,1,2,Mortgage,396,0.3207832701780209,2,1,0.2523064194119235,0,Debt Consolidation,0,24,18,2918,2520,84954,80386,3860.4166666666665,0.7698862896486399,1,4568,0.214674,0.245193098568011,557.3916709069766,0.2469660021777381,0,53.0
2032-04-20,28,67691,501,Self-Employed,Master,1,8035,48,0,2,Rent,558,0.1226145867513597,6,2,0.0772969004446323,0,Home,0,29,24,4393,392,10203,171036,5640.916666666667,0.7607168164699674,4,3118,0.2525349999999999,0.2726234005803263,276.65591121767824,0.1479645881226771,1,41.6
2032-04-21,75,167544,642,Employed,Master,55,27508,48,1,4,Mortgage,548,0.1397696545287399,2,0,0.1627358075469689,0,Home,0,28,6,967,832,209597,16884,13962.0,0.7889361522944991,4,192713,0.201508,0.2055777408134803,845.2749527330053,0.0997904994078932,1,33.6
2032-05-03,23,72631,573,Employed,Master,1,16047,36,Divorced,0,Mortgage,934,0.5454462287954934,4,1,0.0446838418789579,0,Debt Consolidation,0,18,4,1797,2609,149131,177321,6052.583333333333,0.8681537032833473,3,9568,0.214547,0.178861980098052,579.221800469804,0.2500125511921582,1,43.2
2032-05-23,35,33319,607,Employed,Master,17,25882,48,Divorced,0,Own,242,0.2164841924017126,2,0,0.4082142713619148,0,Auto,0,24,27,4518,426,19311,49851,2776.583333333333,0.7958156248639435,4,5173,0.217382,0.1980253793310862,784.8782464074416,0.3698351978417509,0,54.0
2032-06-04,23,20521,601,Employed,Master,0,14875,48,0,1,Own,489,0.304898665600558,2,2,0.3726176228654503,0,Home,0,30,7,4886,1874,6760,6354,1710.0833333333333,0.8392773054060841,8,6129,0.209375,0.1831185436395197,439.380843696366,0.5428863176432139,0,54.0
2032-06-08,25,52656,568,Employed,Master,0,37005,48,1,0,Own,601,0.2176634124882231,1,2,0.3108032743611827,0,Other,0,27,9,2737,2700,17176,49478,4388.0,0.6599440531482936,5,6046,0.248005,0.2105802915833245,1147.0408497560927,0.39836847077395,0,55.0
2032-06-10,35,52588,546,Employed,Master,12,20969,24,1,0,Own,531,0.1378857384105582,5,3,0.2790079863501659,0,Other,0,32,29,3704,581,268938,62743,4382.333333333333,0.9328664780577997,2,206195,0.222969,0.1858814969104669,1052.8271873783733,0.3614118477321913,1,37.6
2032-06-16,32,78999,610,Employed,Master,10,36609,36,1,1,Rent,202,0.0803374733232461,3,1,0.3517616655299776,0,Other,0,23,1,1396,3289,203669,12393,6583.25,0.8609422057704607,7,191276,0.216609,0.1946783399505562,1350.6153312146157,0.2358432888337243,1,40.0
2032-06-21,44,34330,625,Employed,Master,18,41989,60,1,0,Mortgage,402,0.2003145147055581,1,0,0.4389943565342646,0,Home,0,29,28,5439,147,12623,37576,2860.833333333333,0.9406981681946784,5,9665,0.234489,0.22064131543492,1161.2220651893183,0.5464219278261526,0,54.0
2032-06-23,56,204649,631,Employed,Master,32,15984,60,Divorced,1,Other,684,0.0142354736600782,1,2,0.5202918286546818,0,Auto,1,28,23,6666,1028,22797,5607,17054.083333333332,0.5031338633302473,5,17190,0.205484,0.2007409421593616,424.13748175134094,0.064977839036673,1,46.400000000000006
2032-06-26,58,122026,607,Employed,Master,38,23103,72,1,2,Other,445,0.357944601265702,4,1,0.2478237923077183,0,Debt Consolidation,0,27,16,447,1235,42117,42614,10168.833333333334,0.9568322486936742,4,6475,0.234603,0.2547797338811111,629.1227088674923,0.1056289029092972,1,37.6
2032-07-05,43,32316,629,Employed,Master,18,20905,60,0,1,Rent,211,0.111658089443174,1,0,0.5743176817194158,0,Debt Consolidation,0,30,19,2416,533,59293,78177,2693.0,0.6979453910126863,6,8699,0.211405,0.2353258684298187,595.7361186698015,0.299567812354178,0,55.0
2032-07-07,36,50384,590,Employed,Master,10,10126,36,1,3,Own,431,0.6677347893355317,7,1,0.246749114343493,0,Debt Consolidation,1,26,24,2278,861,83084,9995,4198.666666666667,0.9043675614145892,8,73089,0.200126,0.2334917424673458,393.8198611616799,0.1964480456879199,0,58.0
2032-07-10,36,24220,600,Employed,Master,16,40968,36,1,1,Mortgage,488,0.0830648927330092,2,0,0.1141036214492831,0,Education,0,20,9,1125,3308,36490,3583,2018.3333333333333,0.7630577236891444,6,32907,0.225968,0.2089630448488253,1541.2918316318962,1.005429478925795,0,49.0
2032-07-17,54,22359,633,Employed,Master,31,31543,36,Divorced,3,Mortgage,828,0.5544597221283051,2,0,0.0642132977508975,0,Home,0,23,3,11574,2791,24851,20740,1863.25,0.5640178172434445,8,4111,0.200043,0.2352630077052131,1229.6901530683742,1.1043553753218165,0,53.0
2032-07-26,42,158264,575,Self-Employed,Master,20,20639,36,Divorced,2,Rent,426,0.0432927513945541,2,0,0.0937171917011645,0,Debt Consolidation,0,24,9,12642,67,101811,153335,13188.666666666666,0.9747857968055884,5,2826,0.218139,0.2577558432012811,829.0927867611495,0.0951644937644302,1,40.8
2032-08-07,43,46660,627,Self-Employed,Master,21,14552,60,Divorced,0,Mortgage,610,0.1171082625441574,4,2,0.0795076462997444,0,Auto,0,23,4,7233,326,65979,48885,3888.3333333333335,0.9648859597031244,0,17094,0.206052,0.2152722214316111,398.00852948856095,0.2592392274724117,0,53.0
2032-08-12,30,86789,557,Employed,Master,7,53695,48,0,0,Own,381,0.2810519967845609,3,1,0.1712868133773772,0,Home,0,24,7,4824,96,87240,95443,7232.416666666667,0.8467082207618709,7,9393,0.2701949999999999,0.3203933290790381,1997.5461856988572,0.3288729473595305,0,50.0
2032-08-15,27,45164,626,Employed,Master,5,49761,84,1,2,Rent,335,0.1593465324571576,4,1,0.6783659675230792,0,Debt Consolidation,1,16,2,13851,1758,230610,59108,3763.6666666666665,0.7345937448777405,2,171502,0.261761,0.2575461338548136,1283.640058451319,0.4300699827609562,0,61.0
2032-08-24,40,41866,625,Unemployed,Master,19,7229,108,Divorced,0,Other,668,0.3883123871618826,0,2,0.4784852207315663,0,Debt Consolidation,0,22,20,3498,383,151407,50056,3488.833333333333,0.4503229953566702,3,101351,0.239729,0.2199395834329183,154.1794345703429,0.2356602783844674,0,53.0
2032-08-28,53,92275,616,Employed,Master,30,19522,72,0,1,Mortgage,477,0.2560265735037111,2,0,0.4106477723493045,0,Home,0,28,20,2057,1301,194034,18456,7689.583333333333,0.8490521367357272,3,175578,0.226522,0.2390038101702064,512.7724576900521,0.1287160064186467,1,38.400000000000006
2032-08-30,50,63193,636,Employed,Master,31,44857,24,1,0,Rent,609,0.3217669024138898,1,0,0.1809705598204033,0,Other,0,22,25,5507,2306,24722,59761,5266.083333333333,0.6558998650140813,4,7838,0.201857,0.1917829580132735,2265.066996110882,0.5457693724515467,0,47.0
2032-08-31,20,60480,614,Unemployed,Master,2,30794,36,Widowed,4,Own,527,0.029159291440161,4,0,0.1971492575782707,0,Home,1,26,20,1105,210,13120,5028,5040.0,0.7127013001481225,7,8092,0.2087939999999999,0.2276115834085308,1188.1971684741472,0.3403168985067752,0,55.0
2032-09-06,40,67732,611,Employed,Master,18,23833,96,1,2,Own,739,0.3319164568196445,3,1,0.260594662393354,0,Home,0,20,16,1392,422,14917,31526,5644.333333333333,0.6732931368800439,4,6557,0.253333,0.2458948689863147,569.6327950984638,0.2318489567882473,0,49.0
2032-09-10,56,144504,645,Employed,Master,34,40357,36,0,0,Rent,234,0.272969741410675,2,3,0.1933983518840771,0,Other,0,24,19,12136,349,255419,15964,12042.0,0.7586046482855033,7,239455,0.202857,0.1719204240880084,1442.6972595488487,0.1392374405870161,1,32.800000000000004
2032-09-15,26,35612,462,Employed,Master,4,72523,48,0,4,Rent,909,0.1356798657683007,1,0,0.4092591033199286,0,Debt Consolidation,0,19,12,924,2841,33307,80357,2967.6666666666665,0.9000295888316858,7,8714,0.3365229999999999,0.2692183999999999,2483.0419225083238,1.142999636922944,0,56.0
2032-09-19,48,113998,626,Employed,Master,25,25905,36,0,0,Mortgage,494,0.0934254519555257,3,1,0.4325585208484487,1,Auto,0,19,29,1067,320,120829,1672,9499.833333333334,0.8280227311836185,7,119157,0.197905,0.1620799119768658,913.4052492678207,0.1481505201074917,1,47.2
2032-09-23,33,67160,537,Employed,Master,12,28042,24,1,5,Rent,766,0.1603158795015589,6,0,0.1516881867228198,0,Debt Consolidation,0,21,13,900,921,92307,29212,5596.666666666667,0.9318235880169627,10,63095,0.234542,0.2233856112350891,1459.4598433006038,0.3976402340620495,0,47.0
2032-09-24,32,55486,612,Unemployed,Master,11,14242,36,1,1,Mortgage,402,0.2736216010190456,4,2,0.5350378563318718,0,Education,0,22,27,4922,757,118745,55520,4623.833333333333,0.9305438149982844,8,63225,0.193242,0.2318904,552.7080760658387,0.2064754516957442,0,56.0
2032-09-30,56,174632,494,Employed,Master,33,31628,84,0,3,Other,511,0.111642380140263,1,1,0.3107344319201664,0,Home,0,29,6,1317,739,114312,10982,14552.666666666666,0.859253350846465,4,103330,0.309628,0.2700500455084767,841.5421088114845,0.0929411866424127,1,39.2
2032-10-04,31,48088,517,Employed,Master,4,11381,120,1,0,Own,464,0.2302451998639189,1,2,0.3910303442973163,0,Home,1,24,18,6303,836,677770,23675,4007.3333333333335,0.6968127125720177,5,654095,0.307881,0.3205345123086954,317.4230397139626,0.1949982631127839,1,42.400000000000006
2032-10-13,43,76650,632,Employed,Master,22,39651,48,1,4,Own,763,0.2101872418029973,3,1,0.4785884715110211,0,Home,0,26,28,632,1310,101646,32493,6387.5,0.8200937419581172,5,69153,0.218651,0.209002461548207,1225.694331949666,0.3113415783874232,1,40.8
2032-10-28,31,41974,588,Employed,Master,11,14292,36,Divorced,3,Own,413,0.2933464411783917,2,2,0.2271480963325645,0,Debt Consolidation,0,29,19,4221,1942,36285,43699,3497.833333333333,0.8294872947935502,2,3568,0.205292,0.224908702213386,549.453976679008,0.2751571858804997,0,53.0
2032-10-31,18,71446,497,Employed,Master,0,25012,36,1,2,Own,151,0.2121753901017571,1,0,0.3369059489105994,1,Debt Consolidation,0,26,1,2430,713,9783,6958,5953.833333333333,0.8418222828392754,7,2825,0.2615119999999999,0.2517652575476453,996.8094311543022,0.1927849449073654,0,70.0
2032-11-01,33,30510,646,Employed,Master,8,21019,108,1,1,Mortgage,183,0.1205121120064597,6,2,0.1137321613531353,0,Home,0,28,17,2335,2813,23689,36500,2542.5,0.8211150766997783,2,2446,0.243019,0.223981785715997,453.92356016707714,0.2505107414619772,0,47.0
2032-11-03,40,152488,652,Employed,Master,19,15052,60,1,0,Mortgage,254,0.5609533452761577,4,2,0.1096761661306555,0,Debt Consolidation,0,24,2,5945,3329,23266,7512,12707.333333333334,0.8229584354034347,2,15754,0.194052,0.1940784750302041,393.8428104037279,0.0509818066001569,1,37.6
2032-11-09,51,84457,646,Employed,Master,27,29160,60,1,3,Mortgage,443,0.0531720944269622,6,1,0.1013491561095603,0,Other,0,23,3,639,376,53879,34872,7038.083333333333,0.9082437871995964,5,19007,0.21116,0.2016266949262155,775.2033423941974,0.1730873711916166,0,48.0
2032-11-15,41,40497,647,Employed,Master,17,8323,48,0,2,Mortgage,521,0.3522704209244017,1,2,0.4457236486318921,0,Home,0,27,22,1049,570,192724,31456,3374.75,0.829944476989719,4,161268,0.179823,0.1804309112428796,244.67557061192107,0.2268836419325642,1,40.0
2032-11-16,35,88668,544,Employed,Master,13,14189,96,1,1,Rent,510,0.3149163947217125,5,3,0.296963037717087,0,Education,0,18,2,8788,2250,19565,49185,7389.0,0.6939719122631618,10,1881,0.277189,0.272069877430771,364.00545889533873,0.1182846743666719,0,55.0
2032-11-19,39,16031,446,Employed,Master,15,41744,72,1,1,Own,1485,0.2561037597138692,3,2,0.1904173119631048,0,Debt Consolidation,0,23,21,1008,1116,10398,54356,1335.9166666666667,0.8373810780856236,3,7758,0.333744,0.3277349641924229,1331.401377382209,2.1082163638317324,0,52.0
2032-11-30,61,142813,634,Employed,Master,34,9249,60,0,1,Own,247,0.1962516479008999,2,2,0.2639938342702269,0,Auto,0,27,26,5765,845,13547,5939,11901.083333333334,0.4722472117791608,1,7608,0.197249,0.2235578924882068,257.32181059428734,0.0423761263129508,1,36.8
2032-12-01,43,59467,587,Employed,Master,24,19740,48,1,0,Rent,410,0.1734285731149077,3,1,0.071525027105402,0,Home,0,22,4,11048,1991,110642,9668,4955.583333333333,0.8025431718555269,3,100974,0.22124,0.2017298620117882,602.5162142096312,0.2043182701416848,0,48.0
2032-12-22,41,91471,604,Employed,Master,21,10045,72,Divorced,2,Rent,347,0.2471859608746767,4,1,0.0633822431744334,0,Auto,0,14,7,7877,754,23502,109313,7622.583333333333,0.8800505551466091,4,9825,0.223045,0.1927580935153302,236.40812845864968,0.0765367990019109,1,37.6
2032-12-24,44,48448,556,Employed,Master,22,32275,48,1,5,Rent,1186,0.4361354878297432,4,1,0.5432637745835226,1,Home,0,23,20,1748,1617,250305,78818,4037.3333333333335,0.8012220996090801,3,171487,0.249275,0.2454284198654834,1061.9334438868586,0.556786685242782,0,68.0
2032-12-28,59,77521,652,Employed,Master,36,13432,72,0,1,Mortgage,415,0.272114054413697,5,1,0.4839076865752311,0,Home,0,27,19,2976,3700,53374,15986,6460.083333333333,0.6613830535752845,6,37388,0.202432,0.20061477188505,322.213195195737,0.1141182175455533,1,40.0
2033-01-01,53,125359,651,Employed,Master,31,22414,24,1,1,Rent,433,0.1980649610434495,3,0,0.425017676991992,0,Education,0,24,1,8670,1398,23459,12016,10446.583333333334,0.7594544014898309,3,11443,0.1719139999999999,0.1766977941506918,1115.4258234070735,0.1482231820681792,1,40.8
2033-01-11,35,64151,589,Employed,Master,10,5963,72,Divorced,3,Mortgage,185,0.5072159195081182,5,0,0.213723118376606,0,Education,0,24,19,7522,1527,35899,2145,5345.916666666667,0.8200827557824016,3,33754,0.226463,0.2252715295405036,151.6986091499394,0.0629823901388797,1,42.400000000000006
2033-01-12,35,21813,617,Employed,Master,11,22639,48,1,0,Rent,321,0.0953994390076205,0,2,0.1828021914606254,0,Debt Consolidation,0,28,29,2645,1656,173592,7985,1817.75,0.8398339388806944,7,165607,0.209139,0.2015177906753394,690.7450492509886,0.5565919676803678,0,44.0
2033-01-16,45,49814,530,Unemployed,Master,24,38707,60,0,1,Mortgage,265,0.2877995980083161,1,0,0.5647171938580907,0,Auto,0,26,29,1367,4160,134791,80777,4151.166666666667,0.7433571966820065,4,54014,0.278707,0.2889119920355851,1226.0699449711194,0.3591929846961382,0,60.0
2033-01-26,34,97033,579,Employed,Master,11,34554,36,Divorced,2,Mortgage,184,0.2516633589434957,4,1,0.5627948084689153,0,Home,0,21,14,2582,769,504345,3561,8086.083333333333,0.8508118214820453,4,500784,0.230054,0.252913756543338,1379.1915686062875,0.193318755714813,1,39.2
2033-02-01,41,81932,638,Self-Employed,Master,18,70378,60,0,2,Mortgage,390,0.5158265461241115,5,1,0.2488737434346206,0,Debt Consolidation,0,18,2,1671,883,144585,14231,6827.666666666667,0.9981940454230456,2,130354,0.256378,0.2766642844061963,2177.135809029568,0.3759902078352147,0,52.0
2033-02-10,21,77157,554,Employed,Master,1,24372,36,1,0,Rent,465,0.3939233559171294,1,0,0.243365976799323,0,Auto,0,25,26,4458,1202,15006,50031,6429.75,0.8255860491703647,3,1600,0.232372,0.1903713372918415,893.8381631451903,0.2113360804300618,1,41.6
2033-02-15,29,25267,512,Employed,Master,7,26038,48,0,3,Mortgage,298,0.2766382683109201,2,1,0.2363500517792262,0,Home,0,21,18,3745,2276,46014,21634,2105.583333333333,0.768682797312833,7,24380,0.265038,0.2582202850110739,875.3261004373652,0.5572451500078515,0,54.0
2033-02-17,53,86634,621,Employed,Master,28,22162,36,Divorced,0,Own,1306,0.1921842498890206,3,2,0.2098338378304465,0,Education,0,21,21,7353,3017,92589,757,7219.5,0.6499183040736255,2,91832,0.196662,0.1943322918154785,817.2332519884699,0.2940969945271099,1,36.0
2033-02-18,40,25303,610,Employed,Master,20,20416,72,Widowed,0,Own,615,0.1645503502680849,1,0,0.4771650161769198,0,Education,0,30,8,3821,898,17511,106092,2108.583333333333,0.8720209128224097,5,4818,0.2304159999999999,0.2425767481109557,540.6865767210015,0.5480867454709725,0,55.0
2033-02-19,37,35074,608,Employed,Master,16,32137,24,0,1,Rent,80,0.1714380393856472,3,1,0.1831913780572007,0,Debt Consolidation,0,22,19,383,293,19831,3380,2922.833333333333,0.585103556328275,2,16451,0.2031369999999999,0.1679286329762863,1585.729343289185,0.569902267191373,0,47.0
2033-02-25,38,44403,613,Self-Employed,Master,15,27662,60,0,2,Rent,334,0.4419787756778798,2,0,0.1964793648227127,0,Debt Consolidation,0,20,6,2151,1816,76648,31087,3700.25,0.6321395946365794,2,45561,0.2261619999999999,0.2367847424966503,790.625419324259,0.303932280068714,0,54.0
2033-03-08,19,58585,524,Unemployed,Master,0,37172,36,Divorced,2,Mortgage,409,0.2640781028614368,7,4,0.0847787004223039,0,Home,0,25,25,8501,542,125064,15869,4882.083333333333,0.7452111933347264,5,109195,0.2601719999999999,0.3122063999999999,1602.96449207819,0.4121118700168691,0,49.0
2033-03-15,37,124238,587,Employed,Master,16,23318,12,Divorced,1,Own,754,0.3900353517216978,4,1,0.2364230216048312,0,Education,0,23,8,3956,502,85898,121736,10353.166666666666,0.9263144862041474,7,1798,0.194818,0.2005715286409657,2160.6892827202205,0.2815263558061354,1,40.8
2033-03-18,22,95157,610,Employed,Master,0,40536,24,1,0,Mortgage,274,0.1225871506100955,4,0,0.1626161803032248,0,Debt Consolidation,1,20,26,26284,2328,48237,17734,7929.75,0.4772415335540945,2,30503,0.2105359999999999,0.1928746800842744,2049.0297106075764,0.2929511914760965,0,51.0
2033-03-20,52,25971,634,Employed,Master,28,23879,36,0,0,Rent,363,0.2620218570982552,2,1,0.2186688079534517,0,Auto,0,26,7,4220,1676,121571,26339,2164.25,0.8767976171956637,7,95232,0.191879,0.225032777876409,918.1787205595452,0.5919735338151993,0,50.0
2033-03-24,39,43020,573,Employed,Master,18,42916,72,Divorced,2,Rent,282,0.2475640547120979,4,1,0.2012947123513393,0,Debt Consolidation,0,30,2,9390,237,18835,3530,3585.0,0.9079976079612692,7,15305,0.271416,0.2927927529455623,1271.2180929391814,0.433254698169925,0,57.0
2033-03-28,48,45349,633,Employed,Master,22,16182,12,0,0,Rent,193,0.2669902416483343,1,2,0.2697780529510365,0,Home,0,24,12,4370,370,105927,20073,3779.0833333333335,0.5943954566111942,7,85854,0.164682,0.1613542375015803,1469.2439696061035,0.4398537483797491,0,48.0
2033-03-31,43,44353,624,Employed,Master,20,16578,48,Divorced,2,Rent,613,0.3294223519481221,4,0,0.149692071022408,0,Home,0,26,19,17614,1385,57989,51063,3696.0833333333335,0.7210506723256914,4,6926,0.199578,0.232234230248608,533.3806682238269,0.3101609365473795,0,48.0
2033-04-06,28,23206,608,Employed,Master,6,23541,12,1,1,Rent,171,0.2868386837218254,2,1,0.4940438020271155,0,Home,0,29,21,1986,356,59738,47451,1933.8333333333333,0.5907562219530826,5,12287,0.184541,0.1763682863431483,2154.172018255777,1.2023642255911973,0,55.0
2033-04-08,31,107415,633,Employed,Master,9,21945,60,0,1,Mortgage,214,0.2661413199227421,2,0,0.1116529746273955,0,Debt Consolidation,0,25,13,7746,7562,28159,28985,8951.25,0.8614096272306119,5,9591,0.210445,0.1910912225375655,570.5838560778178,0.087650758952975,1,36.8
2033-04-09,42,77381,614,Employed,Master,16,6777,36,0,2,Own,478,0.30047332752653,1,2,0.5305562485405049,0,Auto,0,15,5,1054,1675,24266,28179,6448.416666666667,0.6063600382950691,7,8481,0.184777,0.1799465229480914,244.98660446420948,0.112118469050161,1,45.6
2033-04-12,62,76809,653,Employed,Master,41,13695,60,Divorced,2,Mortgage,728,0.6221706799730167,4,0,0.2186635624801207,0,Home,0,23,24,1377,1169,113957,7534,6400.75,0.5980605533798532,6,106423,0.192195,0.1594433170477475,332.6308520974772,0.1657041521848966,1,35.2
2033-04-16,54,66394,583,Unemployed,Master,32,14388,24,1,0,Rent,360,0.5565563183377237,4,3,0.3066554603853533,0,Other,0,30,14,4979,2317,86624,39278,5532.833333333333,0.6069099319380901,6,47346,0.197888,0.1777909991708503,716.7732303754816,0.1946151574616046,1,46.400000000000006
2033-04-19,18,43725,530,Employed,Master,0,32009,72,1,4,Mortgage,275,0.0699608803332558,3,2,0.4494412881009814,0,Debt Consolidation,0,23,14,3754,3429,252596,21950,3643.75,0.8978928095732998,5,230646,0.282009,0.2996177388128366,962.1753757710752,0.3395335508119589,0,52.0
2033-04-23,36,40243,631,Self-Employed,Master,13,32188,60,1,0,Mortgage,380,0.1825418548398748,6,0,0.208058225325295,0,Other,0,22,9,5058,995,31162,24066,3353.583333333333,0.8702097011864369,3,7096,0.221688,0.2108515493129956,872.3361182669016,0.3734322346545441,0,53.0
2033-04-24,30,40982,558,Employed,Master,5,9497,24,1,1,Own,284,0.4933787082192755,5,1,0.1452388600908501,0,Home,0,23,6,4880,4971,35222,50174,3415.1666666666665,0.9134746368592014,5,5742,0.2054969999999999,0.2128819081027962,489.3549008080415,0.2264471916865086,0,54.0
2033-04-29,36,42638,594,Employed,Master,12,11224,60,0,0,Rent,293,0.1758161207441108,5,2,0.1197595922204513,0,Education,0,19,5,3983,839,51213,24293,3553.1666666666665,0.8461132869681645,7,26920,0.219224,0.2630688,338.0939903273503,0.1776145195348797,0,52.0
2033-05-03,38,45395,654,Self-Employed,Master,15,26930,72,0,0,Mortgage,512,0.2962996302684048,0,0,0.4102337017407388,0,Education,0,25,8,662,2138,90757,14792,3782.9166666666665,0.9781642918198774,1,75965,0.21493,0.171944,602.0132498317006,0.2944852736640689,0,53.0
2033-05-13,61,78253,578,Self-Employed,Master,41,15326,48,1,2,Mortgage,420,0.2818074077690344,1,2,0.3050006099802372,0,Auto,0,24,26,877,696,52333,146389,6521.083333333333,0.8699779057531352,6,3209,0.221326,0.220979287948398,483.6773245998077,0.1385777912054195,1,45.6
2033-05-14,52,27987,601,Employed,Master,29,27537,36,1,2,Mortgage,367,0.4992679827444016,2,1,0.3332433275992897,0,Auto,0,14,26,8393,1076,33976,6427,2332.25,0.9095605218214136,8,27549,0.212037,0.210876537482515,1038.6980383690557,0.6027218515892617,0,54.0
2033-05-26,60,131747,650,Employed,Master,41,22155,48,1,1,Own,389,0.633066898822716,6,1,0.3136680927568156,0,Auto,0,24,16,3579,3716,238202,46838,10978.916666666666,0.9717506673314366,4,191364,0.192155,0.199561731619327,673.6674511471324,0.0967916492501961,1,35.2
2033-06-17,32,65755,523,Employed,Master,8,15105,12,Divorced,1,Mortgage,293,0.2981774440299444,2,2,0.1207170387307972,0,Home,0,23,28,1017,3447,17445,70005,5479.583333333333,0.8331474879471064,5,8349,0.218605,0.2033827882576146,1401.6908632922475,0.3092736728690893,1,40.0
2033-06-22,40,55577,657,Employed,Master,17,10777,48,0,2,Other,367,0.570759904714166,2,0,0.1181508126978446,0,Auto,0,19,20,2056,606,144538,18037,4631.416666666667,0.9920535436409288,3,126501,0.177277,0.1550562471664102,302.70141191142915,0.1445996894927245,1,32.800000000000004
2033-06-26,30,37550,646,Employed,Master,8,9315,48,1,3,Own,659,0.3655500191627874,4,0,0.5717555566706882,0,Education,0,29,19,4182,717,44438,4576,3129.1666666666665,0.7144135210119709,7,39862,0.181315,0.145052,256.9130574535285,0.2927019091728986,1,44.8
2033-07-07,48,45310,560,Employed,Master,26,16205,48,1,0,Mortgage,220,0.3758302119244743,2,4,0.565295494254074,0,Home,0,30,6,1160,959,97913,7603,3775.8333333333335,0.8791424557016518,5,90310,0.231205,0.2234434955424105,513.5902552701751,0.1942856557766961,1,47.2
2033-07-11,69,212504,548,Employed,Master,45,37150,120,1,2,Mortgage,759,0.3125487642096751,1,1,0.068001553626489,1,Debt Consolidation,1,19,11,855,1887,12151,26420,10145.583333333334,0.7628133936136419,5,5727,0.31815,0.2837705841143021,935.1051184624272,0.1669795676406739,0,66.0
2033-07-17,42,42217,602,Employed,Master,21,14807,120,0,0,Mortgage,563,0.1057847090845047,1,2,0.4378270813970503,0,Other,0,20,22,2223,159,36671,28798,3518.083333333333,0.927466976083399,2,7873,0.268807,0.2505486430419152,337.4217247754482,0.2559409881636634,0,53.0
2033-07-19,44,26295,614,Employed,Master,20,45056,60,1,0,Mortgage,538,0.0601189883641024,4,0,0.19265655982734,0,Home,0,36,27,929,1078,15801,12356,2191.25,0.8021996462771638,6,3445,0.243056,0.2302260245861711,1270.7350305770387,0.8254352678046953,0,48.0
2033-07-26,22,15000,567,Employed,Master,0,25378,72,1,3,Own,554,0.2242395542121576,3,0,0.3953921806304675,0,Home,0,28,28,7386,911,91777,11441,1250.0,0.6817622611107056,8,80336,0.256878,0.2555592657783171,692.2942665940487,0.9970354132752388,0,54.0
2033-08-11,37,76536,626,Employed,Master,11,28697,120,1,0,Mortgage,265,0.2066206468002623,4,2,0.3989562475254943,0,Home,0,25,10,3499,5683,20673,27025,6378.0,0.9416173396046474,4,10833,0.270697,0.2664060867273318,686.31361746242,0.1491554746726905,0,51.0
2033-09-02,32,46832,460,Employed,Master,11,27927,36,1,3,Mortgage,583,0.3870570032517976,3,1,0.2451151741567032,0,Home,0,21,11,2971,791,397604,9551,3902.6666666666665,0.8646582330302788,3,388053,0.282927,0.2940370676687611,1176.4426252343137,0.4508308742486284,0,47.0
2033-09-03,34,74345,618,Employed,Master,13,25436,36,1,1,Mortgage,484,0.4923546653326023,7,0,0.2813484361050837,0,Auto,0,29,5,3650,1241,142224,64700,6195.416666666667,0.6429506091098016,5,77524,0.201436,0.2131194089664643,962.3817283178676,0.2334599601831247,0,50.0
2033-09-08,39,36855,600,Employed,Master,19,9956,24,1,2,Own,218,0.1910349419980186,2,0,0.3523200308235356,0,Home,0,32,21,1349,791,509486,91925,3071.25,0.9324316910677928,10,417561,0.1849559999999999,0.1750325084103755,494.6580288952325,0.2320416862499739,1,36.0
2033-09-20,28,29455,612,Employed,Master,8,41638,24,Divorced,2,Own,646,0.2745041771783595,3,0,0.3142604903407859,0,Debt Consolidation,0,26,7,832,1649,95588,9788,2454.583333333333,0.8391919940385827,9,85800,0.210638,0.2347680718255904,2190.588823900967,1.155629464838282,0,52.0
2033-10-03,37,77866,597,Employed,Master,15,34342,48,0,2,Rent,424,0.1934400703488369,2,3,0.1790123157296323,0,Auto,0,21,16,700,612,71379,5647,6488.833333333333,0.8971925504842094,4,65732,0.230842,0.2468851246039983,1132.7240109092097,0.2399081515797718,0,47.0
2033-10-05,46,81125,483,Employed,Master,27,42957,84,1,2,Mortgage,217,0.0203909525923882,4,0,0.2990293878807982,0,Other,0,27,16,2414,3542,41583,33168,6760.416666666667,0.5849062781800256,7,8415,0.326457,0.3167310560608364,1276.9660756433354,0.2209872777530973,0,50.0
2033-10-12,23,85237,649,Employed,Master,0,15298,48,Divorced,0,Mortgage,538,0.3055390456640133,1,0,0.4685128372663419,0,Education,0,23,25,2227,331,47172,21802,7103.083333333333,0.9250558930685256,6,25370,0.185798,0.2205743447019236,482.4571103164731,0.1436639642854356,1,41.6
2033-10-15,47,59475,597,Employed,Master,25,35338,120,0,0,Mortgage,223,0.2825635522578502,2,0,0.4877312944472762,0,Auto,0,23,2,16722,970,126115,7211,4956.25,0.6331510925614741,7,118904,0.291838,0.2937312334629887,915.2520790456008,0.2296599402866281,0,56.0
2033-10-16,39,179914,642,Employed,Master,17,22098,36,1,4,Rent,375,0.1891286027144516,3,1,0.120170175143429,0,Other,0,15,4,315,5926,114358,35572,14992.833333333334,0.5487931441885685,6,78786,0.186098,0.1900798893518424,810.1139910770149,0.0790453655242181,1,36.0
2033-10-17,42,24838,605,Employed,Master,17,8839,12,Divorced,2,Rent,233,0.0762915576689353,0,1,0.4897679051676511,0,Debt Consolidation,0,21,27,13783,1425,94138,63240,2069.833333333333,0.8866738227156026,4,30898,0.171339,0.1602798028316521,802.0870930298303,0.5000823382058927,0,54.0
2033-11-18,43,40623,629,Employed,Master,20,13382,36,1,4,Mortgage,606,0.1241308877479406,1,3,0.0896839626964063,0,Education,0,22,11,1434,238,51489,11244,3385.25,0.7743380796795555,5,40245,0.183882,0.1926471628618316,492.323749354308,0.3244439108941165,0,47.0
2033-11-29,57,50269,639,Employed,Master,35,25998,48,Divorced,3,Mortgage,441,0.3628936281432203,1,0,0.4777560015404583,1,Home,0,18,22,803,833,59395,59279,4189.083333333333,0.788530172178326,4,9877,0.201498,0.2262497302026837,827.9413946616127,0.302916245318971,0,65.0
2033-12-05,42,62750,643,Employed,Master,21,26971,36,0,4,Mortgage,407,0.2575297541807494,4,0,0.1823804145405275,0,Home,0,28,7,6235,1173,22015,32728,5229.166666666667,0.8355891686945168,5,1199,0.190471,0.1787345773952663,973.355000425427,0.2639722709976912,1,38.400000000000006
2033-12-09,43,67924,526,Self-Employed,Master,17,15964,48,1,1,Rent,214,0.229807714472978,3,0,0.0807653469868961,0,Other,0,30,11,3206,1724,61433,8099,5660.333333333333,0.7037937088303031,5,53334,0.247964,0.2353605864478562,516.369684124901,0.1290329811185856,1,40.8
2033-12-10,26,24286,576,Employed,Master,5,9057,48,Widowed,0,Own,146,0.4181005311938218,1,0,0.2553053160462367,0,Auto,0,26,12,2437,5058,68956,36969,2023.8333333333333,0.9339797022094452,4,31987,0.216057,0.2004346339172867,275.81756879042064,0.2084250525193546,0,55.0
2033-12-11,54,25365,603,Employed,Master,29,17623,24,0,3,Rent,411,0.403181935202221,3,2,0.3473804740416504,0,Other,0,29,17,2377,1196,330686,11988,2113.75,0.9702131978454962,5,318698,0.191123,0.2293475999999999,922.4040644245434,0.6308239216674362,0,48.0
2033-12-22,42,19562,582,Employed,Master,19,18474,48,Divorced,1,Mortgage,255,0.2452113530000722,3,1,0.2266351402058694,0,Education,0,24,14,1270,413,41316,43032,1630.1666666666667,0.7974279715653584,5,6554,0.222474,0.1864063640004848,548.8776481378655,0.4931260493637862,0,54.0
2033-12-29,25,94822,616,Self-Employed,Master,5,10817,12,1,2,Own,859,0.0676605116412976,1,0,0.3654835597070165,0,Education,0,29,9,7391,954,78209,141524,7901.833333333333,0.8366213479571732,6,2814,0.167817,0.1744812275968006,988.863659135036,0.2338525227227904,1,42.400000000000006
2034-01-05,28,89580,575,Unemployed,Master,4,41465,84,0,0,Other,1154,0.0680062801604269,6,2,0.3653061664719002,0,Education,1,25,24,1465,837,118676,47259,7465.0,0.6718667219722073,1,71417,0.278965,0.2812654180967774,1133.8276145271802,0.3064738934396758,0,59.0
2034-01-13,18,21219,490,Employed,Master,0,31698,60,Widowed,3,Other,481,0.297603677606049,0,2,0.0775391793021178,0,Education,0,32,14,1579,1690,130215,7290,1768.25,0.8506707053237689,3,122925,0.291698,0.2408918747480786,913.5286565213256,0.7886490352163584,0,48.0
2034-01-23,32,107345,606,Employed,Master,9,28297,60,0,4,Own,81,0.202863709850465,2,1,0.516910617436942,0,Other,1,25,8,3204,1188,100176,52307,8945.416666666666,0.8725588110430086,3,47869,0.2302969999999999,0.2512111105410077,832.5647724491688,0.1021265757081375,0,61.0
2034-01-27,32,98725,512,Employed,Master,9,16864,36,0,0,Other,485,0.3428778252425533,3,0,0.1613894649821365,0,Home,0,32,24,4256,1521,54023,50565,8227.083333333334,0.8997007396335722,6,3458,0.245864,0.2686668752112365,687.2708730960907,0.1424892426148704,1,39.2
2034-02-14,18,53892,465,Employed,Master,0,19003,84,0,3,Mortgage,1235,0.1775770082657853,4,0,0.171445742204142,0,Home,0,23,22,6249,642,169404,17197,4491.0,0.9436550957509342,3,152207,0.311503,0.3047785307481302,549.47213423622,0.3973440512661367,0,45.0
2034-02-15,35,109261,662,Employed,Master,15,29414,48,1,4,Mortgage,399,0.5914520014075436,4,0,0.3553665869980855,0,Home,0,25,12,7437,2796,53687,17402,9105.083333333334,0.5773159496332411,9,36285,0.193414,0.1758994070572941,857.7463604295202,0.1380268927170192,1,38.400000000000006
2034-02-25,53,90354,651,Employed,Master,26,26150,72,0,1,Mortgage,680,0.3023002662646873,2,2,0.108878514881482,0,Home,0,33,10,994,1265,15559,6710,7529.5,0.672354686612047,5,8849,0.21565,0.1934850373420529,616.5303960274967,0.1721934253306988,1,34.4
2034-03-05,18,90412,540,Employed,Master,0,13439,36,1,3,Mortgage,904,0.3789087129241544,2,1,0.4603663827296225,0,Home,0,18,3,4314,4215,23232,22335,7534.333333333333,0.5485263259750636,4,2472,0.228439,0.2230598786248039,515.371292590277,0.1883871113467606,1,46.400000000000006
2034-03-10,55,44416,631,Self-Employed,Master,31,41904,12,1,3,Rent,834,0.4237946740974451,3,2,0.2455219631006255,0,Home,0,23,7,6039,1294,31436,16126,3701.3333333333335,0.8372947084135706,6,15310,0.191404,0.172787862445252,3827.390148355077,1.259381344116105,0,55.0
2034-03-11,44,38812,622,Employed,Master,21,25749,36,1,2,Rent,442,0.1051662517325538,2,1,0.1455591161540551,0,Debt Consolidation,0,29,27,6545,5559,83412,38256,3234.333333333333,0.8751239339915042,5,45156,0.199749,0.1762993291588717,926.1148693226412,0.4229974861350019,1,37.6
2034-03-16,47,61707,606,Employed,Master,27,29799,72,0,0,Rent,347,0.1661168122493037,5,1,0.1814657168937446,0,Debt Consolidation,0,19,29,5686,5032,163539,22359,5142.25,0.8700836030652518,5,141180,0.241799,0.2271641157101439,761.4575042002394,0.2155588515144614,1,33.6
2034-03-21,40,53167,476,Employed,Master,13,25974,48,Divorced,1,Mortgage,449,0.2563449826266858,5,1,0.4920395851379269,0,Home,0,22,27,801,1479,105271,112462,4430.583333333333,0.6005562856627954,6,3471,0.282974,0.2773344916168997,901.292461176938,0.3047662936431105,0,56.0
2034-03-22,18,33236,579,Employed,Master,0,15969,36,1,1,Rent,508,0.1787253941841977,2,0,0.1257331135023272,0,Education,0,19,12,4760,1385,162664,5678,2769.6666666666665,0.7069138502247929,5,156986,0.211469,0.2281815684023418,616.6430663870245,0.4060571908967474,0,46.0
2034-03-23,29,42742,577,Employed,Master,10,20139,48,1,0,Other,230,0.3364951122937978,4,2,0.6075213847850253,0,Debt Consolidation,0,28,24,2814,857,86204,74003,3561.833333333333,0.9123759413311894,7,12201,0.226639,0.216734388285582,630.9358757815404,0.2417114432964878,0,59.0
2034-04-07,24,94002,633,Employed,Master,2,15389,60,1,4,Rent,258,0.0832233361130506,1,2,0.3183398075237718,0,Other,1,19,10,4894,825,272048,61583,7833.5,0.9152988848011396,4,210465,0.203889,0.205420752334434,412.3698549727684,0.0855773096282336,1,40.8
2034-04-21,46,55752,633,Employed,Master,22,21089,96,0,3,Mortgage,307,0.0652538291026404,4,0,0.4231069944261959,0,Home,0,25,13,4520,709,41742,18587,4646.0,0.949890501881968,5,23155,0.239589,0.2408967208977787,497.10912019647145,0.1730755747301918,0,52.0
2034-04-24,47,60083,602,Employed,Master,24,53198,84,1,1,Mortgage,444,0.3005841247243329,5,0,0.2547658933224049,0,Debt Consolidation,0,19,7,3778,702,36130,184890,5006.916666666667,0.7416618723572544,3,1616,0.277198,0.2535411507738634,1358.5964390213785,0.3600212583968267,0,50.0
2034-04-28,65,187781,535,Employed,Master,44,13179,24,1,2,Rent,148,0.2439451272063941,4,2,0.4166352033724335,0,Auto,0,23,18,3036,1457,223361,6039,15648.416666666666,0.7589411398717447,4,217322,0.220679,0.2264611733170442,687.9145206016185,0.0534184728338832,1,40.0
2034-05-12,32,140370,590,Employed,Master,12,35726,48,1,3,Rent,236,0.1783237399565124,1,2,0.1736798704295894,0,Auto,0,26,8,6776,1324,30385,13712,11697.5,0.939009432349376,4,16673,0.235726,0.2566795200049118,1197.919985736863,0.1225834567845149,1,38.400000000000006
2034-05-20,44,58768,611,Employed,Master,18,19025,60,1,0,Own,230,0.1078628862346297,5,0,0.2746755398131452,0,Debt Consolidation,0,28,3,1311,774,208955,12958,4897.333333333333,0.878002324137238,5,195997,0.2185249999999999,0.2291131072966876,535.3547296166759,0.1562798930608513,1,37.6
2034-05-21,59,50944,523,Employed,Master,34,34142,36,1,4,Mortgage,544,0.6031716023178908,3,3,0.5356456040599454,0,Home,1,25,24,2966,204,31215,13965,4245.333333333333,0.6637563436242706,6,17250,0.257642,0.2113654255552046,1288.6969546879488,0.431696832919586,0,66.0
2034-05-26,35,39180,478,Employed,Master,13,16645,12,1,1,Rent,635,0.6395625784704527,2,1,0.3826226698404621,0,Debt Consolidation,0,23,24,7960,1189,16421,11768,3265.0,0.8020947703768861,5,4653,0.242645,0.2484351796251577,1580.747074771098,0.678636163789004,0,57.0
2034-05-29,28,88735,608,Employed,Master,5,16575,36,0,1,Own,509,0.2208653165739396,2,0,0.1477215364135501,0,Debt Consolidation,0,25,28,6280,536,89721,2398,7394.583333333333,0.9219171563479782,6,87323,0.197575,0.2275467918883,639.496250206968,0.155315884402813,1,35.2
2034-05-30,46,22350,596,Employed,Master,24,34900,84,1,3,Own,384,0.7329589523007457,4,1,0.5292955111240544,0,Home,1,19,9,2990,1225,17398,5280,1862.5,0.9203703503677638,4,12118,0.2619,0.20952,795.1253051204419,0.6330874121452037,0,69.0
2034-06-01,42,88969,549,Employed,Master,20,59693,24,Widowed,0,Rent,358,0.4312845696058582,1,0,0.4900331170420539,0,Education,0,24,25,5351,235,73885,6977,7414.083333333333,0.9446878240196536,7,66908,0.260193,0.2646866883334733,3230.061643278136,0.4839521599583859,0,54.0
2034-06-11,50,62621,618,Employed,Master,27,27493,72,1,3,Own,233,0.1595586890438369,2,1,0.0332909904370631,0,Education,0,23,29,1329,1333,141939,5718,5218.416666666667,0.6945395478961959,4,136221,0.233493,0.2210538421182265,692.5134468394984,0.1773552220832305,1,33.6
2034-06-15,29,120420,487,Employed,Master,5,14286,72,1,0,Rent,361,0.5946099111030316,2,1,0.1483504890641131,0,Home,0,26,6,4728,483,94980,42884,10035.0,0.8870380643317592,3,52096,0.285786,0.2715798564075842,403.95550785864026,0.0762287501603029,1,39.2
2034-06-17,45,77187,620,Employed,Master,22,27046,36,0,5,Own,168,0.1593512251767088,4,0,0.3936210913646837,0,Home,0,18,14,1862,3512,21098,5525,6432.25,0.7381618547356799,8,15573,0.202046,0.1941153418606853,997.0352052688528,0.1811240553879051,1,40.0
2034-06-23,42,46943,601,Employed,Master,16,14601,48,1,0,Rent,468,0.1295618941784069,2,1,0.1071059600313622,0,Home,0,24,8,2629,1302,98256,26269,3911.9166666666665,0.9083472267934952,4,71987,0.209101,0.1844054433990917,432.2728795085977,0.2301360065207416,1,36.8
2034-06-26,42,53365,482,Employed,Master,18,8249,24,0,3,Own,253,0.1277140415042635,1,2,0.480865785459968,0,Home,0,26,18,3911,3749,71241,77661,4447.083333333333,0.6590530375147435,7,2169,0.242249,0.2053737316886227,422.00814483286695,0.1517867092287904,1,44.0
2034-06-27,44,70714,603,Employed,Master,20,22894,24,0,3,Mortgage,497,0.0279339910896071,4,2,0.184997326832808,0,Home,0,24,26,14434,1090,89054,12051,5892.833333333333,0.7985029703890295,7,77003,0.1963939999999999,0.1620101029915143,1123.1615407568602,0.2749376147450621,1,35.2
2034-07-09,29,208627,602,Self-Employed,Master,6,35159,48,0,0,Mortgage,481,0.3838487094586768,0,2,0.347202043098571,0,Debt Consolidation,0,26,29,14093,984,84012,7777,17385.583333333332,0.915078737941526,5,76235,0.229159,0.231546541181238,1129.8788968217427,0.0926560165360232,1,40.0
2034-07-11,40,96415,519,Employed,Master,12,26342,72,Divorced,1,Own,193,0.0949098733568294,5,1,0.4663931510524958,0,Debt Consolidation,0,20,6,2045,228,24311,14335,8034.583333333333,0.7923469993043408,2,9976,0.281842,0.2795264637236114,758.0397279121627,0.1183682698225997,1,44.8
2034-07-12,50,62748,507,Employed,Master,30,9684,36,1,4,Rent,373,0.4150408802193518,1,1,0.3969064368137337,0,Auto,0,19,1,7392,304,138005,15560,5229.0,0.9582768304958424,7,122445,0.241184,0.2854950394859163,403.4453742359751,0.1484883102382817,0,55.0
2034-07-13,19,67940,537,Employed,Master,0,50833,72,1,2,Mortgage,481,0.333145121589306,5,1,0.5216979005237603,0,Debt Consolidation,0,20,18,889,1786,93459,40789,5661.666666666667,0.8973926513388927,2,52670,0.297333,0.3103328973111815,1563.289029419518,0.3610754835595262,0,56.0
2034-07-15,49,126197,616,Employed,Master,26,115815,60,1,2,Own,556,0.5149824413532812,4,1,0.3229133248446377,0,Other,0,19,16,9763,1946,172062,4030,10516.416666666666,0.9016715135162632,3,168032,0.312815,0.324436965019138,3922.690589979989,0.4258761070370918,0,46.0
2034-07-23,58,62360,617,Employed,Master,34,18832,48,1,0,Rent,317,0.2498538779187134,1,1,0.4571370525093328,0,Home,0,23,19,11905,1476,46961,99463,5196.666666666667,0.9651061624435172,7,8579,0.205332,0.2096548532559737,582.7964230678845,0.1731487664659174,0,53.0
2034-07-29,50,130307,619,Employed,Master,29,60689,36,0,1,Other,835,0.5355881801173153,0,2,0.2524322370790964,0,Other,0,32,11,2337,2071,30901,2942,5767.083333333333,0.8005671541147829,3,27959,0.236189,0.2429849777411727,2390.524635781529,0.5592991204302918,0,48.0
2034-08-05,40,80983,604,Employed,Master,20,27127,48,1,0,Other,515,0.0790665737797402,2,1,0.2544594928721357,0,Home,0,32,19,1281,605,53332,23268,6748.583333333333,0.7028038479333553,4,30064,0.220127,0.2199248120012432,854.5546470988164,0.202939577012284,1,37.6
2034-08-17,42,81801,616,Employed,Master,18,15542,24,1,2,Mortgage,285,0.298323225503797,0,1,0.5471966864852339,0,Auto,0,39,15,4329,6155,37958,19788,6816.75,0.7278641457669441,9,18170,0.182542,0.1907819687902437,784.0413282848177,0.1568256615373627,1,43.2
2034-08-26,43,34103,669,Employed,Master,25,29697,60,Divorced,1,Rent,367,0.1872980995356664,4,1,0.1172407131231873,0,Other,0,27,4,2098,288,19500,4910,2841.9166666666665,0.8977952328115636,4,14590,0.200197,0.225447715654298,829.4235738702429,0.4209917862488025,0,47.0
2034-08-31,36,38474,574,Employed,Master,12,21719,48,Widowed,2,Mortgage,504,0.2565564865076417,4,3,0.2602564559488865,0,Home,0,26,2,5688,885,10982,82746,3206.1666666666665,0.5763340516968426,3,10767,0.229719,0.205172859612133,666.9177200384664,0.3652080012595934,0,57.0
2034-09-01,21,36305,631,Employed,Master,1,20047,60,0,0,Other,123,0.219221041374797,2,1,0.353809556610691,0,Auto,1,27,11,1171,1916,218403,8948,3025.4166666666665,0.9114807411184332,8,209455,0.209547,0.2300349686247125,565.1746507638986,0.2274644211311605,0,54.0
2034-09-04,48,24575,641,Employed,Master,24,34071,24,0,0,Rent,468,0.0622117460942507,3,3,0.2110058356439983,0,Education,1,27,8,6398,961,34070,15200,2047.9166666666667,0.6195705787250027,5,18870,0.188571,0.2260337705729058,1777.708983435634,1.096582209612517,0,57.0
2034-09-18,29,68853,486,Employed,Master,6,17457,24,1,0,Other,268,0.0780184658106323,3,0,0.2010748053299204,0,Debt Consolidation,0,24,1,1495,1040,67699,11601,5737.75,0.8893293899488606,9,56098,0.2494569999999999,0.236118615145816,919.5923807906348,0.2069787601046812,1,42.400000000000006
2034-09-29,27,56245,490,Self-Employed,Master,5,9981,36,1,1,Own,337,0.0387918897701309,4,1,0.1444932071951344,0,Education,0,24,23,3338,765,71833,64175,4687.083333333333,0.8351772371315226,4,7658,0.2499809999999999,0.234480159998416,388.6962335353693,0.1548289590616843,1,41.6
2034-10-01,29,140788,532,Employed,Master,10,13514,24,1,0,Mortgage,461,0.1559131336328701,5,1,0.2723234068432566,0,Education,0,22,21,3884,316,75225,16837,11732.333333333334,0.7806382544282285,6,58388,0.222514,0.2222619197162569,702.5918124146252,0.0991782094281863,1,37.6
2034-10-02,46,29952,583,Unemployed,Master,28,41426,24,1,3,Rent,459,0.0999481149710669,1,0,0.2887485941840418,0,Auto,0,30,27,6751,384,54847,53789,2496.0,0.9416875890231384,2,1058,0.224926,0.213571874963536,2135.976867400626,1.0396541936701225,0,56.0
2034-10-04,38,71265,510,Employed,Master,17,34324,36,1,0,Mortgage,354,0.2410196133384072,1,0,0.1226954767099992,0,Auto,0,27,19,1139,809,106201,31346,5938.75,0.8451138457335177,3,74855,0.264324,0.2478122331934894,1360.7478344394,0.2887388481480783,0,48.0
2034-10-07,42,34126,577,Employed,Master,16,16251,12,1,0,Rent,267,0.4217727895513441,3,1,0.3872180620300268,1,Home,0,21,16,8890,3592,51389,5343,2843.833333333333,0.5220554954448011,3,46046,0.192751,0.2244350569606006,1524.4731386967926,0.6299501161683616,0,68.0
2034-10-17,40,57616,643,Employed,Master,18,13437,24,Divorced,0,Mortgage,568,0.0474325986406973,2,1,0.307383059029211,0,Home,1,24,4,3474,2114,67740,47003,4801.333333333333,0.8404075510236556,7,20737,0.166937,0.1518139550632689,652.6737361107315,0.254236407132199,0,59.0
2034-11-07,48,98894,658,Employed,Master,23,16245,108,1,1,Rent,364,0.4974022527634427,4,0,0.268788527068269,0,Other,1,23,7,2339,667,134582,8871,8241.166666666666,0.8417102190893994,5,125711,0.232245,0.202195407344082,327.63058224926726,0.0839238678483144,1,39.2
2034-11-12,21,74309,621,Self-Employed,Master,0,18741,96,1,1,Mortgage,548,0.0670462838755719,3,3,0.1781666881548024,0,Home,0,21,20,9228,1621,99592,13192,6192.416666666667,0.9473705259386548,4,86400,0.243241,0.2197248661733364,416.04027318202793,0.1556807826533035,1,37.6
2034-11-13,41,58832,481,Self-Employed,Master,21,18504,48,1,2,Other,255,0.339211944733146,5,0,0.4466185959254505,0,Other,0,24,13,7231,691,78471,11103,4902.666666666667,0.4663429640139979,4,67368,0.2730039999999999,0.3183683392332429,686.1677467199565,0.1919705765678453,0,57.0
2034-11-30,25,39026,521,Unemployed,Master,5,25123,36,Divorced,3,Mortgage,440,0.2029271803924688,5,2,0.1456714949161048,0,Home,0,17,17,2564,335,280114,53058,3252.1666666666665,0.9491484398881388,2,227056,0.249623,0.2342333352222102,978.0562311224172,0.4360343046550762,0,50.0
2034-12-04,36,45811,567,Employed,Master,11,29892,36,0,0,Rent,160,0.3560163234970641,3,0,0.3959049581678495,0,Auto,0,21,19,1521,974,47622,54549,3817.5833333333335,0.8732498674264471,5,10020,0.231392,0.244508895866817,1179.836790548488,0.3509646479356891,0,55.0
2034-12-07,39,145168,594,Self-Employed,Master,16,17936,12,0,0,Own,451,0.0334780061881306,4,0,0.5598179768569836,0,Home,0,19,6,5406,1049,119173,10890,12097.333333333334,0.6521989330196744,6,108283,0.185936,0.1868724812303663,1650.2443839985613,0.1736948405156972,1,44.8
2034-12-10,54,43169,659,Self-Employed,Master,35,12122,12,1,3,Own,386,0.1123287334732453,3,2,0.2598989780708421,0,Debt Consolidation,0,22,26,2607,570,43302,36197,3597.4166666666665,0.7764336457180847,3,7105,0.147622,0.1457677542823426,1091.6918786311187,0.410764728012542,1,39.2
2034-12-27,26,111421,551,Employed,Master,3,32803,36,0,1,Own,321,0.249433255965834,4,2,0.0453150786000237,0,Debt Consolidation,0,24,14,4144,1540,30743,5994,9285.083333333334,0.983151584092704,6,24749,0.242303,0.2620320341887129,1325.2065950652964,0.1772958341855086,0,49.0
2034-12-29,35,20014,565,Employed,Master,13,39617,96,1,0,Mortgage,307,0.2035982950471827,3,1,0.4130906986194534,0,Home,0,24,21,712,898,57759,191931,1667.8333333333333,0.3208330731309066,6,4794,0.292117,0.2708062079287457,1012.9397575650186,0.7914098676316691,0,58.0
2035-01-03,41,65051,478,Employed,Master,20,35577,24,0,1,Mortgage,386,0.4089100199309706,0,0,0.2186207481442147,0,Home,0,25,16,5040,99,23688,10600,5420.916666666667,0.9586054906485932,5,13088,0.271577,0.2584503182824105,1913.915920652496,0.424266975877849,0,53.0
2035-01-13,39,60928,565,Employed,Master,18,19034,48,1,4,Mortgage,261,0.3686944981243855,9,3,0.3983876266749867,0,Home,0,21,2,715,5598,46670,105922,5077.333333333333,0.9330585169001814,6,4995,0.231534,0.2097085855445785,589.1027371922593,0.1674309487642317,0,58.0
2035-01-22,43,166202,642,Unemployed,Master,18,24595,36,0,2,Mortgage,776,0.1899820990311761,5,2,0.4313723387916039,1,Home,0,37,2,6784,3127,25326,2667,13850.166666666666,0.7454792281034562,5,22659,0.188595,0.1716118655795293,878.853113141842,0.1194825414718361,1,55.2
2035-01-31,44,180853,503,Employed,Master,21,24904,96,1,3,Rent,465,0.2751678785992748,2,2,0.1911216938276905,0,Debt Consolidation,0,25,25,4094,1240,29896,92196,15071.083333333334,0.9776570505296948,3,2687,0.308404,0.3055244187922635,696.3864983563792,0.0770605850070308,1,38.400000000000006
2035-02-08,47,26152,553,Employed,Master,25,27599,60,0,1,Mortgage,348,0.0992538309090191,4,1,0.2661158858862259,0,Other,0,22,16,1498,252,56342,9607,2179.333333333333,0.5740279843983085,5,46735,0.2560989999999999,0.2751548222828994,851.2683108095141,0.5502913631735304,0,53.0
2035-02-14,43,30351,629,Employed,Master,17,30771,48,1,0,Mortgage,352,0.5176452552873299,2,0,0.3146648263952434,0,Home,0,25,14,1939,1887,13055,13543,2529.25,0.7587700669009052,4,10947,0.211271,0.1987185105646503,934.2730120214115,0.5085590637625428,0,53.0
2035-02-17,56,109651,614,Employed,Master,35,15091,108,1,0,Other,397,0.1479701542417707,2,1,0.3466820556676541,0,Auto,0,20,19,2711,2116,24839,45600,9137.583333333334,0.9550009356424628,10,10720,0.2530909999999999,0.2552981506849702,357.9020927285557,0.0826150706582034,1,39.2
2035-02-18,23,121154,553,Unemployed,Master,1,18967,24,Divorced,0,Rent,510,0.3211417872827612,2,1,0.1675999915557164,0,Debt Consolidation,0,27,26,1122,3110,56983,22709,10096.166666666666,0.8455271078811224,3,34274,0.217467,0.217326019279382,981.4701839974248,0.1477263830164014,1,40.8
2035-02-23,38,26147,624,Employed,Master,17,22259,48,1,1,Rent,589,0.5755634505142828,3,2,0.3371745055417877,0,Other,0,28,17,2994,940,322458,16212,2178.9166666666665,0.5916483467173734,2,306246,0.205259,0.195187399110261,671.6550753476592,0.5785696601587912,0,48.0
2035-02-28,51,54149,626,Employed,Master,32,30438,60,1,1,Own,597,0.0471598904747573,1,0,0.145558274382353,0,Other,0,20,29,1562,269,103704,65165,4512.416666666667,0.5811073720019622,7,38539,0.222438,0.2146406562207076,831.4158486708313,0.3165522942999866,0,46.0
2035-03-15,51,37922,525,Employed,Master,28,15350,60,0,1,Mortgage,466,0.3105984115453732,2,2,0.5772439815223382,0,Education,0,12,21,2854,1339,39666,49363,3160.1666666666665,0.973478753809258,5,7384,0.25785,0.2462146053390985,447.1426543543362,0.2889539542284698,0,59.0
2035-03-17,32,92631,589,Self-Employed,Master,9,8933,12,1,1,Rent,699,0.4251390411708708,2,1,0.2905553553196819,0,Home,0,29,24,6536,3675,22236,52354,7719.25,0.841352017973572,8,5138,0.179433,0.1949420071297751,825.3431206678827,0.1974729566561366,1,44.0
2035-03-20,48,98182,547,Employed,Master,26,50083,72,1,1,Mortgage,305,0.4049755823971702,0,2,0.2039473420056393,0,Auto,1,29,3,1640,864,34377,74993,8181.833333333333,0.8849503219124655,4,6926,0.291583,0.2668042266514402,1401.1929306305233,0.2085343053468688,0,61.0
2035-03-21,57,76300,667,Employed,Master,33,60144,48,1,1,Mortgage,455,0.193247553071534,5,1,0.1312480634184366,0,Education,0,19,22,21516,799,28416,5580,6358.333333333333,0.9339000616817856,3,22836,0.221644,0.2036351596390489,1841.8725672975568,0.3612381495094454,0,43.0
2035-04-04,51,67610,612,Employed,Master,24,30375,48,1,0,Own,391,0.2570903590330094,2,1,0.3692622094862915,0,Debt Consolidation,0,29,26,1165,631,134133,33490,5634.166666666667,0.7748845349692738,3,100643,0.219375,0.2248281979090841,964.976740276074,0.2406703281069795,1,37.6
2035-04-06,18,44389,518,Employed,Master,0,37313,48,1,0,Rent,294,0.3972648734702023,6,2,0.053220870203806,0,Other,0,24,10,4016,1688,49431,6813,3699.0833333333335,0.9113133585622326,9,42618,0.273313,0.3115887260921599,1368.7574679360043,0.449505274172251,0,51.0
2035-04-14,25,110966,580,Employed,Master,4,44763,48,Divorced,0,Rent,938,0.0869946972904607,3,0,0.4516794170514319,0,Home,0,23,15,18385,1287,30057,14497,9247.166666666666,0.9067665045121832,4,15560,0.249763,0.2521727737334036,1489.6422896690085,0.2625282291515248,0,54.0
2035-04-22,54,71687,517,Employed,Master,27,13454,84,0,0,Mortgage,310,0.0793994964451639,5,1,0.144264717581172,0,Home,0,14,11,5182,670,73134,29037,5973.916666666667,0.8737310033612259,1,44097,0.279954,0.2807706633987957,367.4493952100044,0.1134012128073437,0,49.0
2035-04-30,56,43756,520,Self-Employed,Master,33,23271,36,1,3,Other,622,0.30093979427445,2,1,0.035394162512768,0,Auto,0,23,13,10968,1729,221400,315466,3646.3333333333335,0.9226252621270504,6,7422,0.248271,0.216229662700749,884.1974300485974,0.41307178811096,0,54.0
2035-05-01,41,45604,658,Employed,Master,21,28764,48,Divorced,3,Mortgage,287,0.0321389772739589,5,2,0.2274403410354821,0,Home,0,29,23,13465,459,40389,6313,3800.3333333333335,0.942871338881258,4,34076,0.194764,0.1776067288003874,841.3495484702765,0.296908047137166,1,36.8
2035-05-14,38,21917,514,Employed,Master,15,36912,36,1,2,Mortgage,230,0.5679195935272208,4,0,0.4182384154704892,0,Education,0,27,25,10190,1056,59268,38560,1826.4166666666667,0.965752946999824,3,20708,0.264912,0.2901683402667601,1547.1618308630816,0.9730319829519084,0,59.0
2035-05-25,48,116257,508,Employed,Master,26,8479,24,1,0,Mortgage,713,0.304867551801658,1,0,0.0750292058664399,0,Debt Consolidation,0,33,22,933,1993,86971,9922,9688.083333333334,0.9979088025464122,6,77049,0.229479,0.2297701574039165,443.9765133981695,0.1194226426002566,1,37.6
2035-05-26,18,52446,559,Employed,Master,0,23848,24,Divorced,2,Own,165,0.1410020942290186,2,2,0.1367545285824185,0,Debt Consolidation,0,24,24,3563,2384,149831,72997,4370.5,0.7033738222576938,4,76834,0.219348,0.2080917838987696,1223.2109500673123,0.3176320672845927,0,47.0
2035-06-01,50,51185,549,Self-Employed,Master,28,39320,60,Divorced,0,Rent,481,0.4680347319727898,5,1,0.028833988237974,0,Home,0,27,11,5456,594,40778,36094,4265.416666666667,0.761845439137593,7,4684,0.26982,0.2617473865875981,1181.3302483183802,0.3897228285595498,0,54.0
2035-06-06,61,25946,666,Employed,Master,39,25254,48,1,4,Mortgage,265,0.3081549520012726,2,1,0.2162861020229849,1,Debt Consolidation,0,24,23,723,40,53174,28806,2162.1666666666665,0.7201915487287874,8,24368,0.187254,0.1862885100615912,750.1604960545717,0.4695107512778409,0,60.0
2035-06-09,30,16857,570,Employed,Master,7,21169,48,1,3,Other,518,0.0872211092997646,3,0,0.0865873404087765,0,Auto,1,27,28,11220,552,88136,26669,1404.75,0.9377833044896128,8,61467,0.231169,0.2616059621287815,715.6756644175072,0.8782172375280349,0,55.0
2035-06-11,36,33751,600,Employed,Master,13,13597,12,0,0,Mortgage,397,0.3095494637385791,6,1,0.084130296264966,0,Education,0,21,25,9799,4459,29102,826,2812.583333333333,0.7989994212178311,3,28276,0.178597,0.1838446792197725,1249.0621043406088,0.5852491852711713,0,48.0
2035-07-03,20,46101,555,Employed,Master,0,21184,36,1,3,Mortgage,186,0.4937792084778393,3,1,0.3282402069983315,0,Home,0,23,14,851,2355,14045,19529,3841.75,0.6498161153512149,9,6479,0.228684,0.1936713466721403,780.4589681039722,0.2515673763529569,1,44.8
2035-07-08,24,37652,508,Employed,Master,0,48562,72,1,0,Own,427,0.5133190449479298,5,1,0.4233361087597095,0,Debt Consolidation,0,23,28,15495,221,62478,22980,3137.6666666666665,0.8873386020209796,1,39498,0.309562,0.3656096670209263,1672.2381975590406,0.6690443633992481,0,58.0
2035-07-18,43,117704,602,Employed,Master,20,34069,24,0,2,Mortgage,362,0.0981749626486265,5,0,0.3066150983989275,0,Home,0,20,13,1880,673,122904,18245,9808.666666666666,0.8665417744282254,6,104659,0.2080689999999999,0.1840276133447067,1707.5016339789977,0.2109870489341736,1,36.0
2035-07-22,38,41881,635,Employed,Master,11,27506,72,1,3,Mortgage,248,0.1201530625440871,2,3,0.5468541800226125,0,Home,1,25,16,2248,521,35580,10850,3490.083333333333,0.9384229262211626,3,24730,0.225006,0.2160817071089059,684.73641000808,0.2672533349274602,0,61.0
2035-07-25,44,31169,631,Employed,Master,19,33283,36,1,1,Mortgage,569,0.036299329887335,2,0,0.2582124139609223,0,Debt Consolidation,0,26,22,537,257,241652,23273,2597.4166666666665,0.9331260197377376,7,218379,0.202783,0.2038693851278458,1243.4872348637464,0.6978038056519285,0,45.0
2035-08-06,30,31558,555,Unemployed,Master,10,26486,72,1,0,Mortgage,270,0.1087886718020166,3,2,0.6364954409460497,0,Home,0,26,3,2728,484,149456,6244,2629.833333333333,0.8714328326679827,5,143212,0.263986,0.225086154685891,673.5101771459792,0.3587718526443929,0,60.0
2035-08-11,18,99680,506,Employed,Master,0,32139,60,0,0,Own,400,0.2947133191095336,1,1,0.4920268167905609,0,Auto,0,20,11,2369,690,145249,54035,4367.166666666667,0.713266242192393,5,91214,0.284139,0.3288502050007287,1097.4699794154417,0.3428927938210376,0,53.0
2035-08-14,41,116332,638,Self-Employed,Master,20,22903,24,1,1,Mortgage,480,0.415191120012025,4,1,0.064550184985128,0,Debt Consolidation,0,18,13,298,228,34167,13327,9694.333333333334,0.7923808100391495,6,20840,0.178903,0.1695413414856154,1131.871493586572,0.1662694522834548,1,40.0
2035-08-16,23,69401,542,Employed,Master,0,24065,48,0,0,Rent,138,0.3620240140174018,1,3,0.0405025959802754,0,Other,0,18,9,4982,1594,57352,17777,5783.416666666667,0.7567355469491982,10,39575,0.248065,0.2479942261626551,795.2364911148059,0.161364215117616,0,51.0
2035-08-24,49,133505,574,Employed,Master,30,10240,36,1,1,Rent,403,0.2186393044220104,4,1,0.2380475655755867,0,Home,0,24,14,800,888,86725,56104,11125.416666666666,0.7997059317207685,3,30621,0.20824,0.2327605594967436,397.86239872219016,0.071984935280823,1,40.0
2035-08-26,30,81584,563,Employed,Master,8,14821,12,0,1,Rent,239,0.4543478754883636,2,2,0.2861072159949828,0,Education,0,18,14,651,9769,10420,89806,6798.666666666667,0.8655837186165877,4,8712,0.198321,0.2025225882453049,1374.7259920504434,0.2373591869068116,1,41.6
2035-08-30,36,141516,603,Employed,Master,14,12214,36,0,0,Mortgage,267,0.1132596223622572,3,0,0.1385329452289805,0,Debt Consolidation,0,25,29,2144,1760,92785,4313,11793.0,0.8690292517247757,4,88472,0.195714,0.1853502862829887,444.8504669867523,0.0603621187981643,1,33.6
2035-09-08,41,67211,607,Employed,Master,18,13146,24,1,0,Other,245,0.0517155199544046,4,0,0.430954551591022,0,Home,0,28,9,4649,828,47017,35309,5600.916666666667,0.9137725166098676,5,11708,0.1846459999999999,0.1954517512435783,666.1589316418562,0.1626803228593872,1,42.400000000000006
2035-09-16,34,52003,576,Employed,Master,13,34230,12,0,1,Rent,341,0.5045585303088989,1,0,0.2300625961527035,0,Home,0,29,12,20358,2704,131891,37531,4333.583333333333,0.929756976539893,6,94360,0.21123,0.2055067878770788,3179.907538381479,0.8124702509581707,0,51.0
2035-09-27,37,23546,560,Employed,Master,12,20567,48,1,2,Own,301,0.6587311541163029,3,0,0.0996621921197733,0,Home,0,16,8,1549,916,179442,14835,1962.1666666666667,0.916225643104126,6,164607,0.235567,0.2610108518268988,694.6340302622804,0.5074156274164344,0,51.0
2035-10-07,44,32126,559,Employed,Master,24,22926,36,1,1,Other,137,0.5025480764786364,3,0,0.3029125466531573,0,Education,1,25,7,5805,619,285382,6454,2677.1666666666665,0.6129728676641724,5,278928,0.228426,0.2412141649913789,900.9145698259348,0.3876914286842812,0,57.0
2035-10-08,55,99572,515,Employed,Master,32,21038,72,Divorced,2,Own,265,0.524703960062068,5,0,0.5182404028266738,0,Home,0,17,26,7233,530,40586,93337,8297.666666666666,0.5885012733363174,3,5423,0.278538,0.3342456,680.0678140985814,0.1138956109065096,0,58.0
2035-10-16,54,80415,654,Self-Employed,Master,33,3771,72,1,3,Mortgage,243,0.2800376121727005,2,0,0.3524691138403932,0,Home,0,29,15,1619,2623,82602,22313,6701.25,0.8349382285333429,9,60289,0.191771,0.2301251999999999,97.03019288626984,0.0507413083956381,1,38.400000000000006
2035-10-19,54,94947,646,Employed,Master,36,35181,36,0,0,Mortgage,254,0.0565321771513579,4,1,0.1783699502991036,0,Debt Consolidation,0,23,4,18373,588,68440,7078,5196.833333333333,0.8936532265194871,5,61362,0.197181,0.1884341022428031,1286.8118141174566,0.2964905193773368,0,46.0
2035-11-14,35,33774,491,Employed,Master,15,67194,24,1,1,Other,236,0.1806918010907173,1,1,0.1275900018735988,0,Other,0,20,25,541,191,29991,34374,2814.5,0.9711578448570608,5,1819,0.296694,0.2990772405121512,3753.815153401885,1.4175928773856403,0,50.0
2035-11-17,30,69149,578,Self-Employed,Master,9,16981,72,Divorced,1,Other,465,0.1314048134877468,1,1,0.1624822402798218,0,Auto,0,28,24,620,1735,134364,5159,5762.416666666667,0.6722499824168993,5,129205,0.242981,0.2101492092375713,416.7944143645191,0.1530251048080844,1,38.400000000000006
2035-11-27,27,47512,539,Employed,Master,3,17735,36,1,0,Mortgage,312,0.1043328429538193,3,0,0.0614007813663459,0,Debt Consolidation,1,31,14,7829,299,105548,45832,3959.3333333333335,0.8392953368052376,5,59716,0.233235,0.2509402263617695,706.0227272601347,0.2571197324280522,0,54.0
2035-11-29,18,41378,531,Unemployed,Master,0,17909,84,1,1,Rent,373,0.2654695560052258,3,1,0.685572620432414,0,Education,0,26,1,1479,690,57622,8992,3448.1666666666665,0.8207662824816799,5,48630,0.277409,0.2865927717873537,496.0261357960469,0.2520255601902596,0,66.0
2035-12-12,36,24395,511,Employed,Master,17,18205,24,0,0,Rent,298,0.2157402430645315,3,0,0.2279647915092542,0,Auto,0,24,16,5449,2922,26386,20971,2032.9166666666667,0.670174610837627,7,5415,0.237705,0.2589404184291172,979.8138727433663,0.6285618558278497,0,54.0
2035-12-13,23,75077,587,Employed,Master,0,25660,36,1,2,Own,985,0.4732001492179402,2,1,0.1874605929168842,0,Home,0,26,22,1041,369,63656,22477,6256.416666666667,0.7207195254153784,4,41179,0.21716,0.2314233421182553,995.196046696049,0.3165064208792651,0,51.0
2035-12-18,36,51526,582,Employed,Master,13,37681,12,0,4,Own,492,0.1201788049606428,3,1,0.5681051954725703,0,Auto,1,22,25,6363,2658,9021,281249,4293.833333333333,0.5747286440850196,5,8169,0.211681,0.2210431293152137,3528.621796817141,0.936371182738922,0,63.0
2035-12-22,39,15000,600,Employed,Master,15,19613,12,1,0,Rent,418,0.335127420601486,7,3,0.0523419918966864,0,Education,0,18,29,1325,510,40881,4994,1250.0,0.817576537720732,8,35887,0.184613,0.1725672769650584,1791.1892170721082,1.767351373657687,0,49.0
2035-12-27,55,48358,627,Employed,Master,34,22800,60,Divorced,2,Mortgage,538,0.1855946481330319,2,1,0.2817296122939477,0,Debt Consolidation,0,26,17,17180,260,44041,13091,4029.8333333333335,0.9162829381469092,9,30950,0.2143,0.17144,568.4055845457558,0.2745536832488744,0,49.0
2035-12-29,24,54581,453,Employed,Master,0,10613,48,1,1,Rent,503,0.3672775373019856,3,2,0.4435597684817889,0,Auto,0,13,18,120,3258,11916,34266,4548.416666666667,0.7211113271618996,1,7320,0.279113,0.2232904,336.27272472428973,0.1845197540662772,1,44.8
2035-12-31,34,52979,515,Self-Employed,Master,9,22418,60,0,2,Own,354,0.1360588464701009,2,3,0.086894506142234,0,Debt Consolidation,0,34,28,12961,1074,34060,11592,4414.916666666667,0.7096022427312695,4,22468,0.269918,0.2522661598948789,660.979681205453,0.2298978118587635,1,41.6
2036-01-05,43,84999,520,Self-Employed,Master,17,20918,72,1,2,Rent,314,0.4909329534778743,2,1,0.2846905231087596,0,Education,0,24,20,7010,1424,48699,16524,7083.25,0.7752921071332713,7,32175,0.275918,0.3103737824467634,643.35586866573,0.1351577127258998,0,55.0
2036-01-11,59,36417,543,Employed,Master,35,49008,36,Divorced,0,Other,308,0.0886271734369162,6,2,0.1690792719820296,0,Home,0,24,26,1589,651,290118,3604,3034.75,0.7523390888238165,2,286514,0.2625079999999999,0.2833867265088635,2036.124212382548,0.7724274527992578,0,44.0
2036-01-19,57,30076,651,Unemployed,Master,38,23690,24,1,0,Mortgage,239,0.3185599089263034,3,0,0.4075562351681725,0,Home,0,28,23,2803,75,80146,23114,2506.333333333333,0.8483561183594908,7,57032,0.1731899999999999,0.1567409220303398,1156.250427236789,0.5566898898404531,0,52.0
2036-02-07,51,36475,668,Employed,Master,27,30149,24,0,0,Own,577,0.3897552616979908,3,1,0.1606062397379515,0,Auto,0,23,27,490,743,51719,8759,3039.583333333333,0.781762734755197,8,42960,0.171149,0.177137990528551,1500.995874662261,0.6836449758998528,0,45.0
2036-02-10,49,45915,624,Unemployed,Master,25,32233,24,1,4,Mortgage,201,0.3455455197941475,2,3,0.1757073675783546,0,Home,0,22,17,3706,1339,10608,35015,3826.25,0.8889946996123983,4,3882,0.195233,0.174073327364264,1599.9883844268256,0.4706928152699969,0,51.0
2036-02-12,53,95931,649,Employed,Master,33,12414,60,1,3,Rent,384,0.2111891243054638,3,2,0.3365212860517835,0,Other,0,25,11,2399,268,120639,35036,7994.25,0.6224365674990536,5,85603,0.192914,0.2025446948674511,330.65524696472033,0.0893961593601301,1,38.400000000000006
2036-02-18,44,153246,559,Employed,Master,21,7704,60,0,0,Mortgage,366,0.0318267422064634,2,1,0.1419712159409055,1,Auto,0,33,15,6950,825,68792,17050,12770.5,0.9063021365844076,8,51742,0.2332039999999999,0.2440468610237599,223.44173493671877,0.0461565118778997,1,45.6
2036-02-29,30,46512,625,Employed,Master,10,19978,24,0,3,Own,469,0.2929929546185518,7,0,0.1686871730101478,0,Home,0,25,22,328,1453,66084,119143,3876.0,0.8631684160958634,2,7803,0.182478,0.1863540325973577,1003.528000614454,0.37990918488505,0,48.0
2036-03-03,44,15000,616,Employed,Master,18,28694,36,Divorced,3,Rent,929,0.0606797788401098,3,0,0.1136368438279184,0,Education,1,28,2,1695,1767,101639,25264,1250.0,0.5856377893948538,4,76375,0.205694,0.2229663452670043,1100.2450878273123,1.62339607026185,0,56.0
2036-03-23,24,40023,543,Employed,Master,0,28040,72,1,1,Mortgage,335,0.3897853861075467,4,0,0.3541644080060495,0,Home,0,15,13,2208,5427,61704,18205,3335.25,0.758338814252971,3,43499,0.27154,0.2410076208717571,739.9204244043739,0.3222908101055015,0,55.0
2036-03-24,58,26991,592,Employed,Master,36,22414,96,1,3,Own,377,0.4581984122176967,5,1,0.3873135639910526,0,Home,0,16,12,4702,84,28653,15233,2249.25,0.662110150053972,12,13420,0.261414,0.2348699479804495,519.5053577698816,0.3985796855706932,0,57.0
2036-03-28,32,46223,557,Employed,Master,11,14318,36,0,3,Own,641,0.1666886744412636,1,1,0.1865741786265844,0,Home,0,31,21,3005,2785,247983,15864,3851.9166666666665,0.9712964841347992,9,232119,0.220818,0.2314669225650343,555.3410916511135,0.3105833264784493,1,36.8
2036-03-30,18,84709,585,Employed,Master,0,33776,60,Divorced,0,Rent,311,0.0593394262696721,0,2,0.2104639517611359,0,Home,0,26,23,858,4001,23404,19743,7059.083333333333,0.5873090783965488,4,3661,0.246276,0.2207863146841771,934.3670332245532,0.1764205031188497,1,40.0
2036-03-31,31,56483,645,Employed,Master,11,19141,60,1,0,Other,362,0.2069334868292519,5,1,0.2832489568599928,0,Auto,1,33,10,2799,851,4108,3621,4706.916666666667,0.8778666904386803,2,5188,0.201641,0.2016809941351386,508.91140576277695,0.185028006110747,0,55.0
2036-04-16,36,42354,549,Employed,Master,14,11736,60,Widowed,2,Mortgage,349,0.0427576142553464,8,1,0.2548622610766479,0,Debt Consolidation,0,25,23,6678,1284,12917,43418,3529.5,0.5929626812419508,4,10137,0.242236,0.2412494359295305,338.4725026491004,0.1947790062754215,1,41.6
2036-05-09,23,76636,496,Self-Employed,Master,0,33599,60,1,2,Own,704,0.1849945972045278,4,0,0.6673915721030071,0,Debt Consolidation,1,21,19,5488,822,29982,76123,6386.333333333333,0.7056177704133261,8,8560,0.290599,0.3035564738969685,1094.392955983223,0.281600233203699,0,66.0
2036-05-16,52,90747,579,Unemployed,Master,27,10807,36,0,0,Own,278,0.4336489245981932,4,1,0.0567599080409826,0,Debt Consolidation,0,27,12,1282,1216,107204,43384,7562.25,0.8940890984912323,2,63820,0.206307,0.2162888617974103,410.6522995040878,0.0910644714872012,1,40.8
2036-05-19,43,118652,659,Employed,Master,21,37887,36,Widowed,0,Rent,583,0.0749947138142816,4,2,0.3300507357307098,0,Auto,0,24,2,2621,6511,81245,8078,9887.666666666666,0.8102064983888622,10,73167,0.193387,0.1827444170114446,1374.9274862673983,0.1980171411793208,1,38.400000000000006
2036-05-24,60,147173,606,Employed,Master,37,8863,60,1,1,Mortgage,365,0.1417495527790878,2,1,0.3247784079496624,0,Home,0,26,15,2089,370,54987,3985,12264.416666666666,0.96512438629859,3,51002,0.210863,0.190093599393874,229.95675342754436,0.0485108072889085,1,36.8
2036-05-31,54,47461,631,Employed,Master,31,13593,60,1,0,Mortgage,735,0.2882653336061341,3,1,0.1786509522046417,0,Debt Consolidation,0,18,2,12772,2755,15527,14403,3955.0833333333335,0.6925413770593127,4,1124,0.203093,0.2066454070489949,365.17591374625226,0.2781675684236536,0,52.0
2036-06-01,30,70602,527,Employed,Master,6,16637,48,1,0,Mortgage,179,0.6084289601387949,2,0,0.3455515931048236,0,Education,0,25,28,1675,1407,82202,13903,5883.5,0.8964674934998145,3,68299,0.248137,0.2314380281277288,534.5519744719433,0.1212801860239556,1,43.2
2036-06-13,75,19158,685,Self-Employed,Master,50,15695,60,Divorced,0,Other,227,0.4885423957568218,4,2,0.2435184265290946,0,Debt Consolidation,0,21,4,2066,5131,12144,71283,1596.5,0.9208808001755892,6,8373,0.178195,0.1780155263009383,396.85742973657415,0.3907656935399776,0,55.0
2036-06-29,18,22538,622,Employed,Master,0,37280,48,1,1,Mortgage,202,0.6036109154333534,2,0,0.484777189672201,0,Auto,0,21,29,10336,2080,172886,12118,1878.1666666666667,0.8514706104074514,3,160768,0.22128,0.1884002393714356,1111.531773959059,0.6993691227042641,0,53.0
2036-06-30,18,37284,584,Employed,Master,0,25045,12,0,0,Own,654,0.1470526098180852,2,0,0.2381450933900046,0,Home,0,18,11,7427,901,58984,36721,3107.0,0.9328792294107168,6,22263,0.198045,0.1649177439240306,2278.186830436177,0.9437357033911096,0,52.0
2036-07-05,49,105922,636,Employed,Master,27,29171,48,1,0,Mortgage,553,0.1157533254319694,2,1,0.2855009458080492,0,Education,0,23,9,859,2682,93720,7120,8826.833333333334,0.9563668085236768,3,86600,0.206171,0.2448073303446824,958.797402062902,0.17127290671206,1,36.8
2036-07-10,44,28472,595,Employed,Master,24,12050,36,1,1,Mortgage,689,0.4132722122179482,4,2,0.3285947893184709,0,Education,0,31,12,1907,5055,192765,21188,2372.6666666666665,0.9475769398281818,5,171577,0.19955,0.2162545944410737,457.8634218366626,0.4833647464891806,0,53.0
2036-07-23,49,57313,565,Employed,Master,24,31273,96,1,2,Mortgage,101,0.4591873491531167,1,1,0.1823256467256204,0,Auto,0,28,13,802,4103,35899,45637,4776.083333333333,0.9438870875656152,5,4020,0.283773,0.2998946526935426,862.1738052089689,0.2016660384643558,0,51.0
2036-07-30,34,62627,460,Employed,Master,13,20905,24,1,0,Other,382,0.0339250003241972,3,1,0.3309061178205936,0,Other,0,20,11,6071,721,181391,6887,5218.916666666667,0.9531773555288822,5,174504,0.265905,0.2439068222031656,1109.350809903574,0.2857586938356122,1,39.2
2036-08-03,48,66315,519,Employed,Master,24,18655,36,1,1,Rent,492,0.3474775764078492,1,2,0.2311635321128261,1,Auto,0,33,12,3444,1925,58780,15249,5526.25,0.7512534214336765,3,43531,0.244155,0.278669875642434,770.2977899557162,0.2284185098313895,0,64.0
2036-08-27,18,107546,565,Employed,Master,0,28227,60,0,1,Mortgage,702,0.3100013177510816,2,0,0.1331098009750952,0,Home,0,29,18,6533,1665,440574,8136,8962.166666666666,0.9500674584851108,10,432438,0.250727,0.2387874799318561,810.0479913512678,0.1687145583863204,1,34.4
2036-09-01,39,42578,510,Employed,Master,18,28216,24,Divorced,1,Own,736,0.5949227024145437,3,0,0.2743289554552084,0,Home,0,19,14,5241,1885,44511,69231,3548.1666666666665,0.7000668905960924,2,1301,0.248216,0.2402292314596968,1492.1337227190838,0.6279676046932455,0,54.0
2036-09-02,33,59729,510,Employed,Master,15,21652,60,0,2,Mortgage,174,0.3498020289993124,1,1,0.5567103925310349,0,Home,0,30,11,16530,1563,591702,10818,4977.416666666667,0.9351736283341128,5,580884,0.271652,0.2945375059671291,693.2683821643113,0.1742406634293515,1,40.0
2036-09-04,62,124725,658,Employed,Master,42,19662,36,Widowed,0,Rent,326,0.1401237373474013,2,0,0.2009222590982234,0,Debt Consolidation,1,40,7,426,188,41157,17983,10393.75,0.792964112871435,2,23174,0.175662,0.1818109517191554,712.6158950315408,0.0999269652465703,1,40.0
2036-09-12,34,60926,566,Employed,Master,16,19965,72,1,0,Mortgage,876,0.3702673710883322,2,1,0.1784639260982322,0,Home,0,17,14,1690,1530,122179,18579,5077.166666666667,0.7731088602053791,8,103600,0.251965,0.2640187879291784,555.101683959751,0.2818701409499559,0,46.0
2036-09-22,36,51543,531,Self-Employed,Master,13,30757,24,0,3,Mortgage,909,0.2517364449033891,4,1,0.2039098432358287,0,Other,0,21,13,6416,1071,159429,15293,4295.25,0.7055288704558279,5,144136,0.240257,0.2636631257914434,1662.707863212145,0.5987329871863442,0,51.0
2036-10-03,26,59260,568,Employed,Master,2,43543,24,0,1,Mortgage,446,0.6382870200002999,5,0,0.2461040682781549,0,Education,0,22,19,3257,2032,23101,90430,4938.333333333333,0.9040994495564638,9,8528,0.2345429999999999,0.2310853082740923,2282.837750755226,0.5525827372437178,0,54.0
2036-10-08,60,57897,695,Employed,Master,36,29690,24,0,0,Mortgage,238,0.4088784547540511,2,1,0.3311207755646212,0,Other,0,36,16,7286,1041,99675,42152,4824.75,0.8683863499401961,5,57523,0.15719,0.1614871562351763,1455.825337313766,0.3510700735403421,0,47.0
2036-10-11,32,53455,611,Self-Employed,Master,11,16289,84,0,0,Rent,365,0.3697011316169997,2,0,0.2113494555691211,0,Home,0,31,26,10372,373,46671,7964,4454.583333333333,0.9303548554488864,1,38707,0.235789,0.2091270412554087,370.72157891118695,0.1651605826757879,1,41.6
2036-10-17,39,46666,510,Employed,Master,16,17497,60,1,0,Mortgage,599,0.1986883453953919,4,3,0.1254277994055136,1,Debt Consolidation,1,29,2,314,816,97670,11806,3888.8333333333335,0.8265478641820151,3,85864,0.267497,0.2139976,477.2957605559446,0.2767657207961114,0,70.0
2036-10-19,53,154883,451,Employed,Master,30,28056,48,1,1,Rent,478,0.6430858748127962,9,1,0.3965205138069101,0,Debt Consolidation,0,29,3,16051,1767,73870,4964,12906.916666666666,0.8984338367974466,4,68906,0.297556,0.2652188357146477,954.2289086455838,0.1109659995205865,1,44.0
2036-10-21,33,35006,456,Employed,Master,10,26129,108,Divorced,4,Mortgage,396,0.2176624346051495,2,1,0.0937694079424112,0,Home,0,23,29,3867,343,284040,63003,2917.1666666666665,0.8845416659618768,5,221037,0.343129,0.3055538496064459,712.4601884369522,0.3799783540319781,0,47.0
2036-10-28,29,68570,592,Employed,Master,6,14808,72,0,1,Mortgage,292,0.1793264912338446,3,0,0.1051227155198268,0,Home,0,31,2,6289,1173,104224,24114,5714.166666666667,0.9017939624070652,4,80110,0.233808,0.2269357490927678,378.1882908998937,0.117285394353197,0,51.0
2036-10-30,31,18076,620,Unemployed,Master,9,25139,36,1,2,Mortgage,592,0.6162801502091141,0,1,0.5758628246145736,0,Education,0,24,25,3073,365,50716,66974,1506.3333333333333,0.9603318444152662,6,9116,0.200139,0.1615661705096091,885.757685775487,0.981029665263656,0,62.0
2036-10-31,36,122728,449,Employed,Master,12,41241,48,0,2,Rent,479,0.3694646038859817,2,2,0.4011707746062812,0,Auto,0,21,22,5150,1065,72139,13405,10227.333333333334,0.827498400562673,5,58734,0.311741,0.3621272410962835,1637.5709657693585,0.2069523791574237,0,52.0
2036-11-02,42,32620,594,Employed,Master,20,29080,72,1,1,Mortgage,714,0.0548013897402547,3,3,0.5385844244539262,0,Home,1,29,6,6028,137,90161,27572,2718.333333333333,0.907197592073492,4,62589,0.24708,0.2728815264984297,824.6517647296381,0.5660276265099834,0,64.0
2036-11-07,30,54406,603,Employed,Master,9,11338,60,1,3,Rent,362,0.4120667273414155,5,0,0.1006638650729912,0,Debt Consolidation,0,25,15,2486,1693,396435,17133,4533.833333333333,0.5630025370811687,1,379302,0.2148379999999999,0.2094545037780921,306.38318315996355,0.1474212071815528,1,33.6
2036-11-19,26,32541,532,Employed,Master,4,9321,48,1,1,Mortgage,215,0.3122985061852374,5,1,0.0981103469787714,0,Education,0,26,26,11348,7086,391077,90420,2711.75,0.829364162066374,7,300657,0.238321,0.214028617095736,290.65477877549665,0.1864680662950112,1,36.0
2036-11-25,34,35305,536,Employed,Master,11,30907,60,1,3,Other,228,0.3498098003322674,3,0,0.1334020385934779,0,Home,0,25,29,2642,789,98958,21217,2942.083333333333,0.762155336532535,7,77741,0.267907,0.2954616655851107,991.3479427470644,0.4144505116262504,0,49.0
2036-12-03,56,59026,530,Self-Employed,Master,36,30250,84,1,0,Rent,215,0.2998680171370275,0,0,0.2898474677740104,0,Education,0,26,16,1714,1001,4292,36450,4918.833333333333,0.8828828081038037,2,6411,0.29025,0.2955229398953403,855.8492781753848,0.2177039158693562,0,55.0
2036-12-04,31,39705,591,Employed,Master,11,20692,48,0,0,Mortgage,885,0.3038241569890885,0,1,0.3632198511047544,0,Debt Consolidation,0,17,28,8052,3107,21780,8125,3308.75,0.9656939456711454,6,13655,0.220192,0.1772256223901893,604.8318154808699,0.4502702880183966,0,55.0
2036-12-09,70,51452,646,Self-Employed,Master,46,34662,72,1,3,Own,485,0.4995004483207044,4,1,0.3123154622193592,0,Education,0,28,15,2339,435,145639,19175,2219.1666666666665,0.6888610604272112,3,126464,0.226662,0.2185357429158018,867.9117402020203,0.6096485498469487,0,51.0
2036-12-10,61,87678,630,Employed,Master,37,14104,24,1,4,Rent,317,0.0818986719607504,3,2,0.1818163807536811,0,Debt Consolidation,0,19,16,9646,3497,293045,3331,7306.5,0.9104692940725012,3,289714,0.174104,0.2017484469039061,719.0396647795332,0.1417969841619836,1,31.200000000000003
2036-12-16,18,47242,564,Employed,Master,0,25337,72,0,3,Own,387,0.1505728400313022,3,1,0.0462822508513595,0,Home,0,26,22,3269,4402,207565,35507,3936.8333333333335,0.7719274315301151,4,172058,0.258337,0.2647917671113949,705.6832778980206,0.2775538574737786,0,46.0
2036-12-22,30,194477,578,Employed,Master,8,26684,36,1,0,Rent,429,0.2470418954870936,4,0,0.2931177867323103,0,Auto,0,15,14,125,4133,22265,62751,16206.416666666666,0.413212935745413,6,7657,0.222684,0.2138803652936499,1010.645656760188,0.0888318304021671,1,40.0
2036-12-24,42,74762,611,Employed,Master,20,19869,96,0,0,Rent,200,0.3189449790249635,3,0,0.335893472438197,0,Auto,0,24,18,1725,394,41632,20689,6230.166666666667,0.8498855921101338,4,20943,0.249369,0.2789068689716721,518.976262347063,0.1154024122972199,0,51.0
2036-12-26,50,69399,607,Unemployed,Master,22,30552,60,Widowed,0,Own,262,0.2014712955854752,3,1,0.2480150641463999,0,Education,0,19,27,3025,715,34752,87352,5783.25,0.7787813270408815,7,10848,0.2320519999999999,0.1981570733212472,806.3114226901871,0.1847250979449595,0,52.0
2037-01-07,18,42218,555,Employed,Master,0,15371,72,0,1,Rent,392,0.1644486390061143,1,1,0.3737215772491385,0,Home,0,29,15,1818,2228,487319,113959,3518.1666666666665,0.9308009279774264,4,373360,0.2528709999999999,0.2469794070689417,411.20691117497626,0.228302689234443,1,38.400000000000006
2037-01-22,42,41411,487,Self-Employed,Master,21,28627,60,1,4,Mortgage,193,0.2887102521862072,1,0,0.4901973830289276,1,Other,0,30,18,7776,1865,145028,10545,3450.9166666666665,0.8231403261915762,7,134483,0.2901269999999999,0.343005761314073,1003.1980478301064,0.3466319715525169,0,68.0
2037-01-25,42,27475,494,Employed,Master,20,28400,72,1,2,Rent,313,0.4478279380926195,1,0,0.4691155670377117,1,Debt Consolidation,0,27,3,2206,1955,13246,59572,2289.583333333333,0.699559207605177,6,3280,0.2964,0.2860343383129627,828.986167068928,0.4987746680555827,0,74.0
2037-02-04,56,125253,619,Employed,Master,34,15717,60,0,0,Rent,301,0.1144873937395797,2,2,0.3062496416190767,0,Debt Consolidation,0,15,1,1965,1457,102182,8811,10437.75,0.7931334354665239,6,93371,0.211217,0.1979565090109744,414.6193181311535,0.0685606877086683,1,40.0
2037-02-07,52,69381,596,Employed,Master,25,18304,96,1,3,Other,486,0.5917720469586174,2,2,0.3467271374861573,0,Home,1,27,10,12698,4633,17331,68674,5781.75,0.6759508254542207,4,10804,0.255304,0.2149749547212729,400.79230168947527,0.1533778357226575,0,61.0
2037-02-18,39,32565,595,Employed,Master,17,15484,96,0,2,Mortgage,633,0.4073058280401054,4,0,0.256341028175986,0,Auto,0,27,17,2898,3087,31593,72207,2713.75,0.4480297807180309,7,2977,0.252984,0.232803954734615,356.8010903406253,0.3647355468781668,0,54.0
2037-02-21,51,51908,629,Employed,Master,30,24828,84,Widowed,0,Mortgage,571,0.1295966569819665,5,2,0.2036712760543599,0,Debt Consolidation,0,27,16,9660,170,9830,20947,4325.666666666667,0.760253824591556,2,6720,0.235328,0.2353726143764558,605.4064483978924,0.2719595704086982,0,48.0
2037-02-25,36,98805,528,Employed,Master,12,3961,84,1,1,Mortgage,182,0.4042241308062327,1,1,0.2975653513838122,0,Home,0,25,18,18004,6371,122234,17118,8233.75,0.7541221217188014,4,105116,0.264961,0.2786385101407579,107.62397950218462,0.0351752214364274,1,38.400000000000006
2037-03-10,56,69190,558,Employed,Master,32,18638,48,0,2,Mortgage,838,0.0576391094456423,8,2,0.3866194740412346,0,Debt Consolidation,0,24,8,2692,4025,81049,7164,5765.833333333333,0.8510159112586697,10,73885,0.2346379999999999,0.2711230427648004,640.1422878493302,0.2563622988031791,0,52.0
2037-03-19,29,35902,615,Employed,Master,10,14393,36,0,2,Rent,265,0.3205257676195462,1,2,0.1806515242716402,0,Education,0,30,23,7130,350,41230,4466,2991.833333333333,0.6879289637271169,2,36764,0.1918929999999999,0.211012520576752,543.0057760336546,0.2700704504596918,0,48.0
2037-03-25,40,84317,646,Employed,Master,16,42161,48,1,1,Mortgage,234,0.2610830961903829,5,0,0.2819201370236878,0,Home,0,24,28,4047,700,23855,2767,7026.416666666667,0.6935942540288519,6,21088,0.214161,0.2079803471358405,1300.969065077158,0.2184568803553956,1,38.400000000000006
2037-03-29,26,73938,609,Unemployed,Master,2,60407,72,1,2,Own,438,0.4685437668701174,3,1,0.1168994001052136,0,Home,0,24,12,1520,1635,42220,30260,6161.5,0.775091967540764,4,11960,0.270907,0.2824717586176727,1749.5892113281088,0.3550416637715018,0,51.0
2037-04-13,45,163948,569,Employed,Master,22,21534,48,1,0,Mortgage,177,0.0707298242747355,3,0,0.1497100197710704,0,Home,0,29,10,6914,1794,70849,14745,13662.333333333334,0.8293887381441751,3,56104,0.232034,0.2102628992865003,667.1198125931716,0.0617844545289851,1,36.0
2037-04-21,51,56205,610,Employed,Master,28,43746,24,1,2,Other,493,0.5792698721773163,4,2,0.497960065456047,0,Education,0,21,8,3805,4828,34406,22968,4683.75,0.5225828939624823,5,11438,0.213746,0.2354259091439628,2302.924000380694,0.5969413398197372,0,55.0
2037-05-01,58,53004,607,Employed,Master,37,21414,72,0,2,Own,481,0.5951155644578464,6,1,0.4309780584526847,0,Home,0,22,23,2561,2369,58748,15734,4417.0,0.7765629528938841,2,43014,0.2329139999999999,0.2688606899940634,601.8608838771555,0.2451575467233768,0,54.0
2037-05-03,31,94241,579,Employed,Master,11,15545,48,1,2,Own,232,0.3249144899589559,4,0,0.2933709790490126,0,Education,0,22,9,12412,1313,44096,66169,7853.416666666667,0.8617732478278152,3,8657,0.221045,0.2630804093428185,526.8331459061923,0.0966245875030433,1,41.6
2037-05-05,42,119169,595,Employed,Master,23,14430,36,Divorced,1,Mortgage,158,0.7172353777107676,1,3,0.0773680566644396,0,Other,0,27,11,361,474,17131,110320,9930.75,0.9032941115931354,7,1006,0.20193,0.214055485453765,546.6605221008145,0.0709574324296568,1,40.8
2037-05-06,28,54682,562,Employed,Master,8,16794,60,1,2,Rent,468,0.3309123411865999,2,0,0.2102336732481275,0,Home,0,25,20,1230,203,172353,21332,4556.833333333333,0.6422788943133719,5,151021,0.240794,0.2090917913080453,453.476555906778,0.2022186216832108,1,38.400000000000006
2037-05-12,28,77364,565,Employed,Master,5,38064,84,0,0,Mortgage,440,0.5718527446325691,5,2,0.377780859165897,0,Other,0,23,14,2678,359,73203,26596,6447.0,0.7216261268077407,2,46607,0.280564,0.328499234531596,1162.2437426410447,0.2485254758245765,0,55.0
2037-05-16,55,58455,646,Employed,Master,33,15866,48,1,1,Mortgage,537,0.1164638033004799,1,1,0.4077738079756847,0,Education,0,18,18,5976,416,17621,54281,4871.25,0.5543349295925837,3,5008,0.187866,0.2032292870555658,485.5421549171365,0.2099137089899176,0,52.0
2037-05-17,49,30744,655,Employed,Master,29,42245,60,Divorced,2,Mortgage,359,0.249145998158346,4,2,0.3507888904877956,0,Home,0,23,11,4598,1137,119474,27811,2562.0,0.8590216610536102,7,91663,0.219745,0.2044681416248661,1129.762693577081,0.5810939475320379,0,47.0
2037-05-23,30,55590,622,Employed,Master,6,26380,60,Divorced,0,Mortgage,336,0.3080349003179095,3,1,0.3568683599123011,0,Auto,0,18,26,504,2135,135219,11532,4632.5,0.7335078685362321,6,123687,0.22038,0.2204580156912106,729.2740345567593,0.2299566183608762,0,47.0
2037-05-27,41,40615,614,Employed,Master,20,26402,36,Divorced,4,Mortgage,297,0.4977234151831285,3,0,0.1487732015233875,0,Home,0,17,11,1897,3344,71389,12872,3384.583333333333,0.691179980302926,6,58517,0.204402,0.1821896617662709,957.3981567753748,0.3706211468990397,0,47.0
2037-05-30,50,84165,586,Employed,Master,30,12893,36,1,0,Mortgage,495,0.3487691595958801,3,0,0.1895071105139321,1,Home,0,20,22,4959,909,64644,35556,7013.75,0.8944800643325979,7,29088,0.204893,0.2019093495078548,480.4053157633296,0.1390704424542262,1,48.8
2037-06-09,23,49222,543,Employed,Master,1,29266,60,1,0,Rent,712,0.6195291340631092,1,2,0.1408883756468333,0,Auto,0,32,29,3650,2254,74371,31836,4101.833333333333,0.9284212800908604,5,42535,0.262766,0.296208415529751,940.0500043079184,0.4027589299844585,0,53.0
2037-06-11,38,44612,505,Employed,Master,14,21564,24,1,0,Rent,380,0.2650330386040956,0,0,0.3941388134417382,0,Other,0,22,13,4732,2812,17704,2697,3717.6666666666665,0.8640661051690723,7,15007,0.2440639999999999,0.2222745386313023,1121.1241425149965,0.4037812631170976,0,55.0
2037-06-15,35,115248,548,Employed,Master,15,23633,96,Widowed,0,Rent,597,0.4173180222530274,2,0,0.2776782194483112,0,Debt Consolidation,0,21,16,867,978,112869,29324,9604.0,0.8082522429087815,4,83545,0.284633,0.3050608306218877,660.0780661108747,0.1308910939307449,1,40.0
2037-06-16,18,18638,585,Employed,Master,0,18419,36,1,2,Mortgage,360,0.1778386329388799,5,4,0.263660479718153,0,Auto,0,23,10,1610,1526,42169,43589,1553.1666666666667,0.8183816317307785,4,4329,0.210919,0.2227448863566992,706.0481720065534,0.6863707513723919,0,53.0
2037-06-18,18,148730,610,Employed,Master,0,30291,48,1,0,Own,737,0.6985561006102556,6,1,0.3097272194816181,0,Home,0,17,4,777,870,32594,11715,12394.166666666666,0.8686216453161638,6,20879,0.220291,0.1984198127045413,919.217785174534,0.1336288134343737,1,43.2
2037-06-29,48,56150,617,Employed,Master,27,29696,48,1,2,Own,213,0.0726544288314531,3,1,0.2506577704740187,0,Home,0,25,6,3199,2752,29203,13861,4679.166666666667,0.5893530809079146,6,15342,0.216196,0.2299716963223134,951.754449437162,0.2489234798440951,0,50.0
2037-07-06,40,28347,548,Employed,Master,13,17000,60,0,3,Mortgage,746,0.2818862729010758,3,2,0.6742971013551522,0,Home,0,29,20,724,2048,59147,12609,2362.25,0.7624073967116672,3,46538,0.248,0.1984,448.8839109160592,0.5058244939849971,0,60.0
2037-07-23,19,24053,582,Employed,Master,0,26946,36,0,5,Rent,224,0.3472302426151871,4,0,0.5709264333071711,0,Education,0,24,23,861,586,44832,64625,2004.4166666666667,0.8959715589292402,4,1589,0.220946,0.2320932389108566,1046.014251968626,0.6336079085196654,0,60.0
2037-08-01,29,17269,468,Employed,Master,8,8573,24,0,0,Rent,911,0.3321424007724751,1,1,0.1041136972075521,0,Other,1,24,4,3438,891,71643,35358,1439.0833333333333,0.770892096349853,7,36285,0.249573,0.28434557172044,472.45957087466246,0.96134778218171,0,61.0
2037-08-03,35,153330,546,Employed,Master,11,51876,120,Divorced,4,Mortgage,404,0.152706184054657,3,1,0.260850628503771,0,Home,0,23,6,1135,161,31786,5233,12777.5,0.7443480442703714,5,26553,0.333876,0.2698106224648033,1253.3426406607562,0.1297078959624931,1,40.8
2037-08-04,18,24971,541,Employed,Master,0,28199,60,1,0,Rent,305,0.2128846659266765,4,1,0.3706172897581736,0,Auto,0,26,7,1541,2364,6000,2428,2080.9166666666665,0.8479464732262518,9,3572,0.262699,0.2443511021682121,818.3652795535578,0.5398415503841534,0,57.0
2037-08-14,38,138415,626,Unemployed,Master,14,13558,60,1,0,Rent,572,0.2053931219343438,3,3,0.1841956753408248,0,Auto,0,32,24,2804,326,528590,19709,11534.583333333334,0.7408640441176967,6,508881,0.205558,0.2173344282080758,372.40531343229753,0.0818759799240513,1,32.0
2037-08-18,40,25063,606,Employed,Master,18,8909,48,1,3,Own,466,0.6652403936402946,5,1,0.1702751804253099,0,Home,0,34,5,1056,1434,44219,27292,2088.583333333333,0.8566829080720036,4,16927,0.200909,0.1765638965762951,260.1049642458921,0.347654294017105,0,53.0
2037-08-19,34,76260,487,Employed,Master,10,28580,120,1,0,Rent,285,0.2928930038035994,2,0,0.5365330061935888,0,Debt Consolidation,0,28,21,5817,2991,56221,18494,6355.0,0.8173537770017891,5,37727,0.34008,0.3336896171313041,825.4472421794064,0.1747359940486871,0,58.0
2037-08-27,35,54704,587,Employed,Master,13,14344,24,0,3,Mortgage,611,0.497735768158522,2,1,0.2163681717664459,0,Education,0,32,11,3682,1818,41569,13229,4558.666666666667,0.8817882520553365,6,28340,0.195844,0.1890976583946118,722.4325143375605,0.2925049387988214,1,42.400000000000006
2037-08-28,31,41690,565,Employed,Master,9,13542,72,0,4,Mortgage,266,0.3539801701020195,3,1,0.1885947937756782,0,Education,0,23,5,3921,415,18893,9693,3474.1666666666665,0.6287623258082318,3,9200,0.2460419999999999,0.2461420251296663,361.5839864042272,0.1806430279887437,0,53.0
2037-09-02,40,39392,630,Employed,Master,15,9537,60,Divorced,5,Own,544,0.2370186435293557,3,1,0.3121816736026316,0,Debt Consolidation,0,15,28,658,253,44407,8049,3282.6666666666665,0.8426315080113816,6,36358,0.199537,0.1801927507814475,242.2771296954976,0.2395239022224302,1,41.6
2037-09-04,18,84435,563,Self-Employed,Master,0,28627,36,Widowed,2,Mortgage,493,0.2705792304826399,4,0,0.452763146101395,0,Home,0,18,18,3420,1140,50323,162787,7036.25,0.7231871478492984,5,4259,0.232127,0.2500232096395113,1138.2396768377005,0.2318336723166033,0,58.0
2037-09-06,36,46601,513,Self-Employed,Master,11,11821,24,1,5,Mortgage,287,0.4280120471011924,4,2,0.2753445372268358,0,Home,0,19,22,1165,458,51864,15496,3883.4166666666665,0.839902289900146,7,36368,0.230321,0.2408490235507233,625.4902733676032,0.2349709937643234,0,57.0
2037-09-07,18,31710,551,Employed,Master,0,45720,12,Divorced,0,Own,525,0.5103517949702816,3,0,0.269382758392168,0,Education,0,25,18,496,575,16842,5726,2642.5,0.9550698263919598,8,11116,0.2352199999999999,0.2333653751577712,4308.598522534247,1.8291763566827808,0,54.0
2037-09-22,19,29732,609,Employed,Master,0,12026,72,1,3,Rent,672,0.488730474349605,4,0,0.2908643730706161,0,Education,0,19,29,2788,2700,197154,27277,2477.6666666666665,0.7454577045060198,4,169877,0.222526,0.2271826684294941,307.3152065017848,0.3952570455408791,0,48.0
2037-10-16,41,53698,612,Unemployed,Master,22,24354,24,1,2,Own,855,0.3859591912379305,3,1,0.2169683904495307,0,Home,0,31,26,2216,302,141491,137052,4474.833333333333,0.8801496079833173,3,4439,0.193354,0.2000915051767688,1239.6252473842103,0.4680901145035295,0,52.0
2037-10-27,28,47953,613,Employed,Master,9,9173,60,1,0,Rent,717,0.3171392947058675,5,1,0.2267224567247467,0,Home,0,28,22,17450,761,40233,75058,3996.0833333333335,0.5651110338352323,6,4128,0.207673,0.1925647490833692,239.24906354758232,0.2392965771186576,0,50.0
2037-11-11,48,44399,573,Employed,Master,26,31970,48,0,2,Mortgage,505,0.6312652792581669,0,1,0.2719124864131642,0,Home,0,27,20,286,503,49313,3441,3699.9166666666665,0.8365435420903117,5,45872,0.24047,0.2326458947241166,1029.325627733395,0.4146919419987104,0,55.0
2037-11-14,47,67261,588,Employed,Master,29,9798,60,Widowed,3,Rent,329,0.2647444260253548,2,0,0.4755711134948675,0,Home,1,23,1,307,2548,177924,10307,5605.083333333333,0.8877078328547384,3,167617,0.220798,0.2126285072911713,266.51960876818725,0.1062463434266253,1,49.6
2037-12-07,30,40508,597,Employed,Master,9,35085,72,1,2,Mortgage,257,0.5787961471224622,2,0,0.3681882699003787,0,Auto,0,13,21,2772,953,148467,37104,3375.6666666666665,0.7321481831748632,4,111363,0.251585,0.2755278792342175,1000.7821473404504,0.3726025912927175,0,52.0
2037-12-12,27,48493,499,Employed,Master,6,20415,48,1,3,Mortgage,458,0.1919603119620561,1,2,0.3468052184181868,0,Home,0,26,8,2053,488,101582,12625,4041.0833333333335,0.9614192683769562,3,88957,0.2659149999999999,0.3023968824931407,737.911065520793,0.295938234100788,0,53.0
2037-12-16,39,65548,568,Self-Employed,Master,14,36242,60,1,0,Mortgage,641,0.3082698788256511,4,0,0.4542279393681446,0,Home,0,24,27,425,236,57247,72956,5462.333333333333,0.8514505655453436,2,8236,0.2572419999999999,0.2637732699461566,1093.2130532359222,0.3174857606461077,0,59.0
2037-12-17,18,55421,596,Self-Employed,Master,0,9992,24,1,0,Mortgage,236,0.3284696996092364,6,2,0.2564534730727431,0,Auto,0,29,10,1168,164,31109,5717,4618.416666666667,0.9354495979114538,4,25392,0.186992,0.1879573844560692,502.6918458210248,0.1599448250636455,1,44.0
2037-12-27,32,122286,546,Employed,Master,8,12089,48,1,0,Rent,284,0.3070304511228932,4,1,0.0415472365267098,0,Education,0,23,14,779,246,29604,28359,10190.5,0.8480872996613713,2,1245,0.234089,0.2248333684409499,384.0562089855597,0.0655567645341798,1,38.400000000000006
2038-01-03,57,50023,639,Employed,Master,37,17079,24,1,3,Rent,297,0.4291796739081631,2,0,0.1564269076448196,0,Auto,0,23,23,2655,733,99002,13792,4168.583333333333,0.8884523199768357,3,85210,0.172579,0.192144250980916,862.7090905637974,0.2782022087193005,0,46.0
2038-01-05,28,68394,623,Employed,Master,4,12047,72,1,1,Mortgage,295,0.2257176933798821,4,3,0.095469540777542,0,Home,0,24,23,4037,919,247212,3799,5699.5,0.6305487850110533,7,243413,0.215547,0.2285360234162591,308.82832503096535,0.1059440872060646,1,34.4
2038-01-14,44,46734,548,Employed,Master,19,11318,60,0,1,Mortgage,447,0.6540068713439164,4,1,0.110860402741092,0,Education,1,19,19,704,752,34303,50907,3894.5,0.9818677538731544,5,1297,0.2423179999999999,0.2520061149968607,333.5307204137083,0.2004187239475435,0,59.0
2038-01-15,18,45262,551,Employed,Master,0,21381,96,1,2,Mortgage,192,0.3363292974501723,6,1,0.4226344541119871,0,Home,0,27,12,980,379,148230,39483,3771.8333333333335,0.8685730942939054,3,108747,0.280881,0.3043757000389842,596.1530127497913,0.2089575395032807,0,53.0
2038-01-20,45,28890,618,Employed,Master,22,13742,36,1,1,Other,836,0.0854807556561829,4,2,0.3160671548410577,0,Education,0,18,22,28786,774,121814,35561,2407.5,0.8403477537198272,3,86253,0.189742,0.2082566044044466,516.5015087054046,0.5617867118194827,0,50.0
2038-01-29,56,63887,673,Employed,Master,31,21617,48,1,1,Rent,312,0.1103614412301151,1,3,0.1505721049015748,0,Auto,0,27,7,421,641,23737,20740,5323.916666666667,0.9192590934162672,2,2997,0.180117,0.189313215137567,645.5676999682377,0.1798615117256852,0,44.0
2038-02-02,19,243967,552,Employed,Master,0,31067,12,1,0,Own,204,0.2181388975210856,2,0,0.0732285150028554,0,Home,0,26,10,6329,2112,12769,33073,20330.58333333333,0.9263141495981484,7,3268,0.220067,0.2230245476366634,2912.2207164500965,0.1532774866986156,1,38.400000000000006
2038-02-05,32,79475,619,Employed,Master,9,42160,12,0,4,Rent,329,0.1124688301188702,3,2,0.3196383510120431,0,Home,0,27,7,2115,397,61292,7454,6622.916666666667,0.7311747139774166,10,53838,0.19766,0.1716824814730506,3848.5594232895655,0.6307733636926679,0,49.0
2038-02-14,57,78839,606,Employed,Master,37,56054,36,1,1,Mortgage,405,0.3376279053614778,3,1,0.1143723841346239,0,Home,0,20,4,713,1716,65387,34588,6569.916666666667,0.7616571289936627,2,30799,0.238054,0.2520114840409037,2234.664910784076,0.4017805772448776,0,50.0
2038-02-27,52,71502,632,Employed,Master,28,23629,48,Divorced,1,Own,535,0.286079180786059,3,1,0.2648898330878849,0,Debt Consolidation,0,21,1,1258,294,28179,6840,5958.5,0.953759933078045,5,21339,0.202629,0.1900405444357512,706.560448027088,0.2083679530128536,0,53.0
2038-03-03,60,30567,653,Employed,Master,37,9335,72,0,0,Mortgage,824,0.3725518109060564,4,2,0.3924270590377436,0,Auto,0,26,17,835,118,105432,28025,2547.25,0.6401523022697212,7,77407,0.197835,0.2147653079130161,231.66063205756683,0.4144314975199006,0,47.0
2038-03-13,45,47416,538,Employed,Master,20,23000,36,1,1,Own,195,0.1904602004763655,5,1,0.1407801761780461,0,Education,0,25,28,1108,417,14491,21828,3951.3333333333335,0.6844302535863571,5,10718,0.239,0.2249492081059787,884.2802148442652,0.2731432971598443,0,50.0
2038-03-14,47,33943,632,Self-Employed,Master,24,22146,48,0,1,Own,402,0.4062609064510514,1,0,0.560671426391265,0,Auto,0,22,11,4240,1553,39054,9861,2828.583333333333,0.7342823574408744,4,29193,0.201146,0.2028832741839382,677.3175384707255,0.381575301583499,0,60.0
2038-03-24,43,50280,606,Employed,Master,23,14017,48,1,4,Other,876,0.3387752093996631,5,1,0.3795308884506698,0,Debt Consolidation,0,25,20,7540,1199,10491,51798,4190.0,0.7722282028364023,6,9051,0.206017,0.1759251077265109,408.7707281448248,0.3066278587457816,1,40.8
2038-03-25,45,36289,612,Employed,Master,20,22575,48,0,0,Mortgage,770,0.1703167227395242,5,0,0.2244261646777606,0,Home,0,23,5,1426,5393,14125,50855,3024.083333333333,0.8799417697607925,6,8124,0.211575,0.2100912904864534,699.1614160994402,0.485820413711959,0,51.0
2038-03-28,40,37888,634,Employed,Master,17,10006,60,1,0,Mortgage,434,0.5634623638635357,3,0,0.2700252993745535,1,Debt Consolidation,0,27,11,1550,865,87349,32744,3157.333333333333,0.84323133683186,2,54605,0.198006,0.1953640923152996,262.5233792002775,0.2206049554054933,0,61.0
2038-03-31,40,109322,631,Self-Employed,Master,22,15677,72,1,0,Rent,422,0.0293089778927812,2,1,0.6942669305001266,0,Home,0,15,2,453,915,38743,56260,9110.166666666666,0.8491651062203327,8,9450,0.215177,0.2223416180182426,396.0842265607781,0.0897990406206375,1,48.0
2038-04-06,32,61104,559,Employed,Master,11,27543,60,0,0,Own,776,0.1470406784719873,4,2,0.0964273066983338,0,Education,0,28,26,2976,920,85069,27914,5092.0,0.6980421319177904,4,57155,0.253043,0.2477758560504679,804.8360157296902,0.3104548341967184,0,47.0
2038-04-19,44,41641,629,Employed,Master,23,11788,72,1,2,Rent,801,0.0700562770536259,2,0,0.3127238843025195,0,Home,0,24,27,7719,602,353546,26792,3470.083333333333,0.8764228742512802,4,326754,0.212288,0.228138733306919,301.9081418473291,0.3178333301834237,1,36.0
2038-05-03,25,36049,617,Unemployed,Master,3,42005,48,0,0,Mortgage,908,0.6531996015397276,4,2,0.2162316887985925,0,Auto,0,22,2,5378,429,57012,12833,3004.083333333333,0.8444455277641721,1,44179,0.228505,0.2574785012541984,1410.3430614479096,0.7717306093754309,0,59.0
2038-05-06,40,226844,543,Employed,Master,20,52715,48,0,0,Mortgage,641,0.0894450149304605,2,2,0.3961480159311899,0,Home,1,30,26,3269,1506,330673,4003,18903.666666666668,0.8010896728443003,9,326670,0.276215,0.2289805878125752,1686.6504388738863,0.1231322197919567,1,40.8
2038-05-12,30,75192,585,Employed,Master,8,43361,24,Widowed,2,Mortgage,274,0.4882995185259306,6,0,0.3408491834717734,0,Debt Consolidation,1,23,18,1389,1112,61669,9135,6266.0,0.7351311241276711,6,52534,0.225861,0.2434410801707925,2299.997533704683,0.4107879881431029,0,59.0
2038-05-22,49,90955,599,Employed,Master,27,15394,36,1,3,Mortgage,604,0.210458739345373,4,1,0.550881331478486,0,Other,0,21,16,1513,3181,11739,34447,7579.583333333333,0.933228531717781,7,10607,0.200894,0.1784684888026333,555.3479991418474,0.1529566927568816,1,45.6
2038-05-25,36,143444,581,Employed,Master,14,14544,108,1,3,Rent,775,0.4844028412654861,2,0,0.2247075077346385,0,Education,1,20,24,20179,260,57826,12909,11953.666666666666,0.894136008421372,6,44917,0.269044,0.2684452576909649,358.1975303612816,0.0947991576108821,1,45.6
2038-05-27,45,18755,602,Employed,Master,27,30161,24,Divorced,0,Rent,703,0.578455239065909,6,3,0.0913598673468347,1,Auto,0,21,1,1733,1063,111963,16974,1562.9166666666667,0.9455027208486804,6,94989,0.2041609999999999,0.2040831558333197,1541.0911974930273,1.4358354769350214,0,64.0
2038-05-30,27,179627,633,Employed,Master,9,35370,48,1,2,Rent,438,0.3086893954770925,4,0,0.3723933424921498,1,Auto,0,20,15,1691,1445,23959,15966,14968.916666666666,0.6355941463517928,2,7993,0.21387,0.1811185814099443,1041.062282025786,0.0988089061461218,1,48.8
2038-05-31,27,26012,526,Employed,Master,5,28882,36,1,1,Mortgage,679,0.229544751739721,2,0,0.3140966894207476,0,Auto,0,41,11,1776,660,69926,8278,2167.6666666666665,0.8047312621996918,5,61648,0.250882,0.3010584,1227.7613473743747,0.8796377121517953,0,54.0
2038-06-07,25,40416,541,Employed,Master,2,6545,12,1,0,Other,399,0.1120951038255965,5,1,0.1397358736914975,0,Debt Consolidation,1,22,6,1111,550,34324,19571,3368.0,0.5936946444842046,3,14753,0.201045,0.2119262235394304,610.0348749834701,0.2995946778454483,0,58.0
2038-06-09,65,86208,564,Employed,Master,40,22411,36,Divorced,2,Own,308,0.2340134927063707,2,0,0.3747664639756159,1,Auto,0,20,2,221,435,75748,13451,7184.0,0.5312435521515961,6,62297,0.225411,0.2363025204518666,874.9025175510491,0.1646579228216939,0,67.0
2038-06-14,47,46082,590,Employed,Master,26,28842,48,0,1,Rent,696,0.2210759551365566,1,1,0.5305759287575862,0,Education,0,26,24,1029,1600,106837,7213,3840.1666666666665,0.8865143183067975,4,99624,0.228842,0.253775887428372,962.4019778305098,0.4318567712765531,0,57.0
2038-06-15,51,79289,595,Employed,Master,28,13974,24,0,0,Mortgage,760,0.1013814500571038,3,0,0.1979108252350939,0,Home,0,19,4,8446,1082,645423,57126,6607.416666666667,0.8191125405877581,7,588297,0.191474,0.1906395510010166,704.8443028090306,0.221696977307172,1,35.2
2038-07-02,45,67897,643,Unemployed,Master,25,13031,120,1,0,Rent,610,0.1458069656910433,0,2,0.2535116435034153,0,Debt Consolidation,0,20,27,1689,368,93234,1933,5658.083333333333,0.806088573076898,7,91301,0.246531,0.2181963903217759,267.7482990150391,0.155131737605203,1,39.2
2038-07-04,49,41599,523,Employed,Master,26,42308,60,1,1,Rent,472,0.2618966798777183,1,1,0.1227644837367915,0,Home,0,15,19,4572,903,15929,3381,3466.583333333333,0.9505302111626788,5,12548,0.285808,0.29179382758146,1347.5591533774111,0.5248854501437279,0,51.0
2038-07-08,40,63101,646,Employed,Master,19,13633,12,1,3,Rent,334,0.5228424691491859,2,1,0.1905065215263433,0,Debt Consolidation,0,15,6,3248,8153,32190,15655,5258.416666666667,0.7754881646183489,4,16535,0.155633,0.1741526036605793,1246.0826124120067,0.3004863845096603,1,40.0
2038-07-15,60,57130,552,Unemployed,Master,39,33918,48,1,0,Rent,195,0.1296331586466018,3,0,0.1897031724143767,0,Education,0,25,4,828,2854,410686,17533,4760.833333333333,0.9330666014573924,2,393153,0.252918,0.2511782128102576,1126.8535114902274,0.2776517090474835,0,49.0
2038-07-23,30,32558,640,Employed,Master,11,45365,96,1,4,Mortgage,1058,0.0192105199320235,1,0,0.0190608132010595,0,Home,0,32,3,9481,937,120158,259541,2713.1666666666665,0.8613347945262736,3,8506,0.260365,0.2194110836725661,1006.1682610329884,0.7607967053380387,0,50.0
2038-07-25,60,102986,580,Employed,Master,37,11092,48,0,0,Own,243,0.1991559935211376,2,1,0.0718067811037694,0,Home,0,20,1,3125,2618,43640,7534,8582.166666666666,0.9342187370448984,8,36106,0.216092,0.2210062338109799,350.0716296175702,0.0691051167674328,1,41.6
2038-08-08,39,41531,657,Unemployed,Master,18,12404,24,1,4,Other,307,0.2683708801474858,2,2,0.1574294258002811,0,Auto,0,22,13,662,1410,207854,4704,3460.9166666666665,0.7550217013443267,4,203150,0.158904,0.1459495939728838,599.0440931126069,0.2617930971407209,1,35.2
2038-08-16,41,25412,563,Employed,Master,18,27155,24,Widowed,1,Mortgage,476,0.0869620871646262,5,1,0.1015210553853611,0,Debt Consolidation,0,17,25,2198,662,38183,50673,2117.6666666666665,0.89227587716822,7,10801,0.2206549999999999,0.2488862270777321,1447.786599220837,0.9084463714249192,0,51.0
2038-08-28,52,56393,606,Self-Employed,Master,31,25117,60,1,0,Own,1850,0.2174280654471918,3,1,0.3865253152237433,0,Debt Consolidation,0,21,25,2477,531,484392,36830,4699.416666666667,0.7537777743647994,4,447562,0.227117,0.2090230213003381,678.1195981229132,0.5379645554851658,1,38.400000000000006
2038-09-07,50,71942,597,Employed,Master,29,16123,36,0,2,Mortgage,247,0.3991510773012843,2,0,0.1906289883418008,0,Debt Consolidation,0,24,1,3384,876,29993,52058,5995.166666666667,0.6206149192543964,5,7097,0.202623,0.214582774916912,611.2354073247467,0.1431545534999994,0,54.0
2038-09-16,50,92219,619,Employed,Master,28,17815,36,Divorced,0,Mortgage,471,0.5158101795108887,2,0,0.2705424111879189,0,Auto,0,21,28,1855,956,54707,24987,4228.333333333333,0.8511117816224311,7,29720,0.193315,0.1725476028496151,637.414403399818,0.2621397879542336,1,39.2
2038-10-02,22,31055,471,Unemployed,Master,0,26622,36,1,0,Rent,462,0.1233251881030621,2,2,0.1974649241732963,0,Auto,0,27,22,5709,1461,76952,19911,2587.9166666666665,0.5777577958232869,3,57041,0.276122,0.302182051141047,1133.3299597781972,0.6164533736061301,0,51.0
2038-10-04,48,111361,542,Unemployed,Master,23,40020,60,0,3,Mortgage,636,0.0867834653950251,4,2,0.219309595657429,0,Home,0,28,18,4784,541,86716,9059,9280.083333333334,0.9286480064115064,4,77657,0.27402,0.2723679289890445,1227.6940895695768,0.2008273010734002,1,40.8
2038-10-13,29,18827,473,Employed,Master,8,9443,48,0,1,Mortgage,640,0.1132970443037036,5,1,0.1671145145617026,0,Auto,0,23,16,2111,1180,38143,15026,1568.9166666666667,0.9639813032378326,3,23117,0.267943,0.2893821371925,334.1979669060102,0.620936718695072,0,51.0
2038-10-16,38,74351,625,Self-Employed,Master,17,14358,60,1,0,Rent,375,0.4768347659372354,2,1,0.2413263547825989,0,Education,0,22,11,4066,840,108952,25735,6195.916666666667,0.9284404326933096,4,83217,0.206858,0.1742406546523037,360.1153296095386,0.1186451285835357,1,40.8
2038-11-20,20,129322,620,Employed,Master,0,36381,72,0,2,Rent,410,0.2321779615080334,2,1,0.5613540625083543,0,Auto,0,38,2,1461,726,73172,29200,10776.833333333334,0.7958650026872228,6,43972,0.241381,0.2591525259501216,1000.5322957496068,0.13088559989016,0,57.0
2038-11-21,44,109619,533,Employed,Master,21,34576,84,1,1,Rent,500,0.3295530662681246,2,1,0.3662069078387982,0,Education,0,27,13,2134,1530,98391,51168,9134.916666666666,0.779712383043257,8,47223,0.293076,0.2821199608841227,947.4059128591322,0.1584476318367216,1,42.400000000000006
2038-11-27,34,56738,533,Unemployed,Master,10,12443,48,1,0,Mortgage,389,0.4805472652839574,4,3,0.3414476625024225,0,Debt Consolidation,0,20,10,1128,4100,104966,28738,3034.4166666666665,0.9739499757857728,3,76228,0.240943,0.2255921419917465,395.81748836977073,0.2586386691686279,0,56.0
2038-12-05,40,37689,539,Employed,Master,19,9281,60,Widowed,1,Rent,352,0.2069444627298842,5,2,0.2755860686248486,0,Home,0,28,3,1542,538,45967,11758,3140.75,0.9444803553820456,5,34209,0.244781,0.2672687231580187,281.88524760890255,0.2018260758127525,0,56.0
2038-12-07,33,111378,628,Employed,Master,9,23610,60,0,3,Rent,303,0.1153438878523223,3,0,0.4971389665327617,0,Home,1,29,13,2167,450,11693,51206,9281.5,0.6991580592447074,2,6103,0.21461,0.2198918975320938,651.9374060389275,0.1028861074221761,0,57.0
2038-12-17,35,22637,536,Employed,Master,15,12668,36,Widowed,0,Rent,791,0.0651616067835101,4,1,0.3419912145570913,0,Auto,0,32,6,23642,743,24385,32644,1886.4166666666667,0.8967840587546931,4,5982,0.229668,0.2049790568658855,474.0082499007498,0.6705879312103635,0,57.0
2038-12-22,56,29734,669,Employed,Master,34,5660,60,Widowed,4,Rent,241,0.4002216416965419,7,2,0.439598854508976,0,Auto,0,30,18,807,356,36474,39231,2477.833333333333,0.5556924716003674,5,4067,0.1761599999999999,0.1834848897913386,144.8019600795999,0.1557013358766125,0,53.0
2039-01-01,48,30992,518,Employed,Master,26,8526,36,0,3,Rent,478,0.1049383581072564,7,1,0.7707879193166312,0,Education,0,25,22,2450,425,56442,7264,2582.6666666666665,0.9653511609593324,4,49178,0.234526,0.196565857966982,315.3668153530222,0.3071890095584753,1,46.400000000000006
2039-01-05,29,44051,591,Unemployed,Master,7,31783,60,1,5,Mortgage,433,0.2206809411277698,5,0,0.3546151373447251,0,Debt Consolidation,0,25,1,609,1481,69158,7991,3670.9166666666665,0.955000692097201,6,61167,0.241283,0.2528869763530356,938.2601395204224,0.3735470630461299,0,60.0
2039-01-06,31,21065,570,Employed,Master,9,17686,48,1,1,Own,441,0.140284882435055,4,0,0.3971709081221251,0,Debt Consolidation,0,20,5,267,11856,61850,44281,1755.4166666666667,0.944225075156719,3,17569,0.227686,0.2252146023573788,562.235398631921,0.5715084160257798,0,57.0
2039-01-12,30,58862,586,Employed,Master,10,21849,60,0,4,Mortgage,207,0.3600448040268759,1,2,0.5624857670815667,0,Auto,1,14,25,5554,1908,79417,20596,2594.083333333333,0.5986520436173736,7,58821,0.233849,0.2454119347208259,635.433417391786,0.3247518715249906,0,62.0
2039-01-14,58,102553,651,Employed,Master,36,30768,60,1,1,Own,979,0.2178921033383672,3,1,0.4270369100941525,0,Auto,0,30,6,1164,566,180200,149670,8546.083333333334,0.6300533412708905,4,30530,0.210268,0.1922201788333019,801.9022893700537,0.2083881258709218,1,40.8
2039-01-16,50,50226,579,Employed,Master,28,29227,72,0,1,Mortgage,444,0.3591174968509303,5,1,0.3121978269570602,1,Auto,0,19,16,2308,2986,91973,44918,4185.5,0.7407453906831346,5,47055,0.254727,0.280742367438091,843.3093620846198,0.3075640573610368,0,66.0
2039-01-19,37,66498,541,Employed,Master,15,19238,120,1,3,Mortgage,760,0.3555968165964567,2,1,0.17938960343183,0,Auto,0,30,19,5676,2182,56891,20462,5541.5,0.7121787262809919,5,36429,0.303738,0.2518228729030326,440.1257535083728,0.2165705591461468,1,40.0
2039-01-22,32,26835,647,Employed,Master,11,13179,36,1,1,Rent,158,0.2047037476970077,1,0,0.0516766292066162,0,Home,0,25,21,426,1243,27027,57165,2236.25,0.4803933212108516,1,1850,0.174679,0.158825548114663,462.57074382902033,0.2775050838810599,0,49.0
2039-01-29,45,84809,556,Employed,Master,24,40346,84,0,0,Rent,764,0.0826767401614601,4,0,0.2367474629861542,0,Education,0,18,21,8501,916,32648,79315,7067.416666666667,0.8268762202978045,3,7155,0.287346,0.280316029994499,1100.7004256370417,0.263844699355546,0,50.0
2039-02-01,26,23952,615,Employed,Master,5,9616,84,0,4,Rent,391,0.4280701378655662,4,0,0.6080555539826566,0,Auto,0,25,5,9087,1309,52452,10054,1996.0,0.8658682728189968,3,42398,0.2271159999999999,0.2509660301207769,243.99094073115464,0.3181317338332438,0,60.0
2039-02-15,48,163396,464,Employed,Master,22,25617,24,1,1,Mortgage,604,0.4606670616331554,5,0,0.2661504164101629,1,Home,1,15,18,11995,1688,24180,13011,13616.333333333334,0.6274048402688966,9,11169,0.268617,0.3061273411278407,1440.410807994041,0.1501440041122701,0,69.0
2039-02-27,20,15000,500,Employed,Master,0,17524,24,0,4,Mortgage,149,0.435773286698643,4,2,0.4659082041480054,0,Education,1,24,17,1113,7664,9363,43947,1250.0,0.7667204875321354,0,3746,0.242524,0.2568002556607031,941.272218958566,0.8722177751668528,0,65.0
2039-03-10,42,86273,613,Employed,Master,18,15395,36,1,2,Rent,456,0.4774909087948831,3,2,0.0691758626090388,1,Debt Consolidation,0,19,2,1892,5922,173019,11332,7189.416666666667,0.7891596066296753,6,161687,0.1938949999999999,0.155692347680544,537.9741752796604,0.1382551911183791,1,47.2
2039-03-18,57,77194,641,Employed,Master,35,15096,36,1,1,Rent,400,0.3655629890893554,5,1,0.3145116006334286,0,Other,0,24,9,1721,582,113596,13559,6432.833333333333,0.7837506017748215,6,100037,0.179596,0.1700274054480371,538.2341647869906,0.1458508430375921,1,38.400000000000006
2039-03-19,43,26536,586,Employed,Master,18,28220,36,0,1,Own,630,0.2459767800956811,1,0,0.1979865829465865,0,Other,0,23,28,8923,4617,44930,56205,2211.333333333333,0.6760949348991305,7,8363,0.22022,0.2570963996629775,1132.640926785524,0.7970941785282742,0,52.0
2039-03-24,49,59409,624,Employed,Master,27,23206,72,0,3,Mortgage,113,0.0278147852892469,3,0,0.1352184381158165,0,Auto,0,23,11,9502,308,50376,22542,4950.75,0.8883512768928532,4,27834,0.226206,0.1879765434570391,539.7952313838467,0.1318578460604649,1,36.8
2039-03-31,24,50344,535,Employed,Master,0,20937,60,0,3,Other,181,0.5299179904789211,2,3,0.3198669367230604,0,Auto,0,19,2,5430,591,107764,30686,4195.333333333333,0.6592751088548355,6,77078,0.258437,0.2095896507799042,565.9330085823998,0.1780390136458922,0,57.0
2039-04-02,48,35644,592,Employed,Master,24,20900,36,1,2,Mortgage,371,0.510170263309544,3,1,0.3264623186729423,0,Other,0,26,7,763,3348,8881,5929,2970.333333333333,0.8322659255058886,4,2952,0.2099,0.2305800737371726,809.6651990101111,0.397485758840796,0,57.0
2039-04-03,27,31075,540,Employed,Master,3,24733,36,Divorced,3,Rent,256,0.238914876525844,8,0,0.2382306919466134,0,Home,0,34,12,2155,400,56407,5867,2589.583333333333,0.9001716250158524,4,50540,0.239733,0.2195296152688131,943.9627212162616,0.463380616398878,0,51.0
2039-04-10,53,97733,596,Employed,Master,29,19137,60,0,1,Mortgage,376,0.2373907763942111,2,1,0.4092465779803765,0,Home,0,33,3,1139,2015,298696,16362,8144.416666666667,0.9322082381974692,7,282334,0.2261369999999999,0.234778494429498,544.7479203001711,0.1130526541045711,1,41.6
2039-04-13,36,19170,522,Employed,Master,12,15714,36,0,3,Own,260,0.0265614718117982,3,0,0.4058009957457235,0,Debt Consolidation,1,29,24,10536,428,85087,9246,1597.5,0.8813200648322371,6,75841,0.239714,0.2538147699692857,627.9607022067808,0.5558439450433682,0,61.0
2039-04-15,49,64447,569,Employed,Master,26,30217,36,0,1,Own,221,0.2274393747367008,0,0,0.5469696729288674,0,Home,1,21,2,3877,1659,13643,17775,5370.583333333333,0.713660569878087,4,4842,0.230717,0.2695753622124088,1232.9272460452537,0.2707205448282006,0,68.0
2039-04-22,52,41697,610,Unemployed,Master,31,11302,36,1,2,Other,472,0.2316020336823804,4,1,0.248407331376293,0,Debt Consolidation,0,19,14,679,584,67946,40267,3474.75,0.928846592513367,3,27679,0.191302,0.202215419645836,421.299693508933,0.2570831551935917,0,53.0
2039-05-06,54,69038,608,Employed,Master,29,18058,36,0,2,Own,130,0.4426100488206317,3,0,0.2092526169191269,0,Auto,1,28,16,3853,2950,23343,28554,5753.166666666667,0.8180964195065259,5,6569,0.1990579999999999,0.2022582136100324,673.1795828812686,0.1396065209678035,1,44.8
2039-05-09,41,43533,597,Employed,Master,19,15676,36,1,1,Rent,319,0.6433470815786816,1,2,0.5012295678862955,0,Auto,0,27,6,34288,1270,62448,58972,3627.75,0.962115610811641,5,3476,0.202176,0.195234475558305,578.7769299387417,0.2474748618120713,0,63.0
2039-05-14,42,69669,643,Employed,Master,22,70241,12,Divorced,0,Mortgage,320,0.4340350308185436,1,0,0.1051478838581535,0,Debt Consolidation,0,32,17,4004,1509,68862,9851,5805.75,0.928819150279502,6,59011,0.213741,0.2048575917022184,6523.081300788115,1.178673091467617,0,46.0
2039-05-19,59,56047,584,Employed,Master,35,22224,72,0,0,Rent,643,0.2912574736095964,4,1,0.3908632100778522,0,Home,0,26,29,1551,904,152656,19710,4670.583333333333,0.7148354892200273,9,132946,0.245224,0.240467558980229,585.718437256963,0.2630760120449544,0,50.0
2039-05-27,33,36314,639,Employed,Master,10,13082,36,0,1,Mortgage,265,0.1208806702126405,1,1,0.1054043236489163,0,Debt Consolidation,0,21,3,8656,1624,71019,4977,3026.1666666666665,0.6595833405799979,8,66042,0.178582,0.1482512723263553,452.3723396709204,0.2370564541513203,1,38.400000000000006
2039-06-04,51,170964,642,Employed,Master,30,30676,60,0,0,Own,162,0.3235328902273904,3,0,0.3753195896886103,0,Auto,0,18,7,441,1950,20782,10159,14247.0,0.9609912809472596,9,10623,0.214676,0.2271649180846712,859.7815115445432,0.0717190644728394,1,40.0
2039-06-09,26,47060,580,Self-Employed,Master,1,31673,36,0,0,Rent,670,0.4966863099108347,5,4,0.229430983094633,0,Home,0,23,1,5438,756,109447,15873,3921.6666666666665,0.6072679081835891,4,93574,0.226673,0.2720076,1296.4707948496502,0.5014375167487422,0,59.0
2039-06-24,59,197285,557,Employed,Master,36,12834,60,1,1,Own,130,0.2614191842991502,1,1,0.060151081991135,0,Auto,0,19,7,208,2028,128390,32207,16440.416666666668,0.8289244150327113,4,96183,0.239334,0.2197058001609797,354.24647300159984,0.0294546350509121,1,37.6
2039-06-25,57,60885,586,Employed,Master,34,29505,48,1,0,Rent,834,0.0720917211510448,3,1,0.1980840109809752,0,Debt Consolidation,0,27,7,7613,1448,47376,21841,5073.75,0.4678412711670785,9,25535,0.231505,0.2252093046615614,937.9511836674292,0.3492389620433465,0,50.0
2039-06-27,40,25593,530,Self-Employed,Master,16,33071,24,1,0,Rent,460,0.5679018718753253,2,0,0.2884387622718661,0,Debt Consolidation,0,23,5,3618,4630,213439,31353,2132.75,0.8489890174646639,4,182086,0.243071,0.2702021887346545,1798.7475553384122,1.0590775080709938,0,56.0
2039-06-28,32,26437,548,Self-Employed,Master,12,72005,60,1,0,Other,577,0.2369454008045451,3,2,0.4057749393685592,0,Other,0,27,29,2242,1834,13801,13655,2203.083333333333,0.7578381899133186,7,9950,0.3030049999999999,0.3225470978022414,2430.304140566475,1.365043298664663,0,61.0
2039-07-11,41,168398,576,Employed,Master,22,37141,120,1,0,Rent,166,0.171259251346294,4,1,0.28280936185801,0,Auto,0,22,25,10008,2283,14182,145169,14033.166666666666,0.8819920165144252,3,5347,0.304141,0.2986731500543504,975.4652815463736,0.0813405347958793,1,39.2
2039-07-12,23,71417,529,Employed,Master,0,17889,60,Widowed,1,Mortgage,399,0.3888326328926085,1,2,0.3451166036587524,0,Other,0,23,10,19717,1625,95310,14820,5951.416666666667,0.6996175255860815,5,80490,0.258389,0.2644053432779414,540.2804533732447,0.1578246837654751,0,52.0
2039-07-20,58,25719,603,Employed,Master,36,52962,48,1,2,Other,264,0.0921385108627428,2,1,0.0708796000085827,0,Home,0,23,4,1166,1850,10112,13813,2143.25,0.761642249914274,3,7347,0.246462,0.2387710454171397,1723.0620973251298,0.927125672378458,0,51.0
2039-07-21,62,110502,623,Employed,Master,40,20536,72,0,0,Rent,472,0.243059051546979,3,1,0.2170857428189181,0,Education,1,26,17,370,127,31186,11804,9208.5,0.8503958307167573,7,19382,0.224036,0.2039749679440855,496.6383941013554,0.1051895959278227,1,43.2
2039-07-26,32,63742,478,Unemployed,Master,11,27785,108,Divorced,0,Mortgage,278,0.647405302952387,4,0,0.4718296603794335,0,Home,0,29,5,560,5484,30544,286392,5311.833333333333,0.8147941241938021,4,5953,0.333785,0.400542,954.9619132720508,0.2321160766725959,0,63.0
2039-08-08,36,15000,618,Employed,Master,12,17867,36,1,1,Mortgage,806,0.0270389944503673,2,0,0.4130927583588342,0,Debt Consolidation,0,19,9,2251,429,14562,83080,1250.0,0.8505474412707325,6,9703,0.193867,0.2157747383137468,678.4495542761794,1.1875596434209434,0,55.0
2039-08-11,25,92865,623,Employed,Master,3,37147,48,0,0,Mortgage,475,0.2760846640643148,6,2,0.2002633089390232,0,Home,0,16,2,3708,4256,83859,10995,7738.75,0.6620302011645742,4,72864,0.220647,0.2251768023043984,1180.8211963319188,0.2139649421847092,0,50.0
2039-08-14,33,59505,503,Employed,Master,9,36350,48,0,0,Rent,500,0.1158695111915679,1,2,0.2048396000709205,0,Education,0,18,11,1647,6122,7769,13372,4958.75,0.8600499186128073,5,6017,0.27985,0.2871361075977237,1281.7621954982208,0.3593168027221015,0,51.0
2039-08-15,55,30387,581,Self-Employed,Master,33,38407,72,1,2,Rent,281,0.5371203442928643,3,2,0.2610585122548741,0,Auto,0,30,25,3057,419,140346,8085,2532.25,0.8521811132833533,3,132261,0.262907,0.2688757147126879,1079.5014540583552,0.5372698011880167,0,53.0
2039-08-16,38,34039,643,Employed,Master,18,60832,48,1,4,Rent,581,0.2378630546053845,2,1,0.1451818934006672,0,Education,0,26,12,16820,679,130474,16125,2836.583333333333,0.9320271562880764,5,114349,0.234332,0.2154309992622977,1901.5202815303,0.8751797461254324,0,44.0
2039-08-18,34,46033,618,Employed,Master,12,11405,72,Divorced,2,Mortgage,376,0.1925222450409446,2,0,0.0062696394685553,0,Auto,0,19,5,5020,5643,33665,34922,3836.0833333333335,0.6384135021707295,6,8236,0.217405,0.2399419427163017,300.2173098967804,0.1762780552812409,0,49.0
2039-08-19,22,67177,606,Employed,Master,0,16165,60,Widowed,1,Rent,564,0.3708951026838304,5,1,0.3786513957929843,0,Debt Consolidation,0,27,14,1016,462,280231,5429,5598.083333333333,0.9238976970867868,3,274802,0.218165,0.2174891368766494,444.1550699499463,0.1800893287791856,1,36.0
2039-08-24,39,78371,558,Self-Employed,Master,18,35354,36,0,4,Own,383,0.3796910599853947,6,1,0.111702651540464,0,Home,0,30,27,1123,436,11405,5554,6530.916666666667,0.7417646883846001,0,5851,0.2413539999999999,0.2283550821355401,1365.5143174118737,0.26772877478841,1,42.400000000000006
2039-09-08,55,46073,584,Unemployed,Master,27,50439,36,0,1,Mortgage,178,0.2825139993689582,3,1,0.2766095148722141,0,Other,0,16,1,5636,1569,54203,30072,3839.4166666666665,0.7546543916102599,3,24131,0.243439,0.2557752746094425,2020.8844125182457,0.5727131497887906,0,60.0
2039-09-16,43,105453,610,Employed,Master,23,52572,60,0,2,Rent,371,0.3236407452261715,1,0,0.4045405714247518,0,Other,0,21,6,3084,1278,52610,11561,8787.75,0.4650659038259918,5,41049,0.252572,0.2688093772261795,1601.5641992707515,0.2244674915957727,0,54.0
2039-09-20,37,42636,639,Unemployed,Master,13,22838,120,0,1,Rent,391,0.1557214516214117,2,1,0.1954556979536709,0,Auto,0,29,17,1538,3656,41267,29824,3553.0,0.9068246410930378,5,11443,0.258338,0.272647379464946,556.4406085781953,0.2666593325578934,0,50.0
2039-09-24,18,55476,621,Employed,Master,0,33563,96,1,2,Rent,117,0.2258835965778642,2,0,0.5888903097920829,1,Other,0,24,12,1568,1486,17917,1654,4623.0,0.5679238141901385,4,16263,0.258063,0.2556771352942003,823.9848438438415,0.2035442015669135,0,67.0
2039-09-28,18,45561,628,Employed,Master,0,12153,48,1,1,Own,294,0.1857144067543569,1,1,0.3984685874104899,0,Debt Consolidation,0,24,14,391,1282,25623,49344,3796.75,0.8047276338842958,3,3222,0.193153,0.1998117606479619,369.69831853669416,0.1748069581975885,0,51.0
2039-09-29,43,106844,531,Employed,Master,21,24712,60,1,2,Rent,370,0.2490780324918904,2,0,0.3788357909624621,0,Auto,0,24,15,17351,2229,19580,17247,8903.666666666666,0.6167533557625625,1,2333,0.264212,0.3115993913238389,817.2130395125217,0.13333978954504,0,53.0
2039-10-02,44,253359,641,Employed,Master,19,15909,48,Divorced,0,Mortgage,194,0.3371571871533195,5,0,0.0969791300385368,0,Other,0,41,28,14103,334,35498,84886,21113.25,0.8596289940171142,2,10864,0.190409,0.1602239524491182,451.0480209019428,0.0305518108724115,1,36.0
2039-10-04,53,27989,613,Employed,Master,33,24040,84,1,0,Other,405,0.3079892271469653,5,3,0.2168885481802457,0,Debt Consolidation,1,22,28,4270,1309,314073,10163,2332.4166666666665,0.668889002848244,6,303910,0.24254,0.2320597918077574,581.1929188567786,0.4228202160234858,0,51.0
2039-10-05,49,30675,522,Employed,Master,23,12441,48,0,1,Rent,156,0.2537517727600669,3,0,0.2902876936115657,0,Other,0,31,5,20431,1260,31104,7404,2556.25,0.8731709524103041,5,23700,0.246441,0.2432758613368701,407.8558031163768,0.2205792872826902,0,55.0
2039-10-06,51,36378,625,Employed,Master,33,45896,48,0,3,Rent,356,0.1661261881187067,7,1,0.1242065271511154,0,Other,0,27,27,23380,2338,31153,7661,3031.5,0.850566495450211,2,23492,0.228396,0.2139198992778017,1430.89591751112,0.5894428228636385,0,47.0
2039-10-19,59,86781,605,Self-Employed,Master,38,33859,108,1,0,Mortgage,877,0.0532959649449083,2,2,0.0435313522040255,0,Other,0,21,5,2396,1141,76770,59473,7231.75,0.7411180919963023,4,17297,0.276359,0.2756069184486899,850.8984920251877,0.2389322766999948,0,50.0
2039-10-27,53,170454,669,Employed,Master,31,24121,48,1,2,Own,281,0.2929523771545716,1,1,0.2337294678707331,1,Education,1,25,20,5716,1653,223336,2762,14204.5,0.984908298801467,5,220574,0.184621,0.1557945970722749,678.411877607741,0.0675428123205843,1,46.400000000000006
2039-10-30,32,25149,530,Self-Employed,Master,10,44946,48,0,5,Rent,476,0.8622049190687032,2,1,0.3634104331409867,0,Debt Consolidation,0,18,8,1283,945,36597,12937,2095.75,0.7487301470307275,6,23660,0.2749459999999999,0.2614088216722491,1519.022713225093,0.9519373557080248,0,63.0
2039-11-01,40,33603,597,Employed,Master,13,22098,120,Divorced,0,Other,1124,0.3662621960222576,1,1,0.3157537829474087,0,Debt Consolidation,0,22,1,430,1148,45881,2382,2800.25,0.9379104123733102,4,43499,0.278598,0.2997655099720755,582.1601966314233,0.6092885266070612,0,59.0
2039-11-05,41,27616,571,Employed,Master,18,27826,96,0,3,Mortgage,772,0.2371444810126332,2,0,0.3180191683573981,0,Home,0,22,5,918,267,32858,60358,2301.333333333333,0.8609170297130248,7,9697,0.277326,0.2832384490337984,735.070117173952,0.6548682432679397,0,58.0
2039-11-21,31,80728,477,Employed,Master,8,12547,60,1,3,Own,354,0.270892266530322,6,1,0.2791737270741816,0,Education,0,22,16,4622,508,63695,13967,6727.333333333333,0.932325235774498,6,49728,0.279047,0.2978409317650506,404.2756801248696,0.1127156396974833,1,40.8
2039-12-01,55,64783,633,Unemployed,Master,29,18551,72,1,2,Rent,537,0.0890827475968435,2,1,0.5263031238489762,0,Debt Consolidation,0,26,26,2040,727,92503,25668,5398.583333333333,0.8921431764774644,4,66835,0.217051,0.204470618483041,449.16927974754617,0.1826718638681529,0,55.0
2039-12-26,40,35672,639,Employed,Master,19,20227,24,1,0,Other,1016,0.5331867948660317,2,3,0.0848677644809118,0,Debt Consolidation,0,25,1,3272,1280,7529,5633,2972.6666666666665,0.866155118148703,6,1896,0.175727,0.1598783164712937,990.259237654628,0.6749021880425975,0,53.0
2040-01-06,37,36874,628,Employed,Master,13,29386,60,1,5,Mortgage,391,0.2090627567778903,3,1,0.0767694882559155,0,Auto,0,25,29,1184,214,119314,8262,3072.833333333333,0.8117120696580065,6,111052,0.220386,0.2393953567948261,844.3444331544046,0.4020212940785609,0,44.0
2040-01-07,37,42547,522,Unemployed,Master,14,17507,36,1,3,Rent,314,0.3852954001126771,5,3,0.230513400753631,0,Auto,0,25,9,2538,2258,14174,10038,3545.583333333333,0.8323249750931124,10,4136,0.241507,0.2383220658482739,685.3081156365213,0.2818458971875398,0,57.0
2040-01-10,51,67006,626,Self-Employed,Master,28,12636,24,1,2,Other,377,0.1805162637690305,4,0,0.401455539066727,0,Debt Consolidation,0,21,12,4937,651,49735,22378,5583.833333333333,0.8340621127409209,4,27357,0.174636,0.1771899439815331,629.1266274234844,0.1801856479879684,1,44.0
2040-01-16,27,22067,565,Self-Employed,Master,1,26047,48,0,2,Mortgage,562,0.2457904786701333,4,0,0.3668194426474965,0,Auto,1,22,27,13224,713,23539,9161,1838.9166666666667,0.5963920745896952,1,14378,0.2385469999999999,0.2626957829054474,882.189733684577,0.7853481127572812,0,65.0
2040-01-21,45,60277,616,Employed,Master,22,44224,60,1,2,Other,299,0.5267628237404804,6,0,0.2977986654332822,0,Debt Consolidation,0,17,21,2004,2670,111665,29731,5023.083333333333,0.7349236031164074,4,81934,0.241224,0.2423005017419256,1278.146604083673,0.313979780828576,0,48.0
2040-02-01,53,141715,669,Self-Employed,Master,31,14153,84,0,0,Other,407,0.2092776984483303,7,1,0.4150369397803373,0,Auto,0,25,16,1810,937,47329,50818,11809.583333333334,0.6399448647073991,6,3561,0.204653,0.2245878182214666,335.56814575210853,0.0628784373497886,1,40.8
2040-02-02,51,64908,479,Employed,Master,27,16422,60,1,2,Own,640,0.1018033389915328,1,0,0.3082773668729,0,Auto,0,23,11,4553,2477,54866,21681,5409.0,0.8413202901758984,6,33185,0.281922,0.2597044358079928,491.3950776476332,0.209168991985142,1,42.400000000000006
2040-02-04,35,73658,600,Employed,Master,15,21352,36,1,3,Mortgage,945,0.0669241017992924,1,0,0.2951058560392982,0,Home,0,26,23,929,569,183306,34461,6138.166666666667,0.9831411893414126,6,148845,0.206352,0.2255982729124216,821.6394084628685,0.2878122254412883,1,35.2
2040-02-10,41,92470,597,Employed,Master,20,24847,24,1,2,Rent,463,0.1571263289393427,5,0,0.4030144138468777,0,Education,1,26,15,5271,542,54344,16375,7705.833333333333,0.7696242619515364,5,37969,0.201347,0.1993506912181861,1263.8200031547844,0.2240925709728281,1,48.0
2040-02-11,39,112778,549,Employed,Master,20,8899,60,Divorced,0,Rent,1676,0.2305455026057701,2,4,0.3908594630862542,0,Debt Consolidation,0,34,6,2131,2902,240019,77803,9398.166666666666,0.9056055350567476,3,162216,0.2393989999999999,0.2496395169865863,261.0093902422269,0.2061050265380369,1,40.8
2040-03-01,71,99091,703,Employed,Master,48,16878,48,1,2,Mortgage,298,0.324962291540459,3,2,0.1532877386280849,0,Auto,1,26,5,4341,1381,578726,2407,8257.583333333334,0.8908360018210523,5,576319,0.160378,0.1408674134105955,461.9510043944858,0.0920306794031125,1,32.0
2040-03-03,53,157040,601,Self-Employed,Master,32,30956,48,1,4,Own,368,0.1428646256148118,2,0,0.6405596077716178,0,Education,0,26,22,11420,5516,245588,52240,13086.666666666666,0.8590582575322342,5,193348,0.225456,0.2061130073532746,952.1139841985942,0.1008747313447728,1,40.8
2040-03-19,24,100126,582,Employed,Master,0,22683,24,0,1,Own,366,0.1522682409432542,1,1,0.3465345113994002,1,Home,0,33,25,5644,137,90234,9593,8343.833333333334,0.6991683089671544,5,80641,0.206683,0.2091644860009437,1164.650053565422,0.1834468633799918,1,49.6
2040-03-22,27,112888,499,Employed,Master,5,47379,60,1,1,Mortgage,516,0.2577927536955099,3,1,0.5692733897762327,0,Auto,1,16,6,1301,967,222253,49472,9407.333333333334,0.7462248009693776,4,172781,0.3028789999999999,0.303979028000144,1544.4714839856392,0.2190282209608432,0,61.0
2040-03-29,39,111166,585,Employed,Master,16,35330,36,0,1,Rent,211,0.2589265377839908,6,0,0.1059212340073135,0,Home,0,25,14,2087,717,159687,100667,9263.833333333334,0.8171381130227987,11,59020,0.22783,0.2279656354933993,1363.8711875313763,0.1700021072124257,1,37.6
2040-04-01,50,16313,585,Employed,Master,27,13754,36,0,3,Own,1252,0.1225888336152023,3,1,0.4928167595933806,0,Auto,0,22,5,4254,219,5285,8816,1359.4166666666667,0.5319068135584224,5,6132,0.206254,0.1900879932831196,504.22809185241033,1.2918983082344708,0,59.0
2040-04-14,44,67918,607,Employed,Master,23,20681,60,0,1,Own,399,0.3721826391116273,1,2,0.1414314123860434,0,Other,0,15,21,2157,1271,108912,22445,5659.833333333333,0.8085625921569547,7,86467,0.222181,0.2252040088180527,577.3226627031625,0.1725002496015482,1,36.0
2040-04-18,34,57298,587,Employed,Master,11,27167,48,Widowed,0,Rent,170,0.5725554611153687,3,0,0.2204011213400088,0,Home,0,26,28,1158,274,145783,21782,4774.833333333333,0.8053466335885237,6,124001,0.228667,0.2412852493930283,887.625472250455,0.2214999767357579,1,39.2
2040-04-21,47,94443,604,Employed,Master,23,17109,36,1,0,Own,400,0.2102833504476299,6,2,0.22533808709531,0,Auto,0,25,8,3896,566,88794,5136,7870.25,0.8892246873060864,5,83658,0.200109,0.203564856326207,638.943668572466,0.132008979203007,1,37.6
2040-05-07,49,127179,635,Employed,Master,24,14504,108,Widowed,3,Other,1416,0.4371523033560442,3,2,0.0957661213168664,0,Debt Consolidation,0,26,24,1425,688,52059,14314,10598.25,0.7784904605000643,10,37745,0.242004,0.2385158132732043,327.36083865578854,0.1644951608667269,1,36.8
2040-05-10,75,89697,682,Employed,Master,53,27691,24,0,0,Own,447,0.1673106639037232,0,1,0.332330172939103,0,Debt Consolidation,0,37,25,1121,2944,18705,21083,7474.75,0.8073714203702786,6,10793,0.161691,0.153069419664421,1346.685540884566,0.2399659575082198,1,36.8
2040-05-20,53,210302,487,Employed,Master,29,25544,48,Divorced,0,Own,467,0.5289521985207573,5,1,0.1724952680461679,0,Debt Consolidation,0,28,14,1878,447,16018,27987,17525.166666666668,0.7073140468598846,0,8971,0.277044,0.2991077849336795,918.4120385060012,0.0790527168646613,1,39.2
2040-05-27,39,59346,573,Self-Employed,Master,15,33546,96,1,3,Mortgage,436,0.2140968249421436,4,1,0.373588656510273,0,Auto,0,19,11,1277,6053,38055,3816,4945.5,0.5312329629228759,6,34239,0.282046,0.2765241701978109,870.7599673090526,0.2642321236091502,0,57.0
2040-06-04,47,63001,674,Employed,Master,27,11064,84,0,1,Other,290,0.1755522227696951,4,0,0.0992810662512921,0,Home,0,31,8,5592,751,732125,64929,5250.083333333333,0.9223250467108052,2,667196,0.199064,0.2084791308505501,251.3691868679713,0.1031163035890804,1,28.8
2040-06-06,39,46087,597,Self-Employed,Master,16,9213,24,1,2,Rent,1070,0.163812600989969,0,1,0.5598785298026022,1,Auto,0,16,14,3340,4151,135174,12856,3840.5833333333335,0.9318153309387084,3,122318,0.185713,0.1743300342205782,457.43072377158114,0.3977080019367495,0,69.0
2040-06-07,41,134642,635,Employed,Master,16,41367,72,Divorced,0,Mortgage,449,0.2325972442020455,0,0,0.1491662321308758,0,Auto,0,21,28,770,2919,12657,4885,11220.166666666666,0.9211486179589914,4,7772,0.238867,0.243349012387606,1097.4873732726403,0.1378310518209153,1,36.0
2040-06-09,51,186259,555,Employed,Master,32,30092,12,1,4,Mortgage,639,0.1229326979036875,2,2,0.4122022405769038,0,Home,0,25,1,5237,1712,59601,69997,15521.583333333334,0.6677070614934905,6,3775,0.217592,0.2578344733279426,2871.522951852128,0.2261704155086494,1,45.6
2040-06-10,47,51797,601,Employed,Master,26,33992,60,0,1,Mortgage,639,0.175293768931872,4,2,0.5299086582131525,0,Home,0,18,18,3290,1157,63462,7879,4316.416666666667,0.8837103744567533,4,55583,0.2384919999999999,0.2328073774504589,963.741166699856,0.3713128945768726,0,52.0
2040-06-18,35,21967,592,Employed,Master,10,17600,36,Divorced,1,Mortgage,270,0.254596355801595,2,1,0.2014136603340537,0,Home,0,20,21,2298,498,131888,28153,1830.5833333333333,0.8267099401244118,9,103735,0.2066,0.1909498935695587,645.9915284344985,0.500382316256839,0,50.0
2040-07-03,24,31971,566,Employed,Master,0,20775,48,1,0,Own,175,0.4912783642051868,2,1,0.3532893238029738,0,Auto,0,20,5,1200,1925,34978,43568,2664.25,0.893125317797642,7,8111,0.2327749999999999,0.2358012579634573,672.4898499178167,0.3180969690974258,0,58.0
2040-07-12,37,56061,581,Employed,Master,17,7702,60,1,3,Mortgage,223,0.1428342362034818,7,3,0.1878754273478608,0,Home,0,21,16,1614,2847,268188,112175,4671.75,0.9202873361428509,8,156013,0.222202,0.1989254465325628,203.59566455408108,0.0913138897745129,1,36.0
2040-07-14,40,71194,578,Employed,Master,15,11810,60,Divorced,4,Rent,571,0.4244861481478509,2,1,0.1056121898714656,0,Debt Consolidation,1,20,3,11868,2100,66522,15091,5932.833333333333,0.7769992678661254,4,51431,0.22781,0.2264352188042748,330.51511159534203,0.1519535542200762,0,58.0
2040-07-18,52,20473,647,Unemployed,Master,32,12426,84,1,2,Rent,305,0.3245909881053667,7,1,0.5347292570943357,0,Auto,0,28,16,2273,7513,111337,3951,1706.0833333333333,0.9918868050147338,4,107386,0.213926,0.19039997424911,268.79664857311195,0.3363239282409683,0,56.0
2040-07-21,28,35706,632,Employed,Master,4,20467,60,1,3,Mortgage,443,0.5044894998867177,7,0,0.2704499997913816,0,Home,0,30,17,1940,597,34638,12850,2975.5,0.7696259144306253,2,21788,0.209467,0.2161542588081227,560.8101395775482,0.337358474064039,0,51.0
2040-07-28,31,35729,587,Unemployed,Master,8,37193,36,0,3,Mortgage,236,0.348911013809186,1,0,0.3828261118593009,0,Home,0,25,9,762,859,37375,38836,2977.4166666666665,0.9202289308968458,6,4426,0.228693,0.2285032029428448,1436.83072668557,0.5618396462321039,0,59.0
2040-07-29,23,52619,618,Employed,Master,0,32483,48,0,1,Rent,227,0.1145241536610399,2,1,0.2771605481960864,0,Education,1,24,4,4777,2009,11296,4467,4384.916666666667,0.7803159128212634,5,6829,0.218483,0.2183532228118701,1020.510066390764,0.284500290706573,0,57.0
2040-08-07,41,17071,636,Unemployed,Master,17,20516,60,Divorced,2,Mortgage,208,0.4658178334024221,1,0,0.1694215015140282,0,Home,1,28,27,4430,1451,78631,16462,1422.5833333333333,0.8901585636536765,4,62169,0.207516,0.201903532934057,545.7237627484999,0.5298274941703474,0,57.0
2040-08-11,36,15982,542,Employed,Master,18,26724,60,0,3,Mortgage,501,0.3042382022957567,1,0,0.1671242312720935,0,Other,0,31,4,4996,7884,129340,27260,1331.8333333333333,0.93182378825114,5,102080,0.260724,0.2899038892986992,848.1133746299789,1.012974627428341,0,51.0
2040-09-02,36,56886,623,Unemployed,Master,16,13596,96,Widowed,1,Mortgage,292,0.135317381934336,0,0,0.0720381741038543,0,Home,0,19,14,33642,3165,36807,23219,4740.5,0.7188703218225728,4,13588,0.237096,0.2542455282457573,332.4890826583305,0.1317348555338741,0,49.0
2040-09-03,56,132465,595,Employed,Master,33,10202,48,0,1,Mortgage,1337,0.4952950096601067,8,1,0.1793650505122932,0,Home,0,27,26,6299,615,126970,13194,11038.75,0.5097425049941954,10,113776,0.207702,0.21153269169086,316.75365747491827,0.1498134895232629,1,36.0
2040-09-10,32,19978,634,Self-Employed,Master,11,23381,48,0,3,Rent,429,0.0230837796951094,1,2,0.1941126089191686,0,Debt Consolidation,0,24,28,3134,671,142558,4269,1664.8333333333333,0.8714826528883451,5,138289,0.201381,0.215791633220473,731.3121326277836,0.6969539288984585,0,47.0
2040-09-14,49,187129,585,Unemployed,Master,26,50825,96,Widowed,1,Mortgage,463,0.0395960199858803,2,1,0.0718916319302359,0,Home,0,26,8,2120,598,10124,8571,15594.083333333334,0.8338177856625046,5,1553,0.293325,0.2808725598565167,1334.3807351916455,0.1152604290211551,1,40.8
2040-09-20,37,62397,582,Employed,Master,15,30184,48,1,2,Own,363,0.3566842734321008,2,1,0.0893951014798033,0,Debt Consolidation,0,19,16,1882,941,49170,26039,5199.75,0.9654333106896762,9,23131,0.234184,0.2361167302263519,977.5851057579968,0.2578172230891863,0,50.0
2040-09-23,34,52448,599,Employed,Master,11,105872,72,Divorced,1,Rent,235,0.4021472530430123,6,3,0.4466268703143574,0,Debt Consolidation,0,25,26,1975,3320,284209,10494,4370.666666666667,0.8363074219266002,4,273715,0.321372,0.301605765033562,3196.038576718576,0.7850149275591616,0,51.0
2040-10-03,72,260546,569,Employed,Master,53,24271,60,0,5,Mortgage,697,0.171126994390041,2,0,0.1534192318339199,0,Debt Consolidation,0,27,2,6522,716,40399,5950,21712.166666666668,0.9469587188738084,7,34449,0.244771,0.2399151047488089,698.107704775674,0.0642546516058895,1,40.8
2040-10-04,42,49733,622,Unemployed,Master,21,13288,36,1,5,Rent,358,0.1372012583657813,4,1,0.6119371725358619,0,Auto,0,21,15,16639,2082,71242,7883,4144.416666666667,0.5768658415639379,2,63359,0.187288,0.1705974220998279,474.1486263019388,0.2007878775787357,1,44.8
2040-10-05,29,96163,575,Unemployed,Master,9,24051,36,1,0,Mortgage,120,0.2129810084175162,3,0,0.0844701741562281,0,Other,0,22,12,13538,871,108577,19330,8013.583333333333,0.8038779604209116,8,89247,0.221551,0.2394217633118776,942.8592885350652,0.1326322126225344,0,50.0
2040-10-29,23,34791,531,Employed,Master,0,16976,12,1,0,Rent,335,0.3357364637344159,1,0,0.500045113512978,0,Debt Consolidation,0,23,19,1309,1325,113516,45415,2899.25,0.9010118793033592,4,68101,0.216476,0.2138108774882116,1583.8059522814838,0.6618283874386424,0,57.0
2040-11-07,35,33966,504,Employed,Master,17,15118,36,1,2,Mortgage,305,0.4928014148613641,5,1,0.4356473448094445,0,Debt Consolidation,0,29,21,2516,484,112906,384177,2830.5,0.514647695921102,6,4062,0.2481179999999999,0.2306560370009145,585.7306236349198,0.3146902044285178,0,58.0
2040-11-17,39,35967,563,Self-Employed,Master,16,5594,24,Widowed,0,Mortgage,202,0.1973075110995608,3,1,0.2417390674729316,0,Home,0,32,19,1764,762,81187,3529,2997.25,0.9415017385456824,3,77658,0.1990939999999999,0.2187035804811025,289.8483884806494,0.1640998877239634,1,42.400000000000006
2040-11-20,32,64940,564,Employed,Master,11,11499,36,0,1,Other,551,0.0696482253448053,3,0,0.4302094191757303,0,Home,0,23,21,3693,5512,15244,7707,5411.666666666667,0.6325641479163906,7,7537,0.214499,0.2167865379233317,437.2427089393294,0.1826133739955644,1,44.0
2040-11-26,44,42017,633,Employed,Master,23,16001,12,Divorced,3,Mortgage,198,0.433998061442182,3,0,0.3053033439965823,0,Debt Consolidation,0,34,15,476,3963,93343,66204,3501.4166666666665,0.7752758822462129,7,27139,0.164501,0.173556424940831,1462.0691932271516,0.4741135806632034,0,53.0
2040-12-02,29,168788,567,Employed,Master,6,55823,24,0,1,Own,403,0.2709274948592365,1,0,0.1524935354230875,0,Auto,0,27,23,2817,352,73476,10294,14065.666666666666,0.3693259998214123,6,63182,0.247323,0.2603539124860373,3008.436471297023,0.2425364223497184,1,36.8
2040-12-13,41,300000,626,Employed,Master,17,17276,36,1,4,Own,415,0.3920106200787486,2,2,0.4913447937940753,0,Auto,1,23,17,2721,1204,16541,464714,25000.0,0.956335550526782,9,3961,0.189276,0.1841159955952553,628.1416954427465,0.0417256678177098,1,45.6
2040-12-24,35,63649,618,Employed,Master,11,37814,72,1,1,Other,525,0.2750936027580488,2,1,0.0922319577204561,0,Home,0,20,7,3110,3108,24213,2027,5304.083333333333,0.6848249643719853,3,22186,0.243814,0.2055019342433319,917.8522196851676,0.2720266875555313,0,48.0
2041-01-02,47,23221,567,Employed,Master,27,19454,36,1,0,Mortgage,394,0.1924238017815718,4,2,0.4048122248618371,0,Auto,0,27,23,843,47,380892,53858,1935.0833333333333,0.8479426314254439,4,327034,0.2209539999999999,0.2087702011855423,731.7029588283435,0.5817335819275709,0,51.0
2041-01-05,18,56522,570,Employed,Master,0,19388,96,Divorced,4,Rent,341,0.3157363198177231,1,1,0.1536114935724283,0,Education,0,25,7,5502,1176,91212,19648,4710.166666666667,0.742416329371007,5,71564,0.269388,0.2893567808010275,520.334463287792,0.1828670882037702,0,49.0
2041-01-11,52,107838,651,Employed,Master,25,33606,60,0,5,Rent,551,0.4413981955421886,5,4,0.2077271598597496,0,Education,0,32,26,18867,327,86617,46230,8986.5,0.7193581848745669,5,40387,0.213106,0.2231175003538507,934.1276490799808,0.1652620763456274,1,36.8
2041-01-15,43,282303,645,Employed,Master,17,10851,48,1,1,Own,442,0.022478275655283,0,1,0.1940538407805021,0,Home,0,30,9,2250,1109,37254,23293,23525.25,0.7394180197558439,5,13961,0.183351,0.2071221484820592,334.33140798589693,0.0329999217005514,1,36.0
2041-02-09,30,27583,484,Employed,Master,9,36512,60,0,1,Mortgage,705,0.3764558711691915,2,0,0.2715050569619157,0,Other,0,30,6,960,608,34748,13837,2298.583333333333,0.9089172573071096,5,20911,0.299512,0.3115064811984183,1207.2224614455963,0.8319134806709625,0,56.0
2041-02-15,47,155077,592,Employed,Master,24,45158,48,Widowed,3,Mortgage,448,0.3531723140188451,2,0,0.2998749018283286,0,Home,0,27,24,2051,3291,23920,7493,12923.083333333334,0.9231050587683656,2,16427,0.244158,0.2483927848819624,1493.2644264185292,0.1502168156272197,1,40.0
2041-02-18,43,64996,472,Employed,Master,23,27750,96,Divorced,0,Other,255,0.3222861554394505,3,0,0.1382745288448648,0,Auto,0,29,4,3843,2024,27670,47344,5416.333333333333,0.6329403306556793,5,2713,0.32675,0.3526831709916922,869.47789153864,0.2076086943575555,0,53.0
2041-03-02,18,100218,478,Employed,Master,0,46749,24,0,0,Rent,137,0.2188519234574017,4,1,0.1122835558478408,1,Auto,0,35,8,2549,4328,243957,53622,8351.5,0.663237154053677,3,190335,0.282749,0.3307676064498906,2688.476269266905,0.3383196155501294,0,58.0
2041-03-06,35,60044,623,Employed,Master,13,18464,36,Divorced,0,Mortgage,377,0.395127352514759,2,2,0.2100815809994883,0,Debt Consolidation,1,17,6,2124,312,20453,51165,5003.666666666667,0.7937534485647844,5,10931,0.191964,0.1964444497492296,682.8479548287313,0.2118142605080403,0,57.0
2041-03-23,62,191529,526,Self-Employed,Master,38,42013,48,1,2,Mortgage,351,0.3211417102383353,1,4,0.1999939707620838,0,Home,0,20,19,932,119,133079,21087,15960.75,0.8395835256011583,3,111992,0.274013,0.2690274152565664,1437.9858175766367,0.1120865759802413,1,37.6
2041-03-26,49,64495,588,Employed,Master,28,29630,48,0,2,Own,218,0.4677298544494989,2,3,0.3857388468396259,0,Debt Consolidation,1,23,28,3803,2283,70168,9983,5374.583333333333,0.630128324506765,4,60185,0.23063,0.1977542978799389,898.1102164816981,0.2076645103927494,1,47.2
2041-03-29,46,26044,620,Employed,Master,26,29469,60,1,3,Mortgage,292,0.2605036428319238,7,0,0.0191285349141378,0,Debt Consolidation,0,24,28,2644,659,64268,128627,2170.333333333333,0.6998960959867707,3,1347,0.224469,0.2461139201317381,858.2532173172118,0.5299891955078536,0,49.0
2041-03-30,31,39192,524,Employed,Master,8,25353,36,0,3,Rent,578,0.191000786836636,2,0,0.1933187706205632,0,Home,0,25,25,14448,671,126930,32991,3266.0,0.7966634476841635,3,93939,0.248353,0.2609830530013527,1022.8162301608952,0.4901458145011926,0,48.0
2041-04-02,38,76309,524,Employed,Master,19,60906,36,0,0,Own,371,0.1098220165316503,3,1,0.6658016875624507,0,Home,0,26,3,4596,1166,10302,124208,6359.083333333333,0.929485696633046,4,5162,0.283906,0.2767274752698805,2508.5347766394725,0.4528223056215344,0,60.0
2041-04-24,34,140004,546,Employed,Master,11,18137,36,1,3,Mortgage,196,0.1112139954622826,3,0,0.325731214941307,0,Auto,0,24,24,1822,715,94962,19720,11667.0,0.763304319807657,9,75242,0.230137,0.2572999935648457,728.1448742248036,0.0792101546434219,1,39.2
2041-04-27,55,95752,597,Self-Employed,Master,31,32519,36,1,2,Mortgage,336,0.3945820504960214,0,0,0.1287256515030807,0,Home,0,21,19,972,597,18629,9588,7979.333333333333,0.8521351546489114,4,9041,0.219019,0.2209402102974229,1243.497626905386,0.1979485705036409,1,41.6
2041-05-07,42,61841,589,Employed,Master,17,40767,72,1,1,Other,384,0.0161471807569358,2,2,0.2241896471249649,0,Home,0,31,17,989,1379,48543,217998,5153.416666666667,0.7807618303645883,5,1582,0.261267,0.2352736704140426,1061.5995635017432,0.2805128436154156,0,51.0
2041-05-20,36,76147,635,Employed,Master,13,12375,72,1,3,Mortgage,579,0.4142978569937981,3,1,0.1574140048385262,0,Home,1,16,18,1678,427,32993,9939,6345.583333333333,0.9315754376859916,4,23054,0.209875,0.2008743069851008,297.0437163959181,0.1380556633452535,1,43.2
2041-05-29,36,88082,606,Employed,Master,12,19195,60,1,1,Mortgage,996,0.5768207007271816,5,0,0.3832012598224197,1,Home,0,23,21,3730,961,179218,9742,7340.166666666667,0.8033385735296099,6,169476,0.2211949999999999,0.2389561677061674,551.0387300234312,0.2107634336218656,1,47.2
2041-06-08,53,45067,660,Employed,Master,29,16025,24,0,2,Rent,298,0.2817416329919195,3,1,0.1626499085712641,0,Debt Consolidation,0,23,3,283,555,35809,10897,3755.5833333333335,0.6929250989166966,8,24912,0.161025,0.1576149163017222,782.8088402194014,0.2877872075494889,0,48.0
2041-06-12,42,68450,513,Employed,Master,20,20241,84,0,1,Other,553,0.2403828531664731,2,0,0.3178720855839808,0,Home,0,25,9,9991,2773,122864,47406,5704.166666666667,0.7579534987020061,5,75458,0.288741,0.2878091471111622,562.2513938711817,0.1955152187940713,0,53.0
2041-06-20,44,35156,546,Employed,Master,20,22295,60,1,2,Rent,443,0.7548509166375822,2,0,0.1165835088512711,0,Auto,0,20,8,1066,168,176769,44586,2929.6666666666665,0.7344034590451791,6,132183,0.254295,0.2449706024979696,647.8303065154986,0.3723393923707471,0,50.0
2041-06-21,44,32714,645,Employed,Master,22,40013,72,Divorced,3,Own,190,0.142778941343802,4,0,0.1735506433551742,0,Home,0,16,17,7379,365,24152,6927,2726.1666666666665,0.7304553496545488,4,17225,0.232513,0.2495064624456588,1076.625813153153,0.4646178931906168,0,47.0
2041-06-30,32,15000,630,Unemployed,Master,13,16029,108,1,2,Other,552,0.3190440756607868,2,0,0.6229266921334522,0,Education,0,31,26,1607,2231,76264,6224,1250.0,0.8101318425595859,6,70040,0.246029,0.2595823051600801,384.8910225152072,0.7495128180121657,0,58.0
2041-07-05,62,25417,630,Employed,Master,37,26574,72,Divorced,0,Rent,1027,0.1378075763434179,4,1,0.2996307370700596,0,Debt Consolidation,0,26,15,35065,596,92271,21026,2118.083333333333,0.8682205697863761,5,71245,0.226574,0.2138597446085293,658.0507138862394,0.795554493710307,0,48.0
2041-07-18,44,86782,624,Self-Employed,Master,22,18076,60,1,4,Own,226,0.2955715402606512,6,1,0.3231941840876174,0,Auto,0,17,5,2177,790,81300,14998,7231.833333333333,0.8558229221439688,10,66302,0.211076,0.2211234590110614,500.39476528682457,0.1004440688557753,1,42.400000000000006
2041-07-22,45,60124,650,Employed,Master,22,35615,48,1,1,Rent,600,0.306490196564227,1,1,0.286681117884465,0,Auto,0,24,2,4475,410,40135,9384,5010.333333333333,0.4533569546302933,7,30751,0.205615,0.2066170268133853,1096.373092610945,0.3385748970682479,0,50.0
2041-07-27,18,63660,575,Self-Employed,Master,0,10133,60,1,3,Other,337,0.3680463793622207,1,0,0.0517439024520516,0,Home,0,26,16,2362,458,39519,31906,5305.0,0.7610794491239781,3,7613,0.227633,0.2540979423703258,299.85630606427065,0.1200483140554704,0,53.0
2041-08-04,22,74542,604,Employed,Master,4,17445,12,Widowed,2,Mortgage,277,0.5285773741949142,3,2,0.2904241255806535,0,Home,0,23,20,1849,963,38938,26284,6211.833333333333,0.9062105246604282,5,12654,0.180445,0.1820521132975925,1601.0616980783009,0.3023361377067909,1,40.0
2041-08-13,42,36647,631,Self-Employed,Master,18,16966,36,1,1,Other,146,0.1107001082338115,2,0,0.2930099330176144,0,Other,0,25,21,5945,1141,58135,15846,3053.9166666666665,0.9118237565585008,6,42289,0.186466,0.2046583191955066,634.5515120884473,0.2555903114869258,0,52.0
2041-08-21,53,98861,514,Employed,Master,29,21833,48,1,0,Other,214,0.5034502957487783,2,0,0.2480900158668854,0,Home,0,32,14,7221,4526,445688,41338,8238.416666666666,0.7763855261905921,4,404350,0.259833,0.261030812980952,737.4167117080136,0.1154853839279004,1,36.8
2041-08-22,26,108068,566,Employed,Master,2,19122,48,1,4,Own,350,0.1976374662195213,1,0,0.3721679700626514,1,Auto,0,27,20,20545,932,50230,51755,9005.666666666666,0.6528658383848884,8,3556,0.231122,0.2216309847671661,604.1536582650604,0.1059503636523367,1,51.2
2041-08-24,55,90788,576,Employed,Master,30,64749,36,1,0,Mortgage,809,0.1752798892353781,4,0,0.1202361460327864,0,Debt Consolidation,0,28,28,1279,2829,108768,1352,7565.666666666667,0.6915656582087295,0,107416,0.261749,0.2197897341110319,2472.089388649415,0.4336814630104527,0,44.0
2041-08-28,59,29835,565,Unemployed,Master,35,21805,36,0,0,Rent,332,0.3430455157670257,3,2,0.7067806701513145,0,Debt Consolidation,0,25,20,1688,516,51168,25251,2486.25,0.7918248279654141,6,25917,0.2243049999999999,0.2357220553067603,850.5822736449525,0.4756489788416098,0,63.0
2041-08-29,30,51813,628,Self-Employed,Master,9,14249,72,1,3,Own,399,0.2560267749325828,2,0,0.3908363092497044,0,Home,1,33,13,11256,1273,12529,7951,4317.75,0.5714625736404074,6,4578,0.215249,0.2276041318375755,364.4817576916065,0.176823984179632,0,60.0
2041-09-01,43,57647,512,Employed,Master,19,10168,72,0,5,Own,266,0.5017944991015331,2,0,0.0478722899232945,0,Debt Consolidation,0,22,2,1898,328,128662,29683,4803.916666666667,0.6259635664702067,2,98979,0.269168,0.2786701179058428,292.05263547534537,0.1161661773501508,0,53.0
2041-09-08,46,43582,584,Employed,Master,24,22735,72,1,4,Mortgage,352,0.0466886123318943,3,0,0.1433947702344195,0,Home,0,27,11,3632,3988,13890,18756,3631.8333333333335,0.9678895803999016,8,3163,0.245735,0.263261553373453,631.046557065681,0.2706750191544255,0,50.0
2041-09-17,67,90522,707,Employed,Master,43,13555,24,0,1,Rent,278,0.5179640083483781,1,1,0.1618501551609232,0,Home,0,14,12,5302,1577,28671,42101,7543.5,0.7547763651336779,9,5618,0.1350549999999999,0.1556020713273747,660.8500843976062,0.1244581539600458,1,32.800000000000004
2041-09-19,49,91209,532,Employed,Master,24,14168,36,1,0,Rent,306,0.1881851627434838,6,0,0.1481771400204284,0,Auto,1,20,6,2877,2242,76010,123065,7600.75,0.8485268269088793,6,6322,0.233168,0.2759487536970824,582.942726423851,0.1169546066406408,0,56.0
2041-09-27,53,27323,623,Employed,Master,33,31720,96,1,1,Rent,248,0.3021697127060387,1,1,0.3957249910083829,0,Debt Consolidation,0,26,9,3963,1487,55415,23077,2276.9166666666665,0.9415755246799778,6,32338,0.25522,0.273219138049627,816.2235356667217,0.4673967876148541,0,54.0
2041-09-28,58,48180,543,Employed,Master,37,39258,24,Divorced,0,Rent,776,0.1948116284553674,2,1,0.5660011925681634,1,Debt Consolidation,0,30,17,4934,462,33176,33512,4015.0,0.8499408778465963,9,9980,0.242758,0.2439065972058937,2083.276003829188,0.7121484442912049,0,70.0
2041-10-09,19,51890,613,Employed,Master,0,26402,108,1,2,Rent,110,0.4586917581516946,0,2,0.2532663772638632,0,Education,0,18,23,982,321,194898,4517,4324.166666666667,0.5454437779321099,1,190381,0.2649019999999999,0.26236539914371,639.0633544532477,0.1732272162929075,0,46.0
2041-10-11,50,26907,611,Employed,Master,27,48091,72,1,2,Own,291,0.1229239661164538,3,1,0.3821334734707836,0,Debt Consolidation,0,25,20,1016,1596,24246,103221,2242.25,0.8727726768794833,3,4557,0.257591,0.2952462929896094,1432.071910045012,0.7684566440160606,0,52.0
2041-10-12,43,102590,644,Employed,Master,21,32402,36,1,1,Mortgage,647,0.2784252099179698,2,2,0.2038751220357687,0,Other,0,14,16,2316,307,85356,7057,8549.166666666666,0.9353335223963024,3,78299,0.195402,0.1961313243792994,1197.79687872851,0.2157867486571997,1,36.8
2041-10-16,41,36381,605,Employed,Master,19,43577,36,0,3,Mortgage,364,0.1666871619565149,3,1,0.3962020990273739,0,Home,0,19,4,1474,5254,139427,16924,3031.75,0.8827006531033826,4,122503,0.226077,0.2069976632981242,1635.0566208964242,0.6593738338901375,0,50.0
2041-10-22,50,66807,622,Employed,Master,31,35670,96,0,0,Mortgage,356,0.2339134180918292,2,4,0.3780790803405636,0,Debt Consolidation,0,25,25,1531,2341,267370,74527,3244.4166666666665,0.5021076158259081,6,192843,0.25967,0.2570694523334498,879.0296959232879,0.3806630968864319,0,47.0
2041-10-26,25,18363,607,Employed,Master,3,55013,96,Widowed,0,Rent,487,0.2021922800189137,1,2,0.3675338178079933,0,Debt Consolidation,0,27,19,608,2513,8924,31595,1530.25,0.7459022508117134,4,6035,0.286513,0.2567619291580558,1354.576132530137,1.2034478892534797,0,53.0
2041-11-02,42,132647,559,Employed,Master,17,22303,60,Divorced,4,Own,323,0.0902493962410428,7,1,0.4228512273473881,0,Debt Consolidation,0,31,17,6350,7641,34678,55991,6558.0,0.6183957818128134,6,10533,0.247803,0.2385531813350822,639.7403295075101,0.1468039538742772,1,42.400000000000006
2041-11-05,29,92068,588,Employed,Master,3,20512,84,1,2,Rent,525,0.5043488059711372,2,0,0.0748244090012711,0,Debt Consolidation,0,34,15,798,330,31330,8620,7672.333333333333,0.8656635845911216,4,22710,0.251512,0.2512455503891131,520.8269075841347,0.1363114533932486,0,50.0
2041-11-06,38,76217,617,Employed,Master,13,14530,72,1,2,Rent,243,0.5799190612143843,3,0,0.4091824201471993,0,Education,0,33,27,9530,1264,119387,39122,6351.416666666667,0.9382068288194918,5,80265,0.22103,0.2036672132633073,351.1301204382757,0.093542929336753,1,41.6
2041-11-17,42,190673,580,Employed,Master,23,15590,36,1,0,Mortgage,377,0.2288339671516291,4,2,0.3190300369497085,0,Home,0,21,17,643,1145,24304,34043,15889.416666666666,0.7255148025851968,2,8505,0.21059,0.2020387446938717,581.0010157671658,0.0602917675245367,1,41.6
2041-11-19,43,33767,626,Employed,Master,21,36389,48,1,2,Rent,387,0.064082557562532,1,1,0.2043419988593553,0,Debt Consolidation,0,23,5,2850,750,36130,40338,2813.9166666666665,0.9863527352286652,4,2851,0.218389,0.2350262993886375,1176.3647527175342,0.5555831738860547,0,51.0
2041-11-21,35,15000,560,Employed,Master,12,73854,96,0,0,Rent,247,0.334343019111305,4,1,0.3370687520892543,0,Home,0,28,13,1079,722,37428,15601,1250.0,0.7692689236261318,4,21827,0.328854,0.2630832,1849.796230213656,1.677436984170925,0,56.0
2041-11-24,44,48033,506,Employed,Master,21,18300,60,Divorced,2,Mortgage,608,0.2113672022289408,4,2,0.175198166911124,0,Education,0,27,15,3905,872,38054,19129,4002.75,0.7181405804161175,8,18925,0.2703,0.251228477721423,538.4480057050217,0.2864150910511578,0,51.0
2041-12-04,57,36855,622,Employed,Master,38,23451,60,0,0,Mortgage,329,0.281585572289391,2,1,0.2685351910397864,0,Other,0,22,24,3479,808,30150,94792,3071.25,0.6375827053906843,2,5417,0.217451,0.1882495960326096,606.0754365615762,0.3044608666053158,0,50.0
2041-12-09,50,72320,579,Employed,Master,27,18011,108,1,0,Other,413,0.0999519998821629,2,0,0.3722515468813872,0,Auto,0,19,19,515,746,25003,15312,6026.666666666667,0.7001255300247368,3,9691,0.273511,0.2554247082502327,427.3106658752397,0.1394320795146968,0,53.0
2041-12-29,46,123940,664,Employed,Master,24,20245,36,1,3,Mortgage,401,0.3472371825510914,2,0,0.1552052290246939,0,Other,0,19,7,992,749,116945,497836,10328.333333333334,0.830857352859464,5,9689,0.173245,0.1705756564423727,722.3696112334784,0.1087658168049196,1,34.4
2042-01-02,42,36275,440,Employed,Master,19,25264,36,0,2,Mortgage,271,0.5062666846507159,4,0,0.3494296188223255,0,Auto,1,22,29,25487,355,25842,77180,3022.9166666666665,0.9161908939855994,2,6166,0.2902639999999999,0.2785736672120062,1043.0638454957198,0.4347006518524779,0,62.0
2042-01-03,40,47826,521,Employed,Master,15,36864,108,1,1,Own,442,0.370578463641068,1,2,0.157612057055509,0,Home,0,29,15,5465,3086,182918,44344,3985.5,0.8823029374636765,4,138574,0.321364,0.3003043559229304,991.2148993674492,0.3596073013091078,0,47.0
2042-02-04,30,30824,601,Employed,Master,10,29163,84,0,4,Own,693,0.2131580664480297,2,1,0.2618441832983237,0,Education,0,28,15,1572,1197,85518,25925,2568.6666666666665,0.8296412225511944,6,59593,0.2536629999999999,0.2858285044815769,806.2491217276013,0.5836682280278749,0,48.0
2042-02-07,47,46075,626,Employed,Master,22,27890,36,0,2,Rent,634,0.1337057189910193,2,2,0.2259632140392771,0,Home,0,20,22,1162,568,25904,3921,3839.5833333333335,0.7415244304744129,5,21983,0.19989,0.2172615332245175,1061.1846471404249,0.4415022412519825,0,49.0
2042-02-15,43,32349,543,Self-Employed,Master,16,19758,24,1,0,Rent,657,0.2445802326346053,2,0,0.1524111985054886,0,Home,0,28,8,2204,858,28647,24206,2695.75,0.8565971272902032,6,4441,0.2232579999999999,0.2472852201008053,1051.825164785364,0.6338960084523283,0,55.0
2042-02-22,45,80631,618,Unemployed,Master,23,19741,60,0,1,Other,377,0.634997334791813,2,0,0.1095237674200715,0,Education,0,23,2,4267,664,24797,56671,6719.25,0.9627107514187438,10,2637,0.215741,0.2361854945341098,563.5460208983385,0.1399778280162724,0,55.0
2042-02-23,43,34706,622,Employed,Master,19,28768,36,1,0,Rent,215,0.6438035419220838,4,1,0.2820539326025289,1,Debt Consolidation,0,23,23,8083,3783,25430,48174,2892.1666666666665,0.8899614059522051,5,5172,0.202768,0.1960304358190172,1063.3122449928733,0.4419912101629251,0,64.0
2042-03-07,32,68785,616,Unemployed,Master,12,10568,72,Widowed,0,Rent,436,0.4775170405809394,3,0,0.2990087641591266,0,Home,0,20,15,4786,389,1186942,91545,5732.083333333333,0.714311436093006,4,1095397,0.217568,0.2158133148396718,262.91300839142343,0.1219300152750902,1,36.0
2042-03-26,62,53222,659,Employed,Master,40,47667,48,1,0,Rent,405,0.3127735869296512,2,1,0.0889580391263031,0,Home,0,19,22,2040,672,47761,139855,4435.166666666667,0.8834671671312856,9,4499,0.213167,0.2083313862395347,1471.7670803801004,0.4231559310916764,0,44.0
2042-03-30,38,16891,621,Employed,Master,12,24363,72,Divorced,0,Rent,423,0.1584285486096268,5,0,0.7194331099276958,0,Education,0,21,16,7065,1365,95550,13454,1407.5833333333333,0.7279231800921201,6,82096,0.228863,0.2608057223562428,672.5165887668732,0.7782960786929417,0,54.0
2042-04-21,36,64297,598,Employed,Master,13,31534,12,1,4,Own,466,0.1069238225096577,2,2,0.1721101764290665,0,Auto,0,23,6,23485,2030,190127,77293,5358.083333333333,0.8582049427328632,3,112834,0.197534,0.1666860318817614,2871.093623192486,0.6228148043969366,0,47.0
2042-04-22,25,38600,603,Self-Employed,Master,4,21408,48,1,2,Mortgage,476,0.5047061148467867,3,3,0.4843755205281491,0,Debt Consolidation,0,26,29,1501,168,445049,2840,3216.6666666666665,0.8186633952410768,1,442209,0.214908,0.2238474579711427,678.9616752351865,0.3590554430782963,1,41.6
2042-04-23,46,31607,624,Unemployed,Master,23,27916,72,0,1,Mortgage,106,0.2895984494403658,4,0,0.2154989260729331,0,Home,0,26,25,975,2094,13080,8926,2633.9166666666665,0.8975430898187943,6,4154,0.230916,0.2166537494535297,695.8868825783679,0.3044465653475627,0,53.0
2042-04-25,18,40460,565,Employed,Master,0,15197,108,0,3,Mortgage,972,0.3396580796641678,2,2,0.4894566234863692,0,Education,0,28,29,5322,881,27801,16780,3371.6666666666665,0.9607081884055528,3,11021,0.2776969999999999,0.2826235425095355,389.437960412724,0.4037878281006596,0,57.0
2042-04-27,51,45250,639,Employed,Master,28,21663,48,1,1,Own,553,0.3987656785618322,2,1,0.1700720914448522,0,Debt Consolidation,0,20,6,3683,312,74429,12795,3770.8333333333335,0.7159767676674068,5,61634,0.197163,0.1922132880656052,650.2590535125455,0.3190963235834375,0,48.0
2042-05-01,44,27918,640,Employed,Master,24,4571,24,1,0,Own,939,0.2028189160774976,4,2,0.1121532126031964,0,Education,0,25,9,5392,618,48948,25022,2326.5,0.6828941772406485,6,23926,0.159571,0.1319541216417968,217.7334630646297,0.4971989955145625,0,50.0
2042-05-03,39,51288,617,Employed,Master,15,20327,36,0,1,Mortgage,284,0.1375869559888553,6,0,0.3086323002769386,0,Home,0,21,2,779,1975,186181,15751,4274.0,0.7274761695669062,7,170430,0.196827,0.1899979362998647,745.1047981008949,0.2407825919749403,1,40.0
2042-05-09,26,64710,610,Employed,Master,7,28484,24,1,1,Own,273,0.118537075110517,2,0,0.5225422689052958,0,Auto,0,20,11,3469,658,22775,36932,5392.5,0.8315380949706321,6,9337,0.198484,0.1895412755397835,1435.20430391193,0.316774094374025,0,54.0
2042-05-10,64,63469,661,Employed,Master,43,18399,60,1,2,Mortgage,314,0.2502547730805323,1,2,0.4177385178774662,0,Debt Consolidation,1,22,10,3341,3891,97805,5247,5289.083333333333,0.848984054292866,2,92558,0.192899,0.2064470440273798,494.0845562120878,0.152783479723094,0,54.0
2042-05-12,43,134771,627,Employed,Master,21,23214,48,0,2,Own,347,0.103688639565196,2,1,0.3012123044271166,0,Debt Consolidation,0,20,9,1656,575,27859,8824,11230.916666666666,0.9385808584542524,2,19035,0.204714,0.2280181572858642,741.5244974081478,0.0969221417730652,1,39.2
2042-05-28,43,73495,641,Self-Employed,Master,16,34212,108,1,3,Mortgage,382,0.3291099357193903,5,1,0.2870471268552856,0,Auto,0,21,8,5135,1467,64442,61245,6124.583333333333,0.7092849821826973,3,3197,0.258712,0.255771859921798,812.4978311285327,0.1950333216347015,0,53.0
2042-06-10,23,18598,538,Employed,Master,0,23622,48,0,2,Mortgage,533,0.2432487562462409,7,2,0.5199857894590411,0,Auto,0,14,15,8558,153,96689,6342,1549.8333333333333,0.5640882790619617,6,90347,0.249622,0.2171841909032193,740.6301986402985,0.8217852663557148,0,58.0
2042-06-12,27,41710,585,Employed,Master,4,21941,72,0,3,Rent,263,0.1986971115288582,2,1,0.0841080037708303,0,Home,0,19,9,1147,2409,19615,25543,3475.833333333333,0.8770845849442949,3,1771,0.244441,0.2729275447265402,622.2671570163934,0.2546920614767854,0,51.0
2042-06-16,40,84667,533,Unemployed,Master,18,17734,36,Divorced,1,Mortgage,820,0.2825276495324894,4,1,0.1658834718942957,0,Other,0,22,2,2412,432,16904,32183,7055.583333333333,0.8094612098971966,3,5366,0.236234,0.2555058403646612,710.2751016966979,0.2168885306005926,0,56.0
2042-06-26,38,39008,563,Employed,Master,16,38502,48,1,1,Mortgage,313,0.0638152800049651,4,1,0.2742373585581689,0,Other,1,27,4,731,1363,120372,18584,3250.6666666666665,0.8622233537053784,4,101788,0.252002,0.2816374846261416,1345.4873288453955,0.5101991372576073,0,57.0
2042-07-01,42,56126,583,Employed,Master,21,33282,108,1,2,Mortgage,942,0.3041401677361984,2,1,0.1617771626355836,0,Education,0,21,25,2079,1899,37526,9002,4677.166666666667,0.8080715396307694,3,28524,0.286782,0.2765781649893207,838.6734601139214,0.3807162726965587,0,50.0
2042-07-05,25,203482,578,Employed,Master,6,21409,48,1,1,Mortgage,600,0.2968251661742228,4,0,0.1453759316503867,0,Other,0,27,28,22807,3721,57885,13284,16956.833333333332,0.3594423973054052,7,44601,0.227409,0.2177589958359673,671.9116329769142,0.0750087948601005,1,38.400000000000006
2042-07-12,51,38932,576,Employed,Master,30,17844,72,1,1,Rent,491,0.4112927205303451,1,0,0.1286798177342233,0,Home,0,17,21,3383,2035,32491,65273,3244.333333333333,0.8358038022813994,4,2228,0.244844,0.2504497318627011,481.15953748520536,0.2996484755425476,0,52.0
2042-08-01,47,88109,605,Employed,Master,26,19554,72,1,3,Mortgage,342,0.1930797516324379,4,2,0.254382729382596,0,Education,0,27,10,1766,547,19932,55273,7342.416666666667,0.797718377172279,7,1348,0.2320539999999999,0.2177800281767841,488.7429309901207,0.1131429839390011,1,37.6
2042-08-02,37,47787,584,Employed,Master,14,22726,12,0,5,Other,318,0.4395542645132279,3,1,0.1984805698756079,0,Home,0,25,6,6244,601,23299,25154,3982.25,0.961807895994196,5,1066,0.195726,0.1808189746538005,2084.4053921797,0.6032783959268504,0,54.0
2042-08-10,32,18904,637,Employed,Master,10,33128,60,1,1,Own,636,0.3001629408563021,3,1,0.1872150832844415,0,Education,0,24,27,4457,1248,41307,8908,1575.3333333333333,0.941878518605242,7,32399,0.219628,0.1809523668704858,842.9507201580354,0.9388176386953252,0,49.0
2042-08-22,49,27532,629,Self-Employed,Master,29,47745,72,0,0,Own,1099,0.4176022073030997,3,1,0.243854714159973,0,Debt Consolidation,0,30,5,8658,766,19218,97620,2294.333333333333,0.8571909106062507,5,5315,0.248245,0.2517620554796194,1291.282689850209,1.0418201466730534,0,57.0
2042-08-24,52,49997,633,Employed,Master,28,11352,12,1,4,Mortgage,410,0.1177272044808528,0,0,0.3591835448027139,0,Home,0,25,12,12974,1508,22674,45505,4166.416666666667,0.8470839834641872,1,7401,0.159852,0.1472571001772578,1023.1436567586396,0.3439751161290412,1,40.8
2042-08-29,37,97108,567,Employed,Master,15,10979,96,Divorced,3,Own,208,0.2902398901980318,4,1,0.3289751691146185,0,Debt Consolidation,0,22,22,519,1820,31814,30270,8092.333333333333,0.7634597540180559,9,1544,0.2624789999999999,0.299410509933019,302.3124477660364,0.0630612243398323,1,42.400000000000006
2042-09-04,18,75579,621,Employed,Master,0,31782,12,0,0,Rent,1136,0.2835029146653029,2,1,0.4653911595620137,0,Auto,0,26,14,3219,1149,21590,72993,6298.25,0.8548087691037328,5,1954,0.186282,0.1775373681108452,2910.049981347257,0.6424086026034624,0,53.0
2042-09-19,52,30548,527,Employed,Master,30,29114,72,Divorced,0,Mortgage,807,0.1654011578002542,4,1,0.5932069891822069,0,Home,0,19,22,1723,237,48116,7724,2545.6666666666665,0.7252105034111705,4,40392,0.280614,0.2978324056828942,871.8060791887563,0.6594760033476849,0,58.0
2042-09-20,43,100907,544,Employed,Master,23,21687,36,1,2,Rent,504,0.2705286840566349,2,1,0.3588120008205483,0,Education,0,33,18,1996,8886,140093,4674,8408.916666666666,0.7720161438133484,4,135419,0.234687,0.2281383008786146,837.3948434447382,0.1595205300062122,1,39.2
2042-10-04,44,69311,674,Employed,Master,18,27565,48,Divorced,4,Own,344,0.394226387971981,4,1,0.2660062048778895,0,Education,0,28,23,2780,417,38071,4866,5775.916666666667,0.9189596768689012,5,33205,0.185565,0.1896834952605151,823.7364509162117,0.2021733550373611,1,36.8
2042-10-09,39,63386,641,Employed,Master,16,17486,36,1,3,Mortgage,479,0.1295784011914434,7,4,0.400183776532744,0,Debt Consolidation,0,29,7,6639,3108,58525,39998,5282.166666666667,0.7187391527611654,3,18527,0.181986,0.178017325495799,630.4229788188478,0.210031801120534,1,42.400000000000006
2042-10-14,39,63164,654,Employed,Master,19,19531,84,Divorced,0,Mortgage,360,0.5839805668356693,1,2,0.0704054366070961,0,Auto,0,21,24,7085,4756,94657,13566,5263.666666666667,0.7290726729533022,3,81091,0.217531,0.2503163456649797,494.75666815954696,0.162388069436935,0,43.0
2042-10-16,19,27057,586,Employed,Master,0,52561,12,1,0,Own,664,0.2630861645289976,5,2,0.0760850504727468,0,Debt Consolidation,0,35,10,1203,432,87142,11929,2254.75,0.9652512993536152,4,75213,0.224561,0.2642067497954539,5031.925054694802,2.5261891804833363,0,50.0
2042-10-19,38,94708,614,Employed,Master,17,27693,108,Divorced,1,Rent,289,0.3825052610842027,2,3,0.4474511958105388,0,Debt Consolidation,1,22,5,6394,5383,237582,227958,7892.333333333333,0.9547956737604678,4,9624,0.2656929999999999,0.3080159418168456,760.0392055316424,0.1329187657471355,0,60.0
2042-10-29,46,78992,627,Employed,Master,25,22325,60,0,1,Mortgage,184,0.4594780260171472,2,1,0.4214657569297588,0,Home,0,23,7,4059,2678,142426,235411,6582.666666666667,0.9156639001970392,6,3659,0.213825,0.2212667892748767,618.201256027747,0.1218656961759794,0,55.0
2042-11-17,64,128305,653,Employed,Master,42,23184,60,Divorced,0,Rent,271,0.1780656400684722,5,0,0.5761442807873254,0,Education,0,25,10,989,122,204583,41496,10692.083333333334,0.6048923508508691,3,163087,0.201684,0.2098880174291934,627.0590594637113,0.0839928974986519,1,36.0
2042-12-02,52,72875,512,Employed,Master,27,41994,48,0,2,Own,478,0.1410359117781449,3,1,0.4596169310544565,0,Home,0,27,12,8502,517,121172,25117,6072.916666666667,0.8095577789502292,1,96055,0.280994,0.268124455684505,1435.1864728532146,0.3150358514475276,0,53.0
2042-12-10,45,32554,613,Employed,Master,26,47246,72,Divorced,0,Rent,147,0.2765339831492415,3,1,0.1241147078802928,0,Debt Consolidation,0,29,24,7906,2597,188573,9183,2712.833333333333,0.4723812234420065,5,179390,0.255746,0.2790868170131187,1358.277805958132,0.5548729394697298,0,44.0
2043-01-11,37,91612,547,Employed,Master,14,46019,48,0,0,Mortgage,467,0.4116405580758037,5,0,0.163868101192948,0,Debt Consolidation,0,21,16,3519,1336,118810,8721,7634.333333333333,0.8316932595096986,7,110089,0.267519,0.26991849315572,1577.4256187787244,0.2677936015515947,0,46.0
2043-01-26,43,45023,510,Employed,Master,24,17331,24,1,5,Own,636,0.3964018135053145,3,3,0.2209958946466761,0,Education,1,20,25,6331,2423,429431,16343,3751.9166666666665,0.8011960846616213,4,413088,0.237331,0.20123414811382,883.1203994508845,0.4048918284745711,1,42.400000000000006
2043-01-27,46,47723,627,Employed,Master,21,29167,12,0,3,Mortgage,590,0.4010474213835888,3,0,0.2215763244803012,0,Debt Consolidation,0,29,11,1521,336,7467,53919,3976.9166666666665,0.8435571662294266,8,7354,0.180667,0.1445336,2625.0466527771778,0.808426960445197,0,51.0
2043-01-30,33,28433,591,Employed,Master,11,10868,60,0,1,Mortgage,627,0.4414568088355446,7,2,0.2049641190338366,0,Other,0,16,10,3426,1658,33154,62658,2369.4166666666665,0.6196899578175227,7,7474,0.220368,0.1927277676949539,283.5556219029736,0.3842952717910767,0,55.0
2043-02-14,35,59967,615,Employed,Master,9,16263,36,1,2,Rent,387,0.434085765322574,2,1,0.1894720172249648,0,Auto,0,37,10,13800,272,40217,20901,4997.25,0.882261989448848,4,19316,0.193763,0.2008175361345242,605.0690151030846,0.1985229906654829,0,48.0
2043-02-18,34,47667,610,Employed,Master,11,26890,72,Widowed,2,Other,203,0.2553664817773071,3,2,0.2993481968680632,0,Home,0,26,21,935,3822,24999,109013,3972.25,0.9123608574969878,7,9295,0.23689,0.2461676833678156,718.0301559604294,0.2318661101291281,0,50.0
2043-03-11,59,45609,669,Self-Employed,Master,38,36199,24,1,0,Own,250,0.3193315875671488,1,4,0.4702463815006987,0,Debt Consolidation,0,33,5,1804,728,24985,89227,3800.75,0.8242881600481046,8,5735,0.176699,0.1728008933749969,1794.636063860728,0.5379559465528456,0,56.0
2043-03-12,34,75014,599,Employed,Master,9,16962,84,1,0,Rent,391,0.0825240733574263,2,1,0.3387724303782707,0,Auto,0,20,1,3609,1469,79127,210344,6251.166666666667,0.8449126681191823,5,8819,0.242462,0.2287840296580132,406.6004136653472,0.1275922489666484,0,57.0
2043-03-13,34,66635,564,Employed,Master,13,24738,36,1,2,Mortgage,476,0.4383046494143769,6,0,0.352120462309375,1,Home,0,31,22,14230,9348,82185,17182,5552.916666666667,0.7777954187528865,6,65003,0.227738,0.2328394576257125,961.2660028276764,0.2588308251509284,0,65.0
2043-03-15,26,26316,609,Employed,Master,4,46009,72,0,1,Own,501,0.4261009874846866,3,0,0.2065281284398937,0,Auto,0,27,5,4034,2826,18144,5639,2193.0,0.9735409537216004,4,12505,0.256509,0.2167796876298538,1147.2497626401391,0.7515958789968714,0,54.0
2043-03-19,42,48002,638,Employed,Master,17,29460,36,1,1,Mortgage,376,0.1888420174438407,3,1,0.0168765822516468,0,Education,0,24,29,1099,2961,37114,83169,4000.1666666666665,0.6324688734807814,4,2929,0.19546,0.22189029044424,1127.9737006560488,0.3759777594240362,0,47.0
2043-03-22,28,112961,615,Unemployed,Master,3,39582,36,1,3,Own,313,0.165452273355269,5,0,0.4044590697865511,0,Auto,0,39,20,1169,200,40081,12936,9413.416666666666,0.8373635537466056,3,27145,0.217082,0.1917164624052982,1454.3559573543926,0.1877486166752482,1,43.2
2043-03-28,43,113269,608,Employed,Master,23,36147,96,1,3,Own,435,0.2126007389420064,1,0,0.2022010417224891,0,Auto,0,24,3,2822,4624,50238,14639,9439.083333333334,0.8302001111000901,7,35599,0.267147,0.28935391494041,970.1047629031384,0.1488602985356775,0,51.0
2043-04-10,39,60708,615,Employed,Master,18,14761,96,Widowed,0,Rent,666,0.4203544076502777,5,1,0.2523649855896614,0,Education,0,25,24,979,896,53858,12122,5059.0,0.778267935360373,5,41736,0.242261,0.269237097130854,375.84440762955455,0.2059388036429244,0,50.0
2043-04-18,29,27902,568,Employed,Master,4,52674,84,0,4,Mortgage,357,0.3161285983881716,0,1,0.6862561848753008,0,Auto,0,27,23,1192,386,10120,10819,2325.1666666666665,0.8945751856852289,7,2273,0.293674,0.2593393992306289,1364.879095995994,0.7405400742581869,0,60.0
2043-05-07,26,27331,618,Employed,Master,2,29373,60,1,1,Rent,297,0.0938427279843352,2,2,0.0997307149634851,0,Home,1,20,22,1487,1116,218725,17613,2277.583333333333,0.8657916982193288,5,201112,0.225373,0.2187420133286607,809.1507957690127,0.4856686381481889,0,50.0
2043-05-13,30,44297,469,Employed,Master,9,18857,48,1,2,Mortgage,216,0.3250457185668517,2,0,0.3464763159737274,0,Auto,0,18,26,5785,1367,15624,33828,3691.4166666666665,0.6501593923083995,8,6832,0.2793569999999999,0.3008365201879052,679.8827847467965,0.2426934875265042,0,55.0
2043-05-14,28,26106,571,Employed,Master,2,16628,60,0,1,Mortgage,379,0.0769229739899691,1,0,0.1686369637213004,0,Debt Consolidation,0,30,5,5651,1153,167276,27981,2175.5,0.7582022044900879,5,139295,0.236128,0.2520095596497246,490.01474641908976,0.3994551810705997,0,49.0
2043-05-27,44,52424,644,Employed,Master,20,17058,60,0,1,Mortgage,392,0.217323993767186,3,1,0.4363249304285915,0,Home,0,25,11,2505,6612,38826,24805,4368.666666666667,0.8194613681637735,4,14021,0.200058,0.1829144228215939,435.8700685938158,0.189501770622726,1,42.400000000000006
2043-05-29,36,90229,578,Employed,Master,15,15428,24,1,0,Rent,322,0.2354981584437675,3,0,0.3340401757995245,0,Debt Consolidation,0,26,22,5637,3269,50267,95679,7519.083333333333,0.9125897006314808,1,4132,0.201428,0.1806592969596057,770.720605637978,0.145326306039696,1,42.400000000000006
2043-05-30,53,25764,581,Employed,Master,32,21622,24,1,3,Own,949,0.5823724925820982,5,0,0.4826362161339764,1,Auto,0,17,25,6419,196,48366,27229,2147.0,0.8422217830158677,5,21137,0.206122,0.2144380089465247,1115.7794665670158,0.961704455783426,0,71.0
2043-06-04,18,169253,609,Employed,Master,0,25055,60,1,2,Mortgage,705,0.1640413078266824,3,0,0.1440764587446123,0,Auto,0,24,19,1216,744,114282,23950,14104.416666666666,0.6339493592934559,4,90332,0.225555,0.206970671173623,673.5593637272191,0.0977395518231678,1,33.6
2043-06-05,45,66683,651,Self-Employed,Master,24,10293,108,1,3,Rent,684,0.3595815607581388,1,2,0.3354732768263018,0,Debt Consolidation,0,22,16,9719,1047,10766,7091,5556.916666666667,0.9009031192345224,5,3675,0.229793,0.2310012921074268,227.10888353410135,0.1639594289760391,0,51.0
2043-06-08,50,73014,631,Employed,Master,28,17593,60,Divorced,2,Other,414,0.2536478003830012,3,0,0.2369032922074843,0,Debt Consolidation,0,22,5,3278,1015,12303,4411,6084.5,0.4934401434587088,6,7892,0.207093,0.1658691458871764,433.3332323255309,0.139260947049968,1,40.8
2043-06-12,44,57687,568,Employed,Master,20,24602,96,0,2,Own,321,0.2314096755583059,1,0,0.3239189792266055,0,Debt Consolidation,0,21,5,378,353,57982,22811,4807.25,0.652807363268449,6,35171,0.275602,0.252557977279315,598.8758674946391,0.1913517848030868,0,56.0
2043-06-16,31,39034,539,Unemployed,Master,11,22674,96,1,1,Mortgage,371,0.1092651347479199,4,3,0.1845939285611869,0,Auto,0,24,10,1972,2990,36001,149853,3252.833333333333,0.9157543331047612,1,7162,0.288174,0.2737164421469044,584.2173104142765,0.2936570099136987,0,53.0
2043-06-20,50,32137,609,Employed,Master,31,15406,48,1,0,Own,479,0.2455658014363791,5,0,0.161739088890773,0,Debt Consolidation,0,22,15,3647,364,70400,4580,2678.083333333333,0.7886861462044992,8,65820,0.205906,0.188537274692257,459.4529360182128,0.3504196170214566,0,46.0
2043-06-27,42,46755,559,Employed,Master,19,20423,60,0,2,Rent,461,0.1078228273769899,4,0,0.2305151046689124,0,Home,0,21,10,11563,219,84718,35281,3896.25,0.838064656081644,4,49437,0.245923,0.2141521005824481,557.2915715644148,0.2613517026793493,0,52.0
2043-07-03,38,44671,634,Employed,Master,15,38612,36,Divorced,0,Rent,297,0.2133227190527535,5,0,0.2542085824462007,0,Debt Consolidation,0,18,13,9410,10539,19949,22978,3722.5833333333335,0.6763932061313803,6,5222,0.206612,0.1789493245924285,1393.8820155106755,0.4542227437516085,0,50.0
2043-07-08,26,51735,634,Employed,Master,6,28765,60,1,4,Mortgage,405,0.0560587117432675,4,0,0.0339774108396891,0,Education,0,28,25,1263,169,126573,82492,4311.25,0.5312187146494834,4,44081,0.2167649999999999,0.1954849636324814,754.8881611337262,0.2690375554963702,0,46.0
2043-07-12,20,47425,576,Employed,Master,0,17101,72,0,0,Mortgage,152,0.4484997974069108,5,0,0.1233255292663221,0,Debt Consolidation,0,28,2,5001,517,92869,33833,3952.0833333333335,0.9307931341414724,1,59036,0.244101,0.2256931081966693,435.4797508883729,0.1486506486169841,0,54.0
2043-07-23,46,46302,600,Self-Employed,Master,24,21813,96,0,2,Own,354,0.1031529734015675,3,0,0.0216642801447048,0,Home,0,23,11,2830,1221,19482,42770,3858.5,0.893039573132622,2,6880,0.256813,0.2195914535687166,484.0508407317895,0.2171960193680937,0,50.0
2043-08-06,47,117051,637,Employed,Master,28,10540,48,0,0,Own,490,0.2965309345460454,2,0,0.3895227257321745,0,Other,0,28,10,1529,12701,31067,33625,9754.25,0.7270066636167178,7,1898,0.18704,0.1920923561023496,316.3121599367224,0.0826626506329776,1,40.0
2043-08-24,36,136945,582,Employed,Master,10,26417,48,1,2,Rent,488,0.162294943733436,5,2,0.1222017214245305,0,Home,0,27,9,12288,2345,14633,25526,11412.083333333334,0.9609180601496252,9,9881,0.230417,0.2220667515460058,835.262947755811,0.1159527939907972,1,38.400000000000006
2043-09-05,35,44074,651,Employed,Master,10,9996,48,1,2,Mortgage,150,0.3963913411871336,5,0,0.2473680408290153,0,Home,0,26,14,3386,1329,37773,33872,3672.8333333333335,0.9726792808451332,6,3901,0.179496,0.1814451443259883,294.38788381914355,0.1209932070116105,1,37.6
2043-09-22,48,52521,509,Employed,Master,25,27328,96,0,0,Mortgage,149,0.1457639804267393,2,1,0.1500458844872101,1,Home,0,25,11,18295,605,46018,22053,4376.75,0.7521719735570234,6,23965,0.307828,0.2766415109246108,709.5768743210189,0.1961676756316945,0,61.0
2043-09-25,33,45007,652,Employed,Master,12,19740,60,0,3,Other,205,0.2682621533731602,6,0,0.1185781784020267,1,Debt Consolidation,1,12,17,12407,503,32997,40923,3750.5833333333335,0.6149524231441472,2,6727,0.19874,0.2101511922802551,534.2012240284223,0.1970896680147769,0,63.0
2043-10-04,34,25957,502,Employed,Master,11,23468,24,0,0,Mortgage,540,0.2375583154610802,0,1,0.1264180714391046,0,Debt Consolidation,0,17,29,354,1190,163989,8889,2163.083333333333,0.9156001805130538,6,155100,0.2474679999999999,0.2681152664510098,1273.9539378134025,0.8385964192225923,0,48.0
2043-10-08,29,57542,610,Employed,Master,9,33353,48,1,2,Mortgage,448,0.1257239080880795,6,1,0.1817474023883532,0,Education,0,22,12,9734,2819,27597,41280,4795.166666666667,0.8235272424877311,2,3956,0.223353,0.1955195411434516,1006.9990194428572,0.3034303332055592,0,46.0
2043-10-10,35,71250,459,Employed,Master,10,12747,60,1,1,Mortgage,569,0.3011538928821468,2,0,0.4095916063115382,0,Debt Consolidation,0,22,13,2927,325,74308,15528,5937.5,0.7489065195925128,6,58780,0.288247,0.3086637664938331,419.2178891143824,0.1664366971140012,0,54.0
2043-10-11,25,87993,614,Employed,Master,4,30757,24,0,2,Rent,388,0.431177790409414,5,2,0.505274467358334,0,Debt Consolidation,1,19,19,1371,2799,67991,28377,7332.75,0.9718107113142044,5,39614,0.198757,0.1964978033745308,1560.1450527877605,0.2656772769817273,0,61.0
2043-10-12,29,50524,617,Employed,Master,10,17589,60,0,2,Mortgage,368,0.1700409348404999,6,1,0.4619459784643157,0,Home,0,15,24,4108,3575,13044,1593,4210.333333333333,0.9248062677226614,4,11451,0.214089,0.2432993938774101,509.3738167195872,0.2083858324882243,0,52.0
2043-10-22,40,50296,471,Employed,Master,17,18480,36,1,0,Mortgage,255,0.2120592709520021,1,1,0.2642599050068532,0,Debt Consolidation,0,36,16,12923,212,16375,12199,4191.333333333333,0.8072378828654935,5,4176,0.26798,0.2850117140917836,769.4114510224673,0.2444118302105457,0,52.0
2043-11-03,38,80235,559,Employed,Master,13,51826,60,0,1,Own,276,0.3880440574780859,2,1,0.2468989642214668,0,Debt Consolidation,0,30,6,1599,255,62291,24645,6686.25,0.9561491882731462,3,37646,0.2773259999999999,0.226172558221821,1449.6253114233364,0.2580856700577059,0,53.0
2043-11-04,49,93598,562,Employed,Master,26,26244,48,1,0,Mortgage,137,0.1731454509468835,0,1,0.1901715181204569,0,Auto,0,28,11,884,2272,164130,18302,7799.833333333333,0.9871229393520106,6,145828,0.2402439999999999,0.2533304903428598,875.0577508616913,0.129753766216589,1,35.2
2043-11-08,28,54976,608,Unemployed,Master,8,12453,72,Divorced,2,Mortgage,489,0.2251971127317923,2,1,0.3001971188872946,1,Other,0,24,3,1195,778,105463,20462,4581.333333333333,0.710680818329381,5,85001,0.2234529999999999,0.1861894773562056,288.4000105833507,0.1696885936954345,0,67.0
2043-11-16,37,37434,562,Employed,Master,13,19023,60,1,1,Own,477,0.2524336016303345,4,1,0.1412024371622788,0,Education,0,21,15,2104,2351,82189,8330,3119.5,0.8673593184177439,3,73859,0.243023,0.2598403785112793,569.3777964658184,0.3354312538758834,0,49.0
2043-11-19,42,58386,425,Employed,Master,18,9822,36,1,2,Mortgage,379,0.2916169752375738,3,1,0.1382719197877085,0,Auto,0,19,21,5649,901,160272,61741,4865.5,0.9045172528840132,1,98531,0.2823219999999999,0.2911201414640702,412.19667952342087,0.1626136428986581,1,38.400000000000006
2043-11-21,31,43141,594,Employed,Master,5,28334,36,0,1,Mortgage,498,0.0804537722348062,7,2,0.596606581795466,0,Home,1,22,1,7027,2363,40344,23479,3595.083333333333,0.9055232439257832,9,16865,0.216334,0.2459540699693134,1120.50074791521,0.4501983953775415,0,68.0
2043-11-23,40,136735,621,Self-Employed,Master,19,27495,48,Divorced,3,Mortgage,168,0.1658350566507761,5,0,0.0781046299153326,0,Home,0,29,18,2958,3824,8561,104253,11394.583333333334,0.8760875542822083,9,3855,0.211995,0.2227798969899849,870.4144532215431,0.0911322882850661,1,37.6
2043-11-27,39,80516,542,Employed,Master,13,11758,60,0,3,Own,334,0.6963307472842453,4,1,0.1152141920849474,0,Education,0,31,11,5221,1561,28545,10201,6709.666666666667,0.6427851023034078,5,18344,0.2457579999999999,0.2534552265790188,347.4987065772242,0.1015696815406464,1,40.8
2043-12-01,25,49472,515,Employed,Master,3,23636,60,Widowed,4,Rent,259,0.2597383333688664,3,2,0.2447311372635714,0,Auto,0,35,14,2185,4539,93127,7788,4122.666666666667,0.4609333717734958,3,85339,0.271136,0.3184943943205486,791.7712869223717,0.2548766058188159,0,51.0
2043-12-14,41,151286,498,Employed,Master,18,36732,72,Divorced,3,Mortgage,327,0.4609680637026796,3,0,0.2974287375715657,0,Education,1,33,28,562,3656,203633,6164,12607.166666666666,0.941141385515486,10,197469,0.302732,0.3036008459418197,1113.5924230511623,0.1142677384332585,1,42.400000000000006
2043-12-28,34,44622,561,Employed,Master,13,13501,48,1,4,Own,594,0.1199146785506237,1,1,0.796751388333803,0,Home,1,29,23,10074,2898,121971,20790,3718.5,0.9233634547870128,3,101181,0.228001,0.2232650757686608,427.76033787433687,0.2747775548942683,0,60.0
2043-12-31,25,46456,495,Employed,Master,6,31796,72,0,3,Mortgage,295,0.1860896241236757,1,2,0.4877447437419693,0,Auto,0,25,12,3601,5751,72458,10970,3871.3333333333335,0.7605085705235218,10,61488,0.299296,0.2711197181810201,898.1561728568312,0.3082029032693726,0,54.0
2044-01-07,42,144268,557,Employed,Master,22,35741,84,1,1,Rent,426,0.1140425594908708,1,0,0.2047483997293265,0,Education,0,22,19,3322,1085,118497,84478,12022.333333333334,0.9099745013162704,3,34019,0.2822409999999999,0.2908355426099269,1000.009188727762,0.1186133464436544,1,39.2
2044-01-12,48,52971,577,Employed,Master,23,28096,36,1,2,Mortgage,578,0.3474026547532935,4,0,0.4607091166251331,0,Home,0,31,22,2628,177,89493,6925,4414.25,0.7260780097953478,7,82568,0.224596,0.2236332984980466,1078.2871363767645,0.3752137138532626,0,54.0
2044-01-18,37,106801,571,Unemployed,Master,15,5200,36,1,0,Rent,805,0.2887203070967303,6,2,0.1745089333997497,0,Auto,0,21,18,326,2102,54628,56752,8900.083333333334,0.5477559432002361,7,8859,0.2047,0.1886694188889363,190.2616618774857,0.111826105959025,1,41.6
2044-01-23,37,78005,560,Employed,Master,16,28686,48,0,2,Rent,278,0.1835288847568392,1,2,0.3857616782259188,0,Other,0,19,15,3115,398,31274,20493,6500.416666666667,0.83777203617495,4,10781,0.2436859999999999,0.2237293486829564,909.601230264155,0.1826961702861337,1,42.400000000000006
2044-02-01,45,80472,540,Employed,Master,23,32804,60,Divorced,0,Rent,810,0.2329593926027611,4,1,0.1774841597591173,0,Home,0,18,17,573,1399,34934,4087,6706.0,0.7264567283871572,2,30847,0.267804,0.2285406305825559,922.0117894332484,0.2582779286360346,1,39.2
2044-03-16,33,44487,580,Employed,Master,8,21791,36,0,0,Mortgage,305,0.5015015084445232,7,1,0.1884956662922277,0,Auto,0,23,21,820,206,15933,1773,3707.25,0.6736875350071474,6,14160,0.216791,0.1762028064700514,783.6521922695006,0.2936549173294222,1,41.6
2044-03-20,29,63914,631,Employed,Master,9,17142,60,1,2,Rent,502,0.5237168102628191,2,0,0.1951161831541188,0,Debt Consolidation,0,34,14,14167,2214,114840,26787,5326.166666666667,0.6166872820478828,4,88053,0.206642,0.1999866703176852,454.14544078795336,0.1795184981296029,1,36.8
2044-03-21,20,100579,616,Employed,Master,0,22950,48,1,3,Mortgage,399,0.0993583734104448,2,1,0.1062694988867307,0,Auto,0,22,8,3466,837,160938,1910,8381.583333333334,0.4957279283706534,4,159028,0.20995,0.2002093581409651,698.6328369232253,0.1309576953745682,1,33.6
2044-03-29,53,64484,577,Employed,Master,29,18415,96,Widowed,4,Own,333,0.34345849372826,6,0,0.1770928611054194,0,Home,0,29,29,4730,4633,65787,57600,5373.666666666667,0.916010112928338,6,8187,0.264915,0.2576161132628464,454.4811023272375,0.1465444641760258,1,40.0
2044-04-05,36,206163,564,Unemployed,Master,16,18132,24,0,2,Rent,472,0.6815392083036725,0,0,0.4143158350443445,0,Debt Consolidation,0,24,3,3835,3115,76465,62061,17180.25,0.8481930623075717,6,14404,0.211132,0.250128334152374,967.8491616672172,0.0838083940377594,1,49.6
2044-04-20,18,27208,555,Unemployed,Master,0,16618,12,Divorced,1,Mortgage,379,0.1715522091378666,2,0,0.1878009557496837,0,Debt Consolidation,0,29,10,2242,3618,104467,22153,2267.333333333333,0.8068288112221922,4,82314,0.204118,0.1983410277362004,1538.0810878352268,0.8455223851081564,0,52.0
2044-04-30,52,58089,614,Employed,Master,29,15575,48,0,0,Mortgage,740,0.1292523719137555,2,2,0.4417214419809985,0,Other,0,26,27,1697,971,27043,16497,4840.75,0.7592781559763949,4,10546,0.203575,0.2087117295924567,481.2121376075245,0.2522774647745751,1,41.6
2044-05-05,33,24828,545,Employed,Master,12,27590,36,Divorced,2,Own,272,0.3287108104085298,2,0,0.3300445748094849,0,Auto,0,24,15,2256,1995,193417,123704,2069.0,0.9173029908020542,10,69713,0.24009,0.2659821462442038,1120.4290050203967,0.6729961358242613,0,54.0
2044-05-07,50,37822,642,Employed,Master,28,14092,36,0,2,Rent,559,0.2133173262611446,4,2,0.2629007392878876,0,Home,0,20,17,28328,314,28642,25987,3151.833333333333,0.7157169630856498,2,2655,0.178092,0.1594971087227236,495.083106547456,0.3344349129757673,0,50.0
2044-05-08,25,24077,575,Employed,Master,3,8556,48,0,3,Mortgage,478,0.3872352319374441,3,0,0.0211889719787186,0,Debt Consolidation,1,28,14,5262,1528,123216,12848,2006.4166666666667,0.9087720732555008,7,110368,0.216056,0.2164350009901363,267.912783659746,0.3717636501190742,0,54.0
2044-05-15,38,18561,616,Employed,Master,13,34653,24,0,4,Mortgage,810,0.4346413055920228,3,3,0.3440566368154653,0,Debt Consolidation,0,27,11,904,562,308705,19918,1546.75,0.9703165139864078,7,288787,0.201653,0.2419836,1835.5746834418185,1.7104087172728744,0,48.0
2044-05-16,36,65725,612,Employed,Master,16,66553,60,1,3,Mortgage,983,0.3193977036423617,3,0,0.3994077174954538,0,Other,0,29,22,2676,169,23582,3487,5477.083333333333,0.6095892285441986,11,20095,0.265553,0.2889897037645808,2108.425069418767,0.5644290731536737,0,51.0
2044-05-23,37,18214,492,Employed,Master,13,10922,60,1,2,Mortgage,442,0.2980886071236465,5,0,0.2067814229364711,0,Debt Consolidation,0,19,17,2570,628,29055,156710,1517.8333333333333,0.7671953133341312,5,3763,0.269922,0.2375723698112264,312.666603656487,0.4971999145645023,0,54.0
2044-06-03,53,15176,630,Employed,Master,30,34089,96,1,2,Mortgage,478,0.2833445022830082,3,0,0.4607934602763745,0,Debt Consolidation,1,22,28,2380,3768,69579,10616,1264.6666666666667,0.8551900209388142,6,58963,0.254089,0.2705728510883102,871.0587478661452,1.0667306915125023,0,59.0
2044-06-15,35,47283,552,Employed,Master,13,15352,24,Divorced,1,Mortgage,517,0.1957233256383413,4,0,0.0759044777257901,0,Debt Consolidation,0,25,6,734,2097,83163,31867,3940.25,0.7775918024444459,5,51296,0.214352,0.2083496440935214,787.628609084561,0.3311030033841916,0,50.0
2044-06-26,20,35969,576,Employed,Master,0,16034,36,1,1,Rent,377,0.37558434750907,4,0,0.2559242599294062,0,Home,0,21,22,13695,981,33112,18864,2997.4166666666665,0.5570233850782071,6,14248,0.213034,0.1978532487241613,594.128502147509,0.3239884908051408,0,53.0
2044-06-28,57,127311,545,Employed,Master,34,20471,48,1,3,Mortgage,414,0.2983207764951767,3,0,0.3353827694114659,0,Home,0,19,25,2649,7130,51619,49551,10609.25,0.9423263109412652,5,2068,0.242971,0.2384748684756865,665.6673439502483,0.1017666040436645,1,41.6
2044-07-03,35,50220,604,Self-Employed,Master,9,19533,48,0,1,Other,391,0.4657426459790639,2,1,0.1631673948380907,0,Education,0,27,1,11492,356,22534,111348,4185.0,0.8198925864917661,4,1164,0.212533,0.2097242522394276,604.5632538596565,0.2378884716510529,0,55.0
2044-07-07,30,69223,628,Self-Employed,Master,8,26342,36,1,1,Other,287,0.2093991273887074,2,1,0.5565705887464668,0,Home,0,15,18,3196,805,302859,6913,5768.583333333333,0.7987251958175742,6,295946,0.197342,0.2282057314758866,1017.229677067078,0.2260918498881143,0,52.0
2044-07-09,18,71515,629,Employed,Master,0,28997,36,0,2,Own,444,0.2831615078433246,3,3,0.5769497266641739,0,Education,0,17,2,3574,1046,75946,12082,5959.583333333333,0.8493562457323018,3,63864,0.199497,0.2023354864565604,1081.0861482151583,0.2559048280581962,0,57.0
2044-07-11,39,27764,526,Unemployed,Master,21,25312,48,0,3,Rent,159,0.4566721041747205,3,1,0.2127492793687639,0,Home,0,29,16,3205,4634,23618,5912,2313.6666666666665,0.7566198405393986,5,17706,0.257312,0.2479371252757895,836.3635811113647,0.4302104514240159,0,58.0
2044-07-19,41,50184,505,Employed,Master,15,24353,60,1,3,Own,261,0.5374940655496567,2,0,0.1937309199020985,0,Other,0,20,21,295,534,201770,16281,4182.0,0.7752308325616543,7,185489,0.2768529999999999,0.2996971010696347,787.4492187817089,0.250705217307917,0,47.0
2044-08-02,27,245401,517,Employed,Master,6,27973,36,0,0,Rent,292,0.2849904357111631,3,1,0.1915847455837037,0,Education,0,22,16,4370,1985,116867,19294,20450.08333333333,0.8307452308198118,4,97573,0.254473,0.2482471294708421,1109.609956081516,0.0685381048690844,1,36.8
2044-08-18,40,41904,611,Self-Employed,Master,17,22302,48,0,0,Other,563,0.0545642023431682,1,1,0.330290614253437,0,Education,0,22,21,5500,4486,9986,17440,3492.0,0.8007942596141305,4,5600,0.211802,0.1915699555963212,668.6814445674711,0.3527151903114178,0,54.0
2044-08-21,44,31795,657,Employed,Master,22,23809,72,Widowed,1,Mortgage,690,0.4270981729324004,4,6,0.2818199728777572,0,Debt Consolidation,0,24,24,3244,1112,8031,8235,2649.583333333333,0.7881058032573681,8,8572,0.210309,0.2057541541239894,578.2619150284917,0.4786646636371096,0,48.0
2044-08-26,56,52532,658,Employed,Master,31,12526,36,1,4,Mortgage,816,0.3056549031281931,1,1,0.4899890315782778,0,Auto,0,23,6,8452,2927,30200,39541,4377.666666666667,0.8587265449591067,4,5051,0.168526,0.1994383094399342,465.1526330823857,0.292656506452993,0,52.0
2044-09-01,30,65716,544,Employed,Master,7,19375,108,1,1,Mortgage,564,0.598014230999976,3,0,0.0652340327017518,0,Home,0,23,16,1926,501,38197,89178,5476.333333333333,0.7900094133905974,2,5776,0.292375,0.3407767419075541,578.315255144356,0.2085912572544322,0,51.0
2044-09-20,33,62353,636,Employed,Master,9,35627,48,0,1,Mortgage,192,0.0882130349303276,1,1,0.0437957804937619,0,Home,0,19,20,2574,1375,26958,1901,5196.083333333333,0.9340295203097564,3,25057,0.212627,0.2057619742521587,1095.1098784247529,0.2477077051801362,0,46.0
2044-09-27,51,161048,604,Unemployed,Master,26,12023,60,1,0,Mortgage,757,0.2175060626402837,3,1,0.442370319447072,0,Debt Consolidation,0,25,29,3887,3164,11334,77276,13420.666666666666,0.8831699261629468,6,8249,0.215023,0.2331990519695915,341.14748408712694,0.0818251068566236,1,43.2
2044-10-17,42,17097,467,Employed,Master,21,61089,36,1,1,Own,238,0.2997771355766572,0,1,0.8164641536960104,0,Home,0,28,12,2758,3086,170383,113688,1424.75,0.932636921287332,2,56695,0.312589,0.2789819432711254,2523.501444205467,1.9382357916865889,0,58.0
2044-11-09,37,15000,536,Employed,Master,15,49168,96,0,0,Mortgage,417,0.3128188710855188,1,0,0.0355424665009512,0,Education,0,24,26,4168,5386,53993,21517,1250.0,0.7916890496519756,4,32476,0.316168,0.3004646980512223,1357.4808719391276,1.419584697551302,0,52.0
2044-11-15,42,42713,660,Employed,Master,19,14426,84,0,1,Mortgage,424,0.1124926860976698,5,0,0.2915893468646631,0,Home,0,22,3,1206,744,63496,42060,3559.4166666666665,0.9381695583233308,10,21436,0.209426,0.1738522304049593,298.02735889569203,0.202849912362707,0,49.0
2044-11-27,32,220534,524,Employed,Master,8,27866,96,1,2,Rent,553,0.4255152983859667,2,0,0.4188998319090666,0,Home,0,21,11,1366,888,185480,3600,18377.83333333333,0.5897180507378226,4,181880,0.300866,0.254730203031142,682.3610270287209,0.0672201670687723,1,40.8
2044-11-29,32,48933,542,Employed,Master,10,21628,24,1,1,Mortgage,322,0.4214445224983174,0,0,0.4458486157141614,0,Auto,0,27,20,1849,90,54867,4384,4077.75,0.6951222465214508,2,50483,0.225628,0.1999400237683165,1100.7110516981195,0.3488960950764808,0,56.0
2044-12-02,34,94179,605,Employed,Master,14,16886,48,0,1,Mortgage,264,0.2308748914619702,2,0,0.2266651027368192,0,Debt Consolidation,0,30,27,2935,934,146021,51130,7848.25,0.7761967834924394,5,94891,0.209386,0.2313992579660254,542.5165070364538,0.1027638654523561,1,36.8
2044-12-06,52,147097,613,Employed,Master,28,17400,24,Divorced,4,Mortgage,1116,0.6824564460099969,4,1,0.1291978415022535,0,Debt Consolidation,0,29,6,3898,1494,265558,10460,12258.083333333334,0.6435967491100957,7,255098,0.1858999999999999,0.1651696363591421,856.2623504698164,0.1608948394980033,1,34.4
2044-12-12,33,28513,600,Employed,Master,15,32165,48,0,1,Mortgage,506,0.2869840701583326,3,1,0.4205095806528601,0,Auto,0,24,11,5108,2385,217591,88717,2376.083333333333,0.7542475037478653,5,128874,0.227165,0.2298035610781677,1030.5894337815453,0.6466900433268524,0,51.0
2044-12-15,37,42752,557,Employed,Master,16,33583,84,0,0,Own,841,0.2947548666826505,4,1,0.658015160774145,0,Home,0,23,1,2812,342,33334,24109,3562.6666666666665,0.9607871488972948,5,9225,0.2800829999999999,0.2643968727666428,881.1958593470059,0.4834007838735982,0,63.0
2044-12-27,35,57042,487,Unemployed,Master,15,38126,48,Divorced,2,Mortgage,503,0.1030417987292929,3,0,0.3949238098888546,0,Debt Consolidation,0,28,11,663,541,51495,20018,4753.5,0.7585215380250151,9,31477,0.289626,0.315289043774101,1406.8738633610776,0.4017826576966609,0,56.0
2045-01-06,41,33055,658,Employed,Master,20,34168,72,1,0,Rent,477,0.1798594383940629,2,2,0.2012735617408995,0,Education,0,22,25,3364,218,121228,6133,2754.583333333333,0.8349786370636105,2,115095,0.220168,0.224331584043752,867.3164321744216,0.4880289573768888,0,42.0
2045-01-09,40,47384,643,Employed,Master,17,9445,36,Divorced,0,Own,263,0.3627358843922741,5,0,0.0981545619041668,0,Auto,0,23,12,6969,366,50805,55466,3948.6666666666665,0.9343709253502664,4,7691,0.172945,0.1877492193080901,345.1422223769409,0.1540120434856342,1,38.400000000000006
2045-01-11,36,39705,597,Employed,Master,13,11207,108,Widowed,0,Mortgage,664,0.2283606490018033,3,2,0.2836640221283236,0,Education,1,18,22,21054,1307,145195,18593,3308.75,0.9847851801838836,5,126602,0.257707,0.2937050838648495,296.0316589602187,0.290149349137958,0,55.0
2045-01-13,43,95640,620,Employed,Master,24,27587,48,1,1,Mortgage,384,0.2909353993890957,2,1,0.3924798132706396,0,Home,0,31,9,2199,1164,196316,4809,7970.0,0.8630676841531663,5,191507,0.212587,0.1900774850433885,824.9673628258514,0.151689756941763,1,37.6
2045-01-25,38,37643,530,Self-Employed,Master,16,20926,60,0,1,Rent,264,0.4650196385274368,2,0,0.2930737652200693,0,Home,0,29,20,1987,950,86977,40856,3136.9166666666665,0.862900076565854,4,46121,0.260926,0.2882036222769079,661.9436801053131,0.2951763717361463,0,57.0
2045-02-12,51,25368,637,Employed,Master,32,39822,72,Divorced,0,Mortgage,280,0.3268033831152238,4,2,0.4724684289517225,0,Home,0,19,5,794,1947,37652,22452,2114.0,0.8262438779742258,5,15200,0.236322,0.2428710004058704,1055.3382831751826,0.6316642777555262,0,57.0
2045-02-15,67,39634,616,Employed,Master,45,18801,72,1,1,Rent,579,0.5632294446045503,4,0,0.2281426157851723,0,Auto,0,18,23,3638,1690,235620,11902,3302.833333333333,0.734664510858013,8,223718,0.225801,0.2070521431628158,458.0554903498012,0.3139896524246257,0,47.0
2045-02-19,51,60014,556,Employed,Master,29,9181,36,Widowed,0,Mortgage,180,0.066992482166399,6,1,0.101833258649148,1,Education,0,18,1,346,1198,526055,146088,5001.166666666667,0.6407098393260128,1,379967,0.2161809999999999,0.2066890076928206,344.3359974673813,0.1048427361883656,1,47.2
2045-02-21,49,168849,605,Unemployed,Master,25,43090,36,1,0,Rent,1135,0.0801057543884574,4,3,0.0787671878230172,0,Auto,0,22,23,14859,957,44359,66230,14070.75,0.8356168947990439,2,8478,0.2255899999999999,0.2374853166956433,1684.85947356678,0.2004057689580712,1,37.6
2045-03-07,37,40239,599,Employed,Master,10,12174,36,1,0,Mortgage,665,0.6375448992489708,5,0,0.3881659574598959,0,Debt Consolidation,0,25,11,2758,3469,129462,19310,3353.25,0.8017048096623922,6,110152,0.197674,0.2018982578730381,453.6078088002993,0.3335891474838737,1,42.400000000000006
2045-03-16,43,94197,479,Employed,Master,20,18360,60,0,1,Rent,701,0.1738337266196243,4,0,0.4754842096812958,0,Debt Consolidation,0,13,12,1983,1553,111244,9811,7849.75,0.6261190964113572,6,101433,0.28386,0.304050875443582,598.584791492436,0.1655574752689494,1,40.0
2045-03-18,24,95552,541,Employed,Master,2,16346,60,Divorced,0,Rent,350,0.3932348501830165,5,2,0.1483279547287818,0,Auto,0,31,14,326,5480,18611,14186,7962.666666666667,0.9303188403447284,1,4425,0.250846,0.2862615189994456,515.1385404636602,0.1086493478479144,0,49.0
2045-03-19,18,27607,579,Employed,Master,0,12554,72,1,5,Rent,998,0.385934873103997,6,0,0.1908061158158076,0,Debt Consolidation,0,19,11,2042,6043,46584,19421,2300.583333333333,0.9628957659247586,3,27163,0.238054,0.253329720620531,340.7388566184827,0.5819127858666929,0,52.0
2045-03-25,18,75393,553,Unemployed,Master,0,33748,48,1,3,Rent,519,0.3676139129296176,4,1,0.1971094010736918,0,Other,1,23,6,1411,1411,57363,125108,6282.75,0.5235494509977321,6,9933,0.2522479999999999,0.2967871028602572,1208.832031628325,0.2750120618564044,0,61.0
2045-03-27,32,61203,611,Self-Employed,Master,9,19904,24,0,2,Mortgage,212,0.5611419109359183,1,1,0.2160927627778643,0,Home,0,24,13,9210,210,11742,13660,5100.25,0.699462164686996,3,8679,0.189404,0.1811010583033268,994.7485550464332,0.2366057654127608,1,42.400000000000006
2045-04-13,59,124902,583,Employed,Master,35,16846,48,Divorced,1,Other,229,0.7348952291382864,2,1,0.1305168727401736,0,Home,0,19,17,3789,498,294053,10716,10408.5,0.9169259456933708,0,283337,0.220346,0.2644152,572.1942776332689,0.0769749990520506,1,35.2
2045-04-26,29,102806,533,Employed,Master,9,12096,120,0,2,Other,116,0.027864286494144,4,0,0.09560493785444,0,Other,0,23,18,680,523,207997,16828,8567.166666666666,0.9509343198530976,5,191169,0.300596,0.3587052989838113,372.4404280159832,0.0570130647646226,0,44.0
2045-05-06,18,62810,553,Employed,Master,0,8267,36,Divorced,0,Rent,670,0.110729779302347,3,0,0.0990831773236899,0,Home,0,31,23,7732,843,71841,15964,5234.166666666667,0.7937440887061965,2,55877,0.216767,0.2468328730683309,327.3112990451542,0.1905386974771827,0,47.0
2045-05-16,31,79699,559,Employed,Master,10,17322,60,1,2,Mortgage,344,0.1903881506047809,3,2,0.2703768534910965,0,Home,0,25,18,14863,286,75467,37541,6641.583333333333,0.5774179352471879,6,37926,0.2428219999999999,0.2621868915278934,520.8738036019864,0.1302210271549685,1,40.8
2045-05-23,54,45662,628,Employed,Master,29,11410,72,0,1,Rent,649,0.442855623000852,5,0,0.1202069277170651,0,Auto,0,12,19,18391,631,158496,49567,3805.1666666666665,0.8180437209136084,2,108929,0.21241,0.2081474178666426,278.7169856317248,0.2438045601940497,0,45.0
2045-05-25,52,32399,632,Employed,Master,32,29591,36,1,4,Mortgage,488,0.4398431845600299,3,0,0.1629677137313952,1,Education,0,19,29,6781,2709,24985,9219,2699.9166666666665,0.8266238477141237,8,15766,0.198591,0.2318684886275876,1148.3431202393842,0.6060717134131489,0,61.0
2045-06-11,40,35675,615,Employed,Master,18,10286,72,Divorced,2,Rent,266,0.0877954779478209,1,1,0.5033687543418387,0,Other,0,18,6,7036,1297,133671,26742,2972.9166666666665,0.8086761263917474,5,106929,0.2177859999999999,0.2321763333550441,265.9335185450892,0.1789264813606467,0,53.0
2045-06-16,19,23477,570,Employed,Master,0,12897,24,1,3,Own,301,0.1621879155489233,1,2,0.4784813632269892,0,Debt Consolidation,0,19,11,4810,1670,124738,11304,1956.4166666666667,0.7661028462206283,7,113434,0.202897,0.1812789812253741,644.6684281714909,0.4833675996957827,0,53.0
2045-07-06,45,104100,535,Employed,Master,26,22610,24,1,4,Mortgage,242,0.1443207966867365,0,0,0.0975224854557053,0,Home,0,24,12,2008,3442,62304,19757,8675.0,0.6992996671599767,4,42547,0.2301099999999999,0.2262484921205002,1179.9534911311505,0.1639139471044553,1,38.400000000000006
2045-07-15,19,49910,609,Employed,Master,0,19908,72,1,1,Mortgage,243,0.2966092413907109,3,1,0.1101688500201285,0,Debt Consolidation,0,24,25,2082,2467,278114,21717,4159.166666666667,0.9383866489754652,3,256397,0.230408,0.2247322794959379,505.81826003518825,0.1800404552278553,1,33.6
2045-08-06,27,83046,517,Employed,Master,6,22327,60,1,4,Rent,326,0.2199835384523921,5,1,0.5158212045425876,0,Debt Consolidation,0,21,3,1267,385,56712,15908,6920.5,0.9024172933200744,8,40804,0.268827,0.2287241050591061,627.773043724212,0.137818516541321,1,48.0
2045-08-08,24,36768,598,Employed,Master,0,33219,12,0,0,Mortgage,528,0.2432279076364943,5,1,0.3644706147050935,0,Home,0,21,1,4136,814,118639,1577,3064.0,0.8686344158467855,2,117062,0.199219,0.2258471359312984,3118.467357556861,1.1901003125185576,0,55.0
2045-08-10,58,149456,639,Self-Employed,Master,37,17227,36,0,0,Mortgage,485,0.5899311711387947,3,1,0.3165517899305457,0,Education,0,24,17,470,1387,51719,2806,12454.666666666666,0.5765075821570766,5,48913,0.182727,0.1919508737118316,633.1737427821605,0.0897794997416358,1,42.400000000000006
2045-08-12,42,94771,632,Employed,Master,23,16012,84,0,0,Other,172,0.6641962116919531,2,0,0.1641191249365337,0,Debt Consolidation,0,26,1,1573,3476,98233,11703,7897.583333333333,0.6362569396135375,2,86530,0.225012,0.2255496568208899,380.6019759257919,0.0699710218432801,1,40.0
2045-08-15,49,24438,596,Employed,Master,27,14188,24,Widowed,4,Mortgage,175,0.153116691640389,4,1,0.3691202667219278,0,Other,1,25,5,3814,546,28130,10344,2036.5,0.6463262038488854,10,17786,0.191188,0.2122438453228011,730.6242601392115,0.444696420397354,0,63.0
2045-08-21,38,60126,627,Employed,Master,15,13773,24,0,3,Mortgage,543,0.1401337283006979,3,0,0.1287429431405591,0,Home,0,39,17,6730,2362,30448,10261,5010.5,0.6882977055707676,1,20187,0.175273,0.2031752377155503,703.126152357104,0.2487029542674591,1,36.8
2045-08-26,33,60929,617,Unemployed,Master,11,11612,60,1,3,Own,169,0.2469643253908445,5,1,0.2431792919876297,0,Home,1,23,27,852,781,154595,32685,5077.416666666667,0.7867730308375729,2,121910,0.208112,0.2225439799132902,322.3926489166334,0.0967800519785258,1,43.2
2045-09-11,41,84613,650,Employed,Master,18,26307,24,1,1,Rent,563,0.0254171171693963,5,1,0.2197225142350217,0,Home,0,17,18,18824,3507,37383,27916,7051.083333333333,0.7946213824219545,7,9467,0.176307,0.1792363757674399,1312.3829164274182,0.2659708909639064,1,35.2
2045-09-13,45,171555,648,Self-Employed,Master,24,8538,36,Divorced,4,Mortgage,185,0.275303800223945,3,3,0.3865017855177419,0,Auto,0,28,19,786,814,40217,21480,14296.25,0.9566374330794571,5,18737,0.169538,0.1737202989638094,305.9861734334719,0.0343437036588945,1,41.6
2045-09-16,70,113277,671,Employed,Master,45,61521,48,1,0,Own,466,0.4073671403756752,3,2,0.1224120867698603,0,Debt Consolidation,0,20,20,2118,7371,134904,16327,9439.75,0.7246522062722076,6,118577,0.221021,0.2195656691047657,1936.8350644741693,0.2545443538731607,0,40.0
2045-09-25,26,19186,624,Employed,Master,4,57382,60,1,3,Mortgage,299,0.1774367144768373,5,1,0.1141861695977819,0,Auto,0,28,23,3491,477,74411,6839,1598.8333333333333,0.6693833847406799,8,67572,0.250382,0.2290121478269729,1614.370504740551,1.196729180490285,0,46.0
2045-09-28,29,47083,581,Employed,Master,3,28420,84,0,0,Rent,575,0.2802134057949173,3,2,0.043863003256278,0,Home,0,30,12,682,1765,35189,58476,3923.5833333333335,0.7185342867105358,5,3350,0.26292,0.315504,842.4512085022236,0.3612644585524857,0,51.0
2045-10-06,37,15000,624,Employed,Master,14,7434,60,0,1,Rent,138,0.4749804931986691,4,0,0.3667784491308707,0,Auto,0,32,2,8022,108,19655,22352,1250.0,0.7345987074192626,1,10046,0.200434,0.2287434177068617,209.03160899077164,0.2776252871926173,0,58.0
2045-10-15,35,246857,562,Self-Employed,Master,9,20767,60,1,0,Other,482,0.0982177187543579,3,1,0.2654571127127261,0,Education,0,23,28,6322,3193,187481,162124,20571.416666666668,0.8802831987165278,2,25357,0.244767,0.197559934017226,547.3827692253611,0.0500394691287034,1,41.6
2045-10-16,40,28801,493,Employed,Master,18,18168,60,0,0,Mortgage,202,0.5375094123314603,2,1,0.3984429322721491,0,Home,1,23,11,2338,782,142534,8756,2400.083333333333,0.921190980870384,4,133778,0.2766679999999999,0.2650671278718625,549.4218025675289,0.3130815468494269,0,59.0
2045-11-13,58,236765,578,Employed,Master,37,11932,60,Widowed,1,Rent,185,0.1123944883350682,3,0,0.5774814305472551,0,Education,0,23,14,8848,2130,25640,4850,19730.416666666668,0.8737882280761938,3,20790,0.227932,0.2384332504615061,342.1751293797652,0.0267189050432166,1,44.0
2045-11-17,48,113094,596,Employed,Master,24,22390,12,1,1,Mortgage,503,0.1994952638967003,0,0,0.3313387554492199,0,Debt Consolidation,0,18,10,11476,1039,61940,36079,9424.5,0.8930822001092752,3,25861,0.18939,0.1992390406534854,2073.2712441782346,0.2733589308905761,1,41.6
2045-11-19,32,24514,560,Employed,Master,10,10493,84,Widowed,1,Other,286,0.3418138374154619,2,0,0.1155019837318894,0,Other,0,21,24,2397,827,110849,15474,2042.8333333333333,0.6785903681645178,8,95375,0.2554929999999999,0.3057954120269442,304.1263024350231,0.2888763820355828,0,50.0
2045-11-21,24,85455,509,Employed,Master,0,35659,48,0,2,Rent,168,0.2026899471256097,2,1,0.0679026752468757,0,Education,0,15,3,773,4302,130670,69049,7121.25,0.8707755726810193,6,61621,0.276159,0.2800562442878278,1242.9074570657283,0.1981263762774412,0,50.0
2045-11-25,29,79931,573,Unemployed,Master,6,25930,108,0,1,Mortgage,378,0.2280625967492606,1,0,0.094341439645708,0,Education,0,27,10,4270,448,100288,11100,6660.916666666667,0.8304148768456863,2,89188,0.28443,0.2790403244250145,657.9117271724493,0.1555208958485367,0,51.0
2045-11-26,36,52516,606,Employed,Master,13,16677,84,Divorced,3,Mortgage,345,0.3074045368079118,4,3,0.252516479589409,0,Education,0,24,10,2233,1065,90111,21641,4376.333333333333,0.8470750833234018,6,68470,0.238677,0.2602141598822714,433.0740502866636,0.1777913131891226,0,47.0
2045-11-30,46,30266,663,Employed,Master,24,42903,12,0,0,Rent,540,0.2400394576757329,2,1,0.1270944176574417,0,Home,0,20,13,1399,855,11944,12474,2522.1666666666665,0.8437578864852389,5,3398,0.176403,0.2012521328446413,3976.869698593068,1.7908688423682289,0,45.0
2045-12-10,54,20981,474,Employed,Master,30,24336,24,1,3,Rent,310,0.3415491479633606,4,0,0.0929761575425324,0,Education,0,21,1,427,595,317442,63920,1748.4166666666667,0.7247881704549007,8,253522,0.262336,0.3148032,1379.306894840625,0.9661923996991324,0,50.0
2045-12-14,31,53522,646,Employed,Master,9,38220,60,Widowed,1,Mortgage,229,0.4744494517587799,1,0,0.0537332756700453,0,Other,0,22,25,1701,1170,39825,26273,4460.166666666667,0.8120130418539414,5,13552,0.22022,0.2088833148908601,1031.580017890319,0.2826306979313894,0,48.0
2045-12-16,44,39132,643,Employed,Master,23,14759,36,0,2,Other,199,0.2546736996774736,4,0,0.2620956106995184,0,Debt Consolidation,0,14,17,1921,2362,87696,30785,3261.0,0.627048457933876,6,56911,0.178259,0.2002699589703967,548.700359875015,0.2292856056041137,0,48.0
2045-12-19,18,19124,611,Employed,Master,0,34661,48,1,5,Mortgage,891,0.3593790473313444,1,0,0.1788258324111931,0,Auto,0,22,22,874,5892,177337,12593,1593.6666666666667,0.5263349512043712,5,164744,0.224161,0.2602264566011901,1169.1172191049482,1.2926901604925425,0,45.0
2045-12-25,55,69417,664,Employed,Master,33,14971,36,0,0,Other,410,0.498330346668847,3,1,0.1273678991303974,1,Other,0,17,17,777,565,99803,252276,5784.75,0.803048608135942,5,8723,0.167971,0.1505049727785951,519.344923316153,0.1606542933257535,0,57.0
2046-01-05,25,49601,557,Employed,Master,3,11773,84,0,0,Rent,222,0.1203111431464739,4,1,0.1277360910607374,0,Auto,0,16,21,1187,3338,12687,44091,4133.416666666667,0.9186056971685204,5,2832,0.258273,0.2464445845668667,295.3228666134802,0.1251562347404641,0,50.0
2046-01-06,29,107133,638,Employed,Master,4,52684,48,1,0,Mortgage,610,0.2027769207126087,4,2,0.3688942864216633,0,Auto,0,28,13,31351,979,49396,5933,8927.75,0.9506609966282976,4,43463,0.228684,0.2176871402432465,1653.258056849356,0.2535082251238392,0,50.0
2046-01-07,26,20958,616,Employed,Master,8,18999,36,Divorced,4,Own,440,0.3155066300147368,1,0,0.1272142240112931,0,Auto,0,23,7,1414,338,199587,12908,1746.5,0.8738893550629915,6,186679,0.195999,0.184933484293806,691.5705250731879,0.6479075437006516,0,46.0
2046-01-12,21,38787,561,Employed,Master,0,28327,36,0,1,Mortgage,660,0.1923883617358096,5,2,0.1804026168781954,0,Home,0,21,4,491,325,98931,17456,3232.25,0.8365194699531062,3,81475,0.2328269999999999,0.2466220727921236,1121.2220261922548,0.5510780497152927,0,51.0
2046-01-13,50,76317,565,Unemployed,Master,26,9073,12,0,0,Own,339,0.6833183537694423,5,1,0.2757551481996506,0,Debt Consolidation,0,26,29,1667,3020,137437,26180,6359.75,0.6894917587974694,5,111257,0.191573,0.2036856863721977,842.0741410093477,0.1857107812428708,1,42.400000000000006
2046-01-17,46,67251,509,Employed,Master,22,17225,48,1,1,Own,959,0.4127182342632922,4,1,0.2021289125998208,0,Debt Consolidation,0,28,3,4214,1299,134245,7189,5604.25,0.8125521796026485,4,127056,0.257725,0.2420644708609225,563.5343362024378,0.2716749495833408,0,52.0
2046-01-21,47,56526,597,Employed,Master,22,8061,24,0,3,Other,218,0.2695147759338158,2,0,0.2606330602498772,0,Home,0,19,10,6120,3647,89971,22669,4710.5,0.5959328504246426,2,67302,0.184561,0.1847634188707943,404.2959354519404,0.1321082550582614,1,40.0
2046-01-23,40,125397,539,Employed,Master,21,16848,36,0,0,Rent,719,0.2032221077412192,2,1,0.3185484875364114,0,Education,0,21,12,3448,167,43406,9677,10449.75,0.6314007093435502,5,33729,0.232348,0.2569162282959025,676.0517667415127,0.1335009705247984,1,41.6
2046-01-25,51,47100,611,Employed,Master,28,16398,36,0,5,Own,291,0.0977999959070799,1,1,0.1832921918308705,0,Auto,0,25,7,2347,1727,46438,39123,3925.0,0.9152882181054812,5,7315,0.195898,0.2166974753666881,623.4489328352404,0.2329806198306345,0,48.0
2046-01-30,48,35580,523,Employed,Master,25,14779,60,0,1,Other,238,0.2606546729143123,5,2,0.2045941858630845,0,Auto,0,20,12,14426,415,153745,6626,2965.0,0.8445613773300905,4,147119,0.258279,0.2577400117043384,440.5150020798954,0.2288414846812463,0,49.0
2046-02-09,34,22509,612,Employed,Master,12,45677,96,0,0,Mortgage,344,0.0789325652117893,3,0,0.2019193149710084,0,Auto,0,26,28,10098,1703,86735,3910,1875.75,0.9068606508004796,5,82825,0.274677,0.2622252040373146,1141.421128503786,0.7919078387331925,0,48.0
2046-02-10,38,57051,609,Employed,Master,19,12058,60,1,1,Rent,145,0.1367329185876547,2,3,0.3606305515231379,0,Home,0,15,19,5658,1285,223876,51153,4754.25,0.8714118139331897,3,172723,0.2125579999999999,0.2165724508976394,330.68324768161546,0.1000543193314645,1,36.8
2046-02-22,54,69600,594,Self-Employed,Master,31,24007,36,0,1,Rent,538,0.5149391969784022,1,2,0.4239107578739227,0,Auto,0,22,15,1798,4428,166671,4909,5800.0,0.7247947811507132,7,161762,0.212007,0.1871857744021242,876.5889498880883,0.243894646532429,1,44.8
2046-02-23,44,51802,640,Self-Employed,Master,22,16343,36,1,1,Own,228,0.3260350994279571,3,2,0.3458647265519633,0,Other,0,27,3,2849,1584,15367,18215,4316.833333333333,0.7993827922590839,5,8695,0.181343,0.1802744323230377,591.0636166107922,0.1897371414101677,1,45.6
2046-03-29,32,104406,556,Employed,Master,9,38824,48,1,0,Rent,270,0.2266118598277835,4,0,0.1510804109128,0,Auto,0,14,22,13156,269,27583,29746,8700.5,0.6650022863402725,6,3511,0.255824,0.255511382670871,1299.2553522592766,0.1803638126842453,1,39.2
2046-03-30,50,33479,588,Employed,Master,30,64167,24,0,1,Rent,615,0.0182566667263742,7,0,0.3356258508462113,0,Auto,0,27,12,4951,2582,97058,731375,2789.9166666666665,0.6089783593677635,6,10690,0.245167,0.2764339940265367,3510.380872178365,1.4786753029104924,0,54.0
2046-04-01,19,22031,610,Employed,Master,0,29952,48,0,2,Mortgage,550,0.2120185886923297,2,1,0.2091711529139729,0,Debt Consolidation,0,20,13,19304,615,96431,87822,1835.9166666666667,0.9376604290513056,6,8609,0.219952,0.2038644746858481,917.6286141335536,0.7993982737779785,0,51.0
2046-04-03,64,121557,606,Self-Employed,Master,40,8695,48,0,4,Own,279,0.4615488332762743,6,1,0.3109636061003573,0,Debt Consolidation,0,27,8,195,419,104699,8001,10129.75,0.872674804040162,7,96698,0.200695,0.220162776408572,274.0221906985544,0.0545938636884971,1,41.6
2046-04-09,24,65311,482,Self-Employed,Master,2,5770,60,1,1,Mortgage,321,0.1928474333442806,4,1,0.3549338527405195,0,Other,0,14,10,59263,1199,60462,42655,5442.583333333333,0.8560673511559337,7,17807,0.26977,0.2291066767845781,162.36301026214244,0.0888113200402031,1,44.8
2046-04-16,62,22079,527,Employed,Master,42,10846,36,1,4,Rent,298,0.2325444691194549,6,1,0.3513596005733537,0,Other,0,17,10,757,1205,250218,10439,1839.9166666666667,0.9337075155675196,4,239779,0.232346,0.2173509830414638,412.72877911915657,0.3862831355328537,1,41.6
2046-04-17,38,40885,517,Unemployed,Master,12,21524,36,1,0,Mortgage,175,0.3484448100936279,1,1,0.6569430975872441,0,Education,0,19,15,4616,3257,74321,36114,3407.083333333333,0.8885005706974844,2,38207,0.248024,0.2503476195774101,856.1862646839503,0.3026595371458335,0,62.0
2046-05-04,41,27794,545,Employed,Master,18,106945,48,1,1,Rent,643,0.2524471157075577,3,1,0.1287862628598897,0,Other,0,25,17,3108,2135,52598,7958,2316.1666666666665,0.5778912829164555,6,44640,0.329445,0.3431684073831091,4123.743965674351,2.0580315027737,0,52.0
2046-05-10,45,72443,571,Self-Employed,Master,17,13064,48,1,1,Rent,293,0.7590038294536302,4,1,0.1566733976380405,0,Debt Consolidation,0,25,15,3373,320,76513,35680,6036.916666666667,0.9742989872358986,8,40833,0.222564,0.2289313952779959,417.9559328449615,0.1177680548036323,1,44.0
2046-05-14,41,67903,636,Employed,Master,17,30468,48,0,0,Mortgage,444,0.4825482238548625,2,0,0.1431891999918824,0,Debt Consolidation,0,22,12,396,1896,139265,8066,5658.583333333333,0.8422514190391797,7,131199,0.207468,0.183345375884699,900.3324088771675,0.2375740233351399,1,35.2
2046-05-20,27,27815,607,Employed,Master,6,7374,24,1,3,Mortgage,634,0.2119033797766432,2,1,0.0467857469129466,0,Home,0,20,17,618,1210,5484,154885,2317.9166666666665,0.8631501313465809,3,6489,0.1788739999999999,0.2016149485660118,375.8876628955994,0.4356876489213444,0,49.0
2046-05-28,41,104491,546,Self-Employed,Master,17,23920,12,Divorced,0,Other,410,0.4282513424233841,3,3,0.172319253971065,0,Auto,0,27,20,10439,5735,320826,4206,8707.583333333334,0.5685269649568689,8,316620,0.21592,0.2474755472971085,2270.528047328022,0.3078383455793921,1,37.6
2046-06-05,28,27195,563,Employed,Master,6,22861,60,0,4,Own,723,0.2182889212076864,5,4,0.3809366289213269,0,Home,0,32,28,756,840,55411,8706,2266.25,0.7537161032422549,6,46705,0.246361,0.2422094300983404,660.59951697937,0.61052378024462,0,56.0
2046-06-12,46,35380,626,Employed,Master,23,25931,120,0,0,Mortgage,227,0.318177068183881,0,3,0.4373526795794029,0,Education,1,20,22,1657,726,85316,17945,2948.333333333333,0.6578912622692038,4,67371,0.267931,0.2670475841251732,621.3553191702406,0.28774063962812,0,58.0
2046-06-16,35,150823,578,Self-Employed,Master,12,27314,48,0,2,Mortgage,1053,0.3475708152527449,5,0,0.3295675469195078,0,Debt Consolidation,0,23,14,1223,2761,6451,25560,12568.583333333334,0.8677207648981543,5,7804,0.233314,0.2173687439844184,856.6599584631086,0.1519391571680532,1,44.0
2046-06-17,48,19949,508,Self-Employed,Master,25,26181,36,1,2,Other,253,0.3747291451846198,1,1,0.3543883867516804,0,Auto,1,17,4,22546,1866,69350,22565,1662.4166666666667,0.8717607250062935,4,46785,0.257181,0.2289321328852143,1012.002626157878,0.7609419777379585,0,68.0
2046-06-18,29,31953,617,Employed,Master,4,6954,108,1,1,Other,316,0.218389393584784,4,4,0.3156652587527147,0,Debt Consolidation,0,23,24,1744,7750,11952,152130,2662.75,0.6719544327411405,2,8927,0.243454,0.2384540460908783,156.9253962421264,0.177607885172144,0,52.0
2046-07-02,42,142765,513,Employed,Master,21,31452,24,1,2,Own,160,0.3421580319320079,2,1,0.2353057670165363,0,Education,0,23,2,707,3201,44731,22217,11897.083333333334,0.9234990259064576,5,22514,0.249952,0.2416539047290409,1665.4991757838072,0.1534409001464342,1,43.2
2046-08-14,50,99857,581,Employed,Master,29,11996,72,0,1,Other,413,0.3124226711449521,2,0,0.4820278246203057,0,Home,1,24,15,2170,320,23409,53352,8321.416666666666,0.9334037656891224,4,3189,0.236496,0.2257203489022208,305.49961823052433,0.0863434252858216,1,48.8
2046-08-25,29,30107,493,Employed,Master,5,19141,36,1,3,Own,465,0.126901750823166,0,2,0.3914737350315952,0,Home,0,16,3,334,5384,31812,15000,2508.9166666666665,0.6761643795297865,6,16812,0.257641,0.2814272439686213,793.2170771789976,0.5014981541218976,0,57.0
2046-08-31,51,71244,596,Employed,Master,28,33850,48,Widowed,4,Mortgage,233,0.3378626085610367,4,0,0.4592355291171192,0,Home,0,15,8,401,1734,51097,6260,5937.0,0.8934334850593759,4,44837,0.23085,0.27702,1173.9803318673362,0.2369850651620913,0,57.0
2046-09-13,23,36572,615,Employed,Master,0,7963,36,Divorced,1,Rent,357,0.2265691854125218,1,1,0.3623106025649855,0,Auto,0,15,23,2898,586,59946,113579,3047.6666666666665,0.9480133919559536,7,3147,0.185463,0.2076774606155762,299.05782756421456,0.2152656111443338,0,52.0
2046-09-15,46,239359,651,Employed,Master,21,40546,96,1,1,Own,1427,0.1836330772610341,3,2,0.3194311549944849,0,Auto,0,28,7,5552,1666,73152,45160,19946.58333333333,0.7943733167879705,4,27992,0.250046,0.2793494708304732,1060.284567009877,0.1246972739864326,1,36.8
2046-09-16,40,19028,640,Self-Employed,Master,16,22752,60,Divorced,2,Mortgage,590,0.1601152551716169,4,1,0.1226480889084804,0,Home,0,23,14,19097,5042,78376,102478,1585.6666666666667,0.7170481315112656,4,1860,0.207752,0.2059073920072791,610.2916802396253,0.7569634308847752,0,51.0
2046-09-19,28,39124,550,Employed,Master,5,32099,36,0,1,Mortgage,338,0.2409565620916801,4,1,0.0892083543494837,0,Debt Consolidation,0,22,11,403,366,158719,71463,3260.333333333333,0.7925012542472466,5,87256,0.2420989999999999,0.2437058405062774,1265.5895335294558,0.4918483386758375,0,49.0
2046-09-25,31,37736,566,Employed,Master,7,19807,48,1,0,Mortgage,381,0.0538703665202194,0,1,0.2895267107516991,0,Home,0,25,11,2204,143,54855,12151,3144.6666666666665,0.6897352655741491,4,42704,0.2318069999999999,0.2303648353844465,635.2394807271623,0.3231628622197887,0,52.0
2046-09-27,22,38613,545,Employed,Master,4,27963,48,Divorced,1,Own,236,0.6479862761784223,1,2,0.1630141326501918,0,Home,0,20,11,3064,2458,44625,23879,3217.75,0.659984732196941,3,20746,0.250463,0.2261973720697916,890.4395312758903,0.3500705559089084,0,53.0
2046-10-02,56,40409,661,Employed,Master,31,18863,48,0,3,Rent,294,0.5623488510617632,4,2,0.3276023222717285,0,Home,0,25,12,6345,1500,54011,16165,3367.4166666666665,0.9830949350943702,9,37846,0.183363,0.1939938496388783,567.9890188886212,0.2559793171487405,0,50.0
2046-10-03,49,112318,596,Employed,Master,26,23665,72,0,2,Mortgage,271,0.4412335210432929,3,0,0.1030953229804374,0,Debt Consolidation,0,28,5,12497,239,27447,6206,9359.833333333334,0.9208106503532776,6,21241,0.240665,0.2403802719872577,623.5708573868484,0.0955755113930285,1,41.6
2046-10-21,35,34386,631,Self-Employed,Master,12,9569,72,0,5,Own,186,0.1084096283867977,3,1,0.2111151830963811,0,Debt Consolidation,0,24,28,5037,2650,24826,26378,2865.5,0.8789078058844995,3,5408,0.209069,0.1911870396257234,224.34267489606543,0.1432010730748789,1,41.6
2046-10-30,40,38189,552,Employed,Master,18,11383,48,1,0,Mortgage,620,0.2045898399859335,4,2,0.1597855529045987,0,Home,0,21,6,3307,1946,330503,15676,3182.4166666666665,0.9099222076273098,4,314827,0.230383,0.2146575711730038,355.3403356206046,0.3064778870210599,1,37.6
2046-11-04,20,59711,596,Employed,Master,0,37765,48,1,1,Mortgage,440,0.5394851423947032,3,1,0.3217353448333554,1,Debt Consolidation,1,20,22,22799,1411,54668,14842,4975.916666666667,0.8385558411224504,5,39826,0.234765,0.2309107556028679,1212.3090367929044,0.3320612356435975,0,73.0
2046-11-22,24,134167,578,Employed,Master,0,22009,60,1,0,Mortgage,484,0.3247627637185638,6,1,0.0313891900594993,0,Home,0,26,29,5368,1323,64690,11012,11180.583333333334,0.8980414961846466,4,53678,0.238009,0.2850599910064996,692.002392917782,0.1051825613974627,1,36.8
2046-12-04,67,24507,681,Employed,Master,42,31278,36,Divorced,1,Own,237,0.2430002213652319,2,1,0.632024979404934,0,Other,0,30,3,8820,686,54498,42137,2042.25,0.8251063222536696,6,12361,0.175778,0.1851108670333259,1138.8100257893448,0.6736736568928118,0,57.0
2046-12-09,59,91250,683,Employed,Master,30,41997,36,1,3,Mortgage,675,0.0969752196681247,2,1,0.2707256331254276,0,Debt Consolidation,1,23,11,6416,1131,56268,3584,7604.166666666667,0.807854858487637,3,52684,0.185497,0.171840998674538,1501.1583400796876,0.286179726914589,0,48.0
2046-12-22,34,111638,572,Employed,Master,11,20512,72,1,1,Rent,338,0.2833729451681614,2,1,0.057499237853706,0,Education,0,22,14,11225,1441,102461,68155,9303.166666666666,0.904990223944056,2,34306,0.249512,0.2402114438085595,540.279268999724,0.0944064854977399,1,39.2
2046-12-30,36,37783,529,Unemployed,Master,15,7865,96,0,3,Mortgage,340,0.2728860832315857,3,0,0.3666541207390244,0,Home,0,27,13,2743,404,3147,4987,3148.583333333333,0.650278119323161,6,6973,0.278365,0.3191852085854161,227.50196762518905,0.1802404153058854,0,58.0
2047-01-16,38,88235,622,Employed,Master,16,25688,60,1,5,Other,372,0.2093355967261127,5,1,0.1710535313874066,1,Auto,0,21,17,5908,584,29571,45929,7352.916666666667,0.8178769412675344,7,2778,0.219688,0.2291820373336899,722.9501205378442,0.1489137127721893,0,58.0
2047-01-25,44,146215,653,Employed,Master,22,12047,108,0,1,Mortgage,430,0.3776808722641458,3,0,0.1137601436706131,0,Home,0,24,5,3644,472,57443,15214,12184.583333333334,0.9175176718194792,5,42229,0.230547,0.2144657000260006,252.59215547013497,0.0560209682019055,1,35.2
2047-02-01,56,55919,607,Employed,Master,31,30795,48,0,4,Other,1388,0.4509411656404078,6,1,0.7195241163529641,1,Auto,0,26,25,1019,7160,167300,14504,4659.916666666667,0.6909468599453741,4,152796,0.222295,0.2449910999975996,1012.489534467692,0.5151357215546112,0,64.0
2047-02-06,51,71288,607,Employed,Master,27,26776,72,1,0,Own,627,0.4541383193769913,6,2,0.2034423307150707,0,Other,0,28,16,7526,1087,220757,26849,5940.666666666667,0.9321626070785792,3,193908,0.238276,0.25611671773622,731.3522910961793,0.2286531743512814,0,46.0
2047-02-07,61,83745,569,Employed,Master,39,34104,36,1,3,Rent,156,0.3203291255439126,3,1,0.256564384818124,0,Other,0,23,6,8976,858,9834,51125,6978.75,0.7826886469395721,4,7831,0.234604,0.2669728681058195,1386.770493078761,0.2210668806131128,0,53.0
2047-02-14,30,39554,528,Employed,Master,6,18826,84,1,1,Mortgage,343,0.0807099627026864,4,0,0.08065592458761,0,Home,1,19,1,8525,3695,12818,23524,3296.1666666666665,0.7438521798339572,8,1983,0.279826,0.2238608,445.5156345396211,0.2392220158384854,0,60.0
2047-02-27,21,21676,615,Employed,Master,0,22349,120,1,1,Own,201,0.0968053218632427,3,2,0.461338485173016,0,Other,0,17,20,3845,920,59271,4789,1806.3333333333333,0.6544859073890511,10,54482,0.269849,0.2764518449702265,550.6696695141413,0.4161300993804067,0,52.0
2047-03-06,57,58446,535,Employed,Master,39,43051,60,0,1,Rent,270,0.2896802406509352,1,0,0.129927250107433,0,Education,0,18,27,1374,787,83812,33653,4870.5,0.945254578820634,2,50159,0.280551,0.3252562515146015,1460.3638239192835,0.3552743709925641,0,48.0
2047-04-01,37,72546,603,Employed,Master,14,20599,60,0,1,Mortgage,599,0.3684949919372605,5,0,0.5565641534576661,0,Auto,0,25,16,4231,2680,64019,14992,6045.5,0.761046929019033,3,49027,0.224099,0.1792792,522.2718321011564,0.1854721416096528,1,44.0
2047-04-02,49,114722,559,Employed,Master,26,23198,24,Divorced,1,Mortgage,423,0.1642095512487562,2,1,0.1682383981721967,0,Auto,0,24,16,4593,760,357081,15262,9560.166666666666,0.6352231023875541,4,341819,0.2186979999999999,0.221032424496536,1204.6524879388453,0.1702535682368346,1,33.6
2047-04-05,20,101016,568,Employed,Master,0,17574,36,0,2,Own,461,0.246875094846998,4,1,0.4516983880479941,0,Debt Consolidation,0,26,29,4720,929,9759,7652,8418.0,0.7641676368579766,4,2107,0.218574,0.1881701807489897,642.5681948174092,0.1310962455235696,1,44.0
2047-04-12,38,55392,575,Employed,Master,16,35733,36,1,4,Mortgage,322,0.2742111584902337,3,0,0.4682170739019766,0,Other,0,20,21,2278,237,59800,23681,4616.0,0.9495855433995896,4,36119,0.233233,0.2307657047354139,1384.6409448542609,0.3697229083306457,0,56.0
2047-04-19,33,55179,576,Employed,Master,9,14839,36,0,0,Rent,253,0.2563597675118345,2,0,0.5051283843890265,0,Debt Consolidation,0,18,21,5658,330,43506,5738,4598.25,0.6766369444166419,6,37768,0.211839,0.2025597472205981,553.4077096413162,0.1753727417259427,1,46.400000000000006
2047-04-29,54,124668,593,Employed,Master,29,40437,48,1,2,Other,416,0.1161313068245036,5,1,0.4888135069973401,0,Debt Consolidation,1,26,14,2168,7370,63912,14607,10389.0,0.930445499583255,6,49305,0.238937,0.2497362910018978,1340.180107701497,0.1690422665994318,0,59.0
2047-05-03,37,24822,578,Employed,Master,17,8810,36,1,4,Own,569,0.2826545143636116,3,0,0.3002418206252285,0,Debt Consolidation,0,18,2,1549,1515,127717,6618,2068.5,0.7704565658983513,1,121099,0.20481,0.2347117188721142,343.19994784423284,0.4409958655277896,0,56.0
2047-05-15,34,66095,591,Employed,Master,11,9639,48,1,0,Mortgage,117,0.0912814870404961,2,0,0.6107617356106684,0,Other,0,34,21,3698,943,18263,8411,5507.916666666667,0.7522999511404667,4,9852,0.209139,0.2011895818251516,293.92953212714167,0.0746070714203147,1,45.6
2047-05-16,22,66451,586,Employed,Master,1,9745,72,0,0,Own,736,0.0600746619649428,3,5,0.3694167985185057,0,Auto,0,25,22,4738,1791,26686,11564,5537.583333333333,0.917266880868306,7,15122,0.231745,0.2752724475443557,277.81450884231486,0.183078871741701,0,53.0
2047-05-21,33,29114,466,Self-Employed,Master,10,27566,36,Divorced,0,Rent,575,0.0879546360435688,4,1,0.1341209063380479,0,Other,0,30,15,2597,854,82704,11462,2426.1666666666665,0.644604187745929,4,71242,0.279566,0.3282307673214252,1213.2492204270047,0.7370677558948979,0,52.0
2047-05-29,51,118462,620,Employed,Master,28,35681,84,1,2,Mortgage,750,0.2495638017000886,4,1,0.2707682847799929,0,Education,0,25,17,2413,2338,449202,33646,9871.833333333334,0.8652203790609153,7,415556,0.250681,0.2680690043780226,944.7702053944216,0.1716773519333884,1,33.6
2047-06-08,43,17852,521,Self-Employed,Master,19,13314,48,1,2,Mortgage,217,0.2959212891346407,1,0,0.3855912089615689,0,Home,0,33,23,1139,1241,71310,15477,1487.6666666666667,0.9484504495964076,5,55833,0.247814,0.2174021223724278,417.5964003535994,0.4265716336681152,0,57.0
2047-06-20,36,21480,589,Employed,Master,13,10757,96,0,0,Other,373,0.5902299408237064,7,2,0.2705584126444446,0,Home,0,28,17,933,540,182352,9668,1790.0,0.887545935423292,3,172684,0.251257,0.2517932269271246,261.3060615914837,0.3543609282633987,0,51.0
2047-06-23,51,71343,568,Employed,Master,28,32367,72,0,5,Own,384,0.2009877076484841,5,0,0.0995055427347658,0,Debt Consolidation,0,29,2,3701,1879,5624,2097,5945.25,0.7257008185738072,6,3527,0.263367,0.2818549598781928,936.1912211262032,0.2220581508138771,0,54.0
2047-06-29,58,51271,686,Self-Employed,Master,35,23559,72,0,3,Mortgage,404,0.0540835209014208,5,2,0.2089757077511266,0,Education,0,24,6,1273,2192,74387,26652,4272.583333333333,0.6599818184850129,6,47735,0.195559,0.2037552161484354,569.4444985938444,0.2278351111374097,0,50.0
2047-07-01,56,36864,475,Employed,Master,35,10535,96,0,0,Own,222,0.4286877233613619,5,2,0.0795472441026558,0,Home,0,27,22,15374,568,21112,4899,3072.0,0.8015433492228077,6,16213,0.308035,0.2731909237316685,271.0679071125964,0.1605038760132149,1,41.6
2047-07-08,25,56126,407,Employed,Master,3,39573,36,0,4,Mortgage,246,0.3401985796781356,2,0,0.2619069641522003,1,Debt Consolidation,0,28,1,2160,1226,16334,18314,4677.166666666667,0.751316006405833,7,6523,0.321073,0.2887738447299274,1655.6963795702884,0.4065915360945633,0,68.0
2047-07-11,49,75987,570,Employed,Master,26,20655,36,1,2,Rent,736,0.0831417289023251,5,1,0.2619758715947333,0,Education,0,28,15,6379,350,65391,79517,6332.25,0.9123072724130852,9,5443,0.220655,0.2114283309417474,779.6940918027169,0.2393610630980641,1,40.8
2047-07-16,19,86042,587,Employed,Master,0,14580,60,Widowed,1,Other,252,0.4229083635962304,5,2,0.1383452048156805,0,Auto,0,26,9,10738,1724,124745,59178,7170.166666666667,0.8931722381074145,3,65567,0.22608,0.2149915656383119,398.5428957081389,0.090729117738984,1,39.2
2047-07-22,50,57070,661,Employed,Master,26,16358,96,0,1,Rent,336,0.2028533670067941,2,2,0.1889584262956029,0,Auto,0,22,24,2625,451,57191,3054,4755.833333333333,0.8996740568547236,5,54137,0.220858,0.2085582298156837,351.5330845898871,0.1445662697578175,0,42.0
2047-07-24,18,32533,553,Employed,Master,0,21579,48,1,1,Mortgage,419,0.164719737279329,2,0,0.5943350673027402,0,Debt Consolidation,0,18,21,3618,3783,86487,12486,2711.083333333333,0.7580016711940105,5,74001,0.240079,0.2288267804148207,690.2523657877064,0.4091546549488973,0,56.0
2047-07-29,46,86666,633,Employed,Master,22,12543,72,1,0,Mortgage,399,0.3247218492609555,2,1,0.2537497288526005,0,Debt Consolidation,1,27,26,353,637,203495,9343,7222.166666666667,0.6624041763434779,8,194152,0.211043,0.2223981239692193,316.9449374067744,0.0991316000378613,1,40.0
2047-07-31,40,40526,567,Employed,Master,18,10867,60,0,3,Other,427,0.0763627252232055,3,1,0.5551579682609282,0,Auto,0,21,16,2663,1185,34550,91536,3377.1666666666665,0.8295856584796573,5,2885,0.232367,0.2493285481909026,318.5331954756176,0.220757004039565,0,58.0
2047-08-06,46,118723,674,Employed,Master,24,21721,72,1,0,Rent,257,0.2767222355875887,1,0,0.0946663330522081,1,Other,0,31,22,2324,1326,73329,4379,9893.583333333334,0.9119816026834744,2,68950,0.1997209999999999,0.2341810408004351,564.1967729255473,0.0830029672018611,1,42.400000000000006
2047-08-09,38,138815,549,Employed,Master,12,16634,36,0,0,Mortgage,372,0.4985485025234174,2,1,0.5212670502276885,0,Debt Consolidation,0,16,7,5014,2505,26510,3231,11567.916666666666,0.8975181324196244,4,23279,0.227134,0.2200118369998028,635.2701842719792,0.0870744675378291,1,46.400000000000006
2047-08-22,36,43491,626,Self-Employed,Master,14,25597,60,1,2,Rent,199,0.295092340510704,3,0,0.1651382978869858,0,Home,0,21,13,2615,767,24370,14385,3624.25,0.8704348475784313,3,9985,0.217597,0.2611164,768.0788730478655,0.2668355861344735,0,51.0
2047-09-03,31,21922,558,Employed,Master,7,35958,24,0,2,Own,578,0.2143971294849478,7,1,0.1535402925257976,0,Debt Consolidation,0,31,5,10909,1647,56671,9701,1826.8333333333333,0.9097253409315418,5,46970,0.2319579999999999,0.2266715337688705,1877.3025660730668,1.3440211108875468,0,54.0
2047-09-06,24,42885,622,Employed,Master,0,14162,12,Widowed,1,Other,1031,0.3533374046372641,2,2,0.1141941418028223,0,Other,0,19,18,5193,2460,42662,22433,3573.75,0.957152375407882,2,20229,0.168162,0.1840841507080543,1301.1263182231232,0.652571197823889,0,48.0
2047-09-08,30,45155,539,Self-Employed,Master,8,28870,36,1,0,Mortgage,287,0.4541459889332074,1,3,0.5099579286922589,1,Home,0,22,18,9518,1581,37993,4637,3762.9166666666665,0.9811829128289666,2,33356,0.24437,0.2575559868388047,1159.434845911477,0.3843919422198588,0,75.0
2047-09-14,36,111803,644,Unemployed,Master,12,21947,60,1,1,Mortgage,442,0.6201258917622386,5,0,0.4101379193767565,1,Education,0,19,2,1822,810,134978,22962,9316.916666666666,0.8989806667488893,9,112016,0.204947,0.1884808867196155,567.4843538845885,0.1083496171535206,0,69.0
2047-10-06,55,192397,578,Employed,Master,33,24475,48,0,3,Other,467,0.1762804641693374,6,2,0.2725742140201265,1,Debt Consolidation,1,17,8,2642,213,433609,19181,16033.083333333334,0.9515901932032004,6,414428,0.230475,0.2508987899271601,812.7481122635783,0.0798192141621903,1,49.6
2047-10-24,55,90755,681,Employed,Master,31,21917,48,1,2,Mortgage,324,0.386482260129122,1,1,0.1003765926852947,0,Auto,0,23,1,22167,4553,71386,15337,7562.916666666667,0.9645325581205818,4,56049,0.176417,0.1788915650609314,642.5431161256893,0.1278003128588868,1,36.0
2047-11-04,35,72230,606,Employed,Master,14,31075,12,1,0,Mortgage,143,0.4167307697254767,4,2,0.0674470571717948,0,Debt Consolidation,0,19,18,3955,3119,51871,4973,6019.166666666667,0.570112575396483,3,46898,0.193075,0.1811957563818299,2850.724483517586,0.4973652748471692,0,48.0
2047-11-05,28,55600,539,Employed,Master,6,27580,60,1,3,Mortgage,1645,0.5398766283737577,3,0,0.2989765833288718,0,Debt Consolidation,1,24,17,9444,2849,76122,15067,4633.333333333333,0.7926491176429077,4,61055,0.26308,0.2768505254855076,853.4932647167971,0.5392431506583015,0,57.0
2047-11-07,21,16993,588,Self-Employed,Master,0,19602,48,1,0,Rent,286,0.2246284453710477,2,2,0.0600816816909466,0,Auto,0,34,10,6606,397,35978,14121,1416.0833333333333,0.9240160206820628,5,21857,0.220602,0.2190497045022513,616.5712933509241,0.6373715953752186,0,55.0
2047-11-15,39,113447,614,Employed,Master,17,101338,60,0,2,Own,365,0.3311627637545847,3,1,0.2117566163902783,0,Education,0,16,15,5524,2523,273613,13194,9453.916666666666,0.9689776158385032,8,260419,0.299338,0.2815538633779886,3164.74823017388,0.3733635861863827,0,42.0
2047-11-19,30,15000,608,Employed,Master,2,30083,24,0,1,Mortgage,332,0.2433748221776282,2,2,0.0028832146845511,0,Home,0,29,12,2569,153,33825,14266,1250.0,0.9032168447811152,6,19559,0.2010829999999999,0.1781036580804955,1499.111792375661,1.4648894339005287,0,49.0
2047-11-20,39,59111,524,Employed,Master,17,76785,60,0,2,Own,346,0.1129021390815992,3,2,0.140249128377312,0,Auto,0,23,20,11283,3931,554313,16963,4925.916666666667,0.8989978403921095,5,537350,0.319785,0.3210126419477018,2584.264828855264,0.5948669104948854,0,41.0
2047-11-29,40,127111,547,Employed,Master,18,18996,72,0,3,Mortgage,538,0.527780032118979,2,1,0.4380332787721642,0,Auto,1,19,17,6877,1275,31128,32885,10592.583333333334,0.8409036292600759,2,6772,0.260496,0.2577726469586577,520.7958497300617,0.099956338922365,1,48.8
2047-12-15,26,88860,581,Employed,Master,5,29986,48,0,2,Rent,328,0.0554741747818287,5,2,0.4058031445494362,0,Education,0,29,28,10368,2844,120226,4510,7405.0,0.800775433475613,5,115716,0.234486,0.2415854061801664,980.2286760340576,0.1766682884583467,1,40.0
2047-12-16,27,44157,631,Employed,Master,7,12490,48,1,1,Mortgage,667,0.1214574248592966,7,1,0.1610828334814723,0,Home,0,34,3,645,1549,25654,3837,3679.75,0.9066175860043774,5,21817,0.19199,0.2161993628862521,390.9383169532792,0.2875027697406833,0,50.0
2048-01-17,45,107354,570,Unemployed,Master,24,41355,12,0,0,Mortgage,267,0.271934040444665,0,3,0.1991755291133252,0,Home,0,21,1,775,117,122706,8673,8946.166666666666,0.8496016752024792,2,114033,0.221355,0.2493640055121765,3929.2767976111145,0.4690586430997762,0,52.0
2048-01-18,28,71601,584,Employed,Master,2,24527,48,Divorced,1,Mortgage,238,0.0792820619134324,3,1,0.282594537718184,0,Education,0,21,9,2568,802,196140,24382,5966.75,0.7038811951861831,7,171758,0.227527,0.2180206409464301,770.1163476606274,0.1689556873776557,1,38.400000000000006
2048-01-24,18,25135,543,Employed,Master,0,28973,96,0,2,Rent,484,0.6538523359724887,3,1,0.1640719233437339,0,Debt Consolidation,0,25,28,3344,1100,30316,41331,2094.583333333333,0.9468197858229168,8,2096,0.292473,0.2365958023912777,674.7907608803902,0.553232111818766,0,54.0
2048-02-11,49,46748,611,Employed,Master,29,16855,72,1,0,Mortgage,1055,0.3001102879535357,2,1,0.1601576717124289,0,Debt Consolidation,0,40,5,1905,2832,25638,30441,3895.6666666666665,0.8538372795604949,4,5486,0.226355,0.2257077889798632,429.23010469838687,0.3809951496616036,0,50.0
2048-03-08,41,36111,628,Employed,Master,19,15084,60,Divorced,1,Own,335,0.1220369017424545,4,2,0.3783069250585285,0,Home,0,24,24,1064,401,98234,8918,3009.25,0.6564196506755221,5,89316,0.206084,0.2192774467736223,415.9842245861285,0.2495586025043211,0,49.0
2048-03-13,42,70053,545,Employed,Master,20,44134,36,1,1,Other,434,0.1077151052274793,5,0,0.3925001732648772,0,Auto,0,26,23,3462,2207,51679,139986,5837.75,0.6704903764021853,7,2312,0.256634,0.2623328497918352,1783.6753625460756,0.3798852918583488,0,53.0
2048-03-16,19,43092,560,Employed,Master,0,22269,48,1,1,Mortgage,341,0.3524182370424564,2,2,0.2290521461984763,0,Home,0,31,28,2147,786,49637,4850,3591.0,0.9910405494148836,5,44787,0.237269,0.2847228,782.1522038389049,0.3127686449008368,0,53.0
2048-03-26,37,57317,644,Employed,Master,12,17430,48,1,1,Mortgage,129,0.1968297950403177,2,2,0.5058634857118337,0,Debt Consolidation,0,38,28,10484,799,44445,24389,4776.416666666667,0.8087232341286568,5,20056,0.19043,0.21386538436629,543.3624204291483,0.1407671204904265,1,43.2
2048-03-30,57,48779,642,Employed,Master,35,19699,36,0,0,Rent,227,0.3660394262747243,3,1,0.1465420382395447,0,Home,0,22,12,3317,3121,77853,26192,4064.9166666666665,0.7851404450312909,2,51661,0.183699,0.1883586876156527,720.4532771912469,0.2330806151478087,0,46.0
2048-03-31,32,150918,579,Employed,Master,11,34428,84,0,1,Rent,234,0.0840300389123041,2,1,0.1969799007023842,0,Auto,0,27,2,2938,3110,249050,8997,12576.5,0.9071370598090296,8,240053,0.269928,0.2708597167159227,917.864548077822,0.0915886413610958,1,37.6
2048-04-09,29,58183,637,Employed,Master,10,26716,48,1,3,Other,975,0.1765180618863073,2,4,0.2053707930497182,0,Auto,0,27,7,3819,526,191731,63194,4848.583333333333,0.7378704281235168,1,128537,0.203216,0.2212402124520641,843.5162065460839,0.3750613491664749,0,45.0
2048-04-13,25,49329,493,Employed,Master,5,34318,60,Divorced,3,Mortgage,807,0.1354618029633603,3,1,0.3028281655322632,0,Other,0,29,17,1337,418,43633,7432,4110.75,0.81029869511138,4,36201,0.2928179999999999,0.2849003599074886,1078.6874035668357,0.458721012848467,0,54.0
2048-04-16,52,25348,512,Unemployed,Master,33,21680,24,Divorced,2,Mortgage,265,0.3779032013296137,4,2,0.4690283776614376,0,Auto,0,33,16,15560,4190,58875,63201,2112.333333333333,0.8658385124001725,9,5688,0.24068,0.2417363616476322,1148.1251084087314,0.6689877426583863,0,61.0
2048-04-23,31,300000,609,Employed,Master,5,50237,48,0,3,Mortgage,190,0.076375602127653,4,1,0.2083600697924844,0,Home,0,34,26,4631,2818,138986,18594,25000.0,0.8165022541733596,2,120392,0.240737,0.2526495086477881,1673.1470043379377,0.0745258801735175,1,33.6
2048-04-26,40,50076,520,Employed,Master,20,22037,36,1,3,Mortgage,522,0.4258200564348531,2,3,0.1900106816375084,0,Debt Consolidation,0,26,23,2377,775,28072,29998,4173.0,0.855194996698172,6,1556,0.247037,0.2267658134131947,849.3358818196082,0.328621107553225,1,40.8
2048-04-27,32,41017,557,Employed,Master,13,7921,108,Widowed,0,Rent,911,0.2003820298678177,1,2,0.1481526051155703,0,Debt Consolidation,0,28,7,3924,209,60180,14324,3418.083333333333,0.9675344539589584,6,45856,0.274421,0.2989434569867253,212.20794854151544,0.3286075379110658,0,52.0
2048-05-02,58,68474,550,Employed,Master,35,17664,24,1,0,Mortgage,668,0.1442293351498565,6,1,0.1924802293824889,0,Auto,0,28,5,9905,208,64087,32860,5706.166666666667,0.7043281257750174,4,31227,0.217664,0.2146158755415134,911.6859384571616,0.2768383804288626,1,40.8
2048-05-13,45,126929,613,Unemployed,Master,21,87613,60,1,2,Mortgage,672,0.0972637199077165,3,1,0.0797348129624427,0,Home,0,31,1,245,285,16752,116209,10577.416666666666,0.9689558999479287,0,1716,0.286113,0.2365067802100485,2502.7147731386062,0.3001408447058062,0,51.0
2048-05-22,37,102560,595,Employed,Master,15,18562,48,0,3,Other,486,0.190347589327618,5,2,0.3825548510433324,0,Home,0,28,19,1352,1779,9500,9259,8546.666666666666,0.6778661272203212,4,9736,0.216062,0.1975343076315961,562.4127545781915,0.1226691990536105,1,41.6
2048-05-23,44,49033,598,Employed,Master,23,10481,48,1,2,Other,536,0.2152025816746148,0,1,0.4354453942945355,0,Home,0,22,5,3057,347,97432,112279,4086.0833333333335,0.7496723447426632,6,9033,0.206481,0.211293025779809,325.28081579749204,0.2107839575300288,0,59.0
2048-05-24,28,29162,585,Employed,Master,6,68840,24,1,3,Mortgage,185,0.1286872999185702,3,2,0.2777703393819264,0,Home,0,17,19,3535,4075,45031,19658,2430.1666666666665,0.7228237593581106,5,25373,0.25134,0.264398309280157,3724.013458353762,1.6085371888157585,0,53.0
2048-06-01,23,69714,568,Employed,Master,1,33337,36,1,1,Mortgage,321,0.4907197943807628,2,2,0.2081385964004317,0,Home,0,22,18,2336,807,10646,9851,5809.5,0.679673274759673,3,8866,0.234337,0.2255170169080841,1282.689598702553,0.2760460622605307,0,53.0
2048-06-09,39,34338,608,Employed,Master,18,32301,108,0,0,Other,376,0.2960933591264544,2,0,0.0890762655963913,0,Home,0,26,11,2385,544,49416,28109,2861.5,0.7129704170302785,3,21307,0.273301,0.2586800173137593,773.6003655372186,0.4017474630568648,0,48.0
2048-06-15,43,15000,600,Employed,Master,18,36161,108,0,0,Other,270,0.610909177420029,1,1,0.0446275400921347,0,Home,0,19,20,3089,758,146178,34790,1250.0,0.9398294452573652,5,111388,0.281161,0.2411192466236766,822.5443032392305,0.8740354425913843,0,47.0
2048-06-16,52,77575,671,Employed,Master,30,13922,84,Widowed,0,Mortgage,259,0.4420747333902537,4,1,0.582034441184117,0,Auto,0,13,29,701,728,30596,4981,6464.583333333333,0.7698960540445544,1,25615,0.203422,0.2256952668167398,331.0491358260074,0.0912741170468848,1,42.400000000000006
2048-06-21,51,41673,638,Employed,Master,28,31572,24,1,1,Mortgage,448,0.3625984024450542,0,1,0.1659608198616367,0,Home,0,27,29,3965,787,24912,9236,3472.75,0.9017522450808844,12,15676,0.187572,0.1895286368499107,1590.7779177292327,0.5870788043277612,0,48.0
2048-07-01,37,49164,545,Employed,Master,14,35266,48,0,0,Own,312,0.1795722358314688,4,2,0.4045020447001447,0,Other,0,22,9,3161,2255,33509,10041,4097.0,0.6950470290935475,4,23468,0.257766,0.243120893754192,1155.8293753206306,0.3582693129901466,0,57.0
2048-07-05,56,61398,570,Employed,Master,34,12307,24,Divorced,0,Own,296,0.1253664134380016,5,1,0.1871760032345096,0,Education,1,20,17,32875,1166,115183,46784,5116.5,0.8514370481111087,5,68399,0.202307,0.214071269589898,634.8669630215782,0.181934322881184,1,42.400000000000006
2048-07-06,54,46806,626,Employed,Master,30,32835,60,0,0,Other,476,0.2402841093670201,4,1,0.2474138354084827,0,Auto,0,22,10,12188,10348,28685,24619,3900.5,0.9288871893893952,4,4066,0.224835,0.1924407419053811,856.1737753137314,0.341539232230158,0,50.0
2048-07-11,50,134974,581,Employed,Master,31,21930,60,1,0,Mortgage,264,0.2805436798502613,6,2,0.679258104733094,1,Auto,0,19,24,11269,2351,54979,36347,5911.75,0.8042884680609877,5,18632,0.23643,0.23463413721588,624.069827331916,0.150221140496793,0,68.0
2048-07-25,68,58565,635,Employed,Master,45,25134,96,1,2,Other,152,0.0701525265779419,1,1,0.5481468588878372,0,Auto,0,22,3,1466,2121,18179,17597,4880.416666666667,0.6143927473451231,5,2989,0.242634,0.2577018792736562,620.4498026253902,0.158275380030815,0,57.0
2048-07-27,42,134942,616,Employed,Master,21,12734,36,0,0,Own,371,0.3834428322225063,2,2,0.0995130201837797,0,Home,0,15,2,3677,1597,91565,27478,11245.166666666666,0.8587854689674963,2,64087,0.189734,0.2187123159512154,485.46935506299695,0.0761633313627778,1,37.6
2048-07-31,38,78234,631,Employed,Master,12,12124,60,Widowed,0,Mortgage,342,0.4476856926012608,0,0,0.224827651114282,0,Debt Consolidation,1,30,12,13496,1186,49199,13699,6519.5,0.7668904374399946,4,35500,0.201624,0.2013977036777683,322.15546150525955,0.1018721468678977,1,44.8
2048-08-03,25,140836,611,Employed,Master,0,27248,96,0,3,Rent,560,0.4006480631706774,5,0,0.1754033502816497,0,Auto,0,29,16,723,469,136666,27988,11736.333333333334,0.9522951823261346,10,108678,0.256748,0.2517290581356283,661.784664686444,0.1041027576488776,1,33.6
2048-08-05,47,50211,636,Employed,Master,25,54942,36,1,1,Rent,164,0.4729170315975092,1,3,0.4374022582415097,0,Auto,0,24,28,1124,2383,70014,87450,4184.25,0.8432400250077098,10,1289,0.221942,0.1893675791657147,2012.198714431836,0.5200928994280544,0,54.0
2048-08-08,51,95552,564,Self-Employed,Master,27,9652,96,1,1,Rent,827,0.2559119372514052,7,0,0.2798027870645796,0,Auto,0,24,5,1385,554,18634,24468,7962.666666666667,0.8786751378177531,4,9466,0.262652,0.2756242370127056,249.94663731858893,0.135249493970017,0,56.0
2048-08-21,38,127835,564,Employed,Master,19,10177,24,1,0,Mortgage,142,0.2914815861233307,4,2,0.4717891873644669,1,Home,0,25,9,30655,2651,84871,11585,10652.916666666666,0.6959950902454592,2,73286,0.2031769999999999,0.2065754175969508,521.2415051841957,0.0622591470427531,1,52.0
2048-09-07,32,28449,599,Self-Employed,Master,13,8692,60,0,3,Rent,335,0.1600079599026641,0,1,0.2730950776023796,0,Debt Consolidation,1,27,7,3457,509,23756,29348,2370.75,0.785994993173368,5,1767,0.214192,0.2373550535250621,248.71852280017876,0.2462168186439644,0,63.0
2048-09-10,51,57519,593,Employed,Master,32,17623,48,1,2,Mortgage,797,0.2879580619313473,0,1,0.5040149121583412,0,Other,0,24,12,1572,1331,16850,25350,4793.25,0.8095248746750356,2,7682,0.216123,0.2420323758804208,576.5240067990169,0.2865538010324971,0,58.0
2048-09-17,38,78306,577,Employed,Master,13,38133,72,0,0,Own,569,0.2794120641477688,4,2,0.3886003205803121,0,Home,0,16,15,3608,258,33166,7640,6525.5,0.435433818508166,3,25526,0.264633,0.2594252658217403,1049.3593593664082,0.2480054186447641,0,54.0
2048-09-22,39,103887,584,Employed,Master,18,12939,108,0,3,Own,395,0.0591064677904206,2,2,0.4763218041453343,0,Home,0,21,21,2836,1361,13066,92857,8657.25,0.4131073693271046,9,9830,0.265939,0.2469137285231578,299.4226532334061,0.0802128450990102,1,43.2
2048-09-26,72,63734,677,Employed,Master,47,9939,60,0,0,Rent,425,0.3313249532413292,8,1,0.2371937283610308,0,Home,0,32,14,2701,156,36678,21055,5311.166666666667,0.858704890947095,13,15623,0.176439,0.1727224770803118,248.46701436101853,0.1268020863641419,1,36.8
2048-09-30,43,43254,611,Employed,Master,16,11872,72,1,0,Rent,434,0.0826810194097074,3,2,0.3114095261327643,0,Auto,1,17,17,7114,652,300874,18824,3604.5,0.9028245326826722,10,282050,0.2213719999999999,0.188310581392652,276.38135135131176,0.1970818009020146,1,40.8
2048-10-06,24,68106,580,Employed,Master,2,50451,108,1,3,Mortgage,505,0.1228180252687274,1,0,0.3952698372042727,0,Debt Consolidation,0,20,25,5147,607,91803,39029,5675.5,0.6235752461057458,7,52774,0.305451,0.2919452139424625,1326.3099337903902,0.3226693566717276,0,51.0
2048-10-12,35,18477,600,Employed,Master,12,22459,24,1,3,Rent,347,0.6219532214969564,6,0,0.031356634659989,0,Home,0,21,18,4953,654,98950,27993,1539.75,0.7148919559028836,8,70957,0.197459,0.1788767575910138,1120.0268777960289,0.952769526089319,0,49.0
2048-10-21,38,36178,584,Unemployed,Master,17,18078,36,1,0,Other,681,0.2164967275836881,4,1,0.3980936107544782,0,Auto,0,29,29,6694,272,42962,46028,3014.833333333333,0.9172842093824334,4,5346,0.211078,0.207982139183331,679.2183388284649,0.4511753017287184,0,58.0
2048-10-22,29,65342,525,Employed,Master,9,15121,84,Divorced,1,Mortgage,347,0.2805789858368127,0,2,0.2573300533160401,0,Home,0,22,25,2203,563,28958,21262,5445.166666666667,0.889793049769908,4,7696,0.277621,0.2327800839980494,366.24909374789377,0.1309875596855732,1,41.6
2048-10-28,34,85641,639,Employed,Master,12,19449,36,1,0,Mortgage,615,0.1768300988110842,3,1,0.038907648736776,0,Auto,0,32,4,4077,4063,24006,32527,7136.75,0.91733971270519,6,2425,0.184949,0.1779189664912577,701.0992317715567,0.1844115643355248,1,38.400000000000006
2048-10-30,33,15000,507,Employed,Master,12,6242,12,Divorced,0,Mortgage,101,0.3690089343678487,0,0,0.263899296541718,0,Debt Consolidation,0,21,29,1731,25804,33805,13776,1250.0,0.8332887560550523,2,20029,0.217742,0.1786792914752486,571.8742524265917,0.5382994019412733,0,54.0
2048-11-01,39,15000,642,Employed,Master,17,18735,60,0,3,Rent,261,0.1519092318802338,1,1,0.2422562913156117,0,Auto,0,16,13,854,2771,62133,20662,1250.0,0.9050347911298406,7,41471,0.202735,0.243282,542.542762909697,0.6428342103277576,0,50.0
2048-11-02,23,49866,614,Employed,Master,0,16342,48,1,2,Rent,323,0.1188337427003514,1,1,0.4081849369798515,0,Home,0,30,28,663,1283,142087,8290,4155.5,0.6902954553506288,6,133797,0.204342,0.2191987091449144,514.1616825517787,0.2014587131637056,0,49.0
2048-11-09,62,250644,616,Employed,Master,41,36590,60,0,3,Rent,439,0.5109344085742332,2,0,0.4514199277175758,0,Education,0,27,4,519,476,7685,4118,20887.0,0.9413423426792742,2,3567,0.23359,0.240203923702225,1053.0530122613584,0.0714345292412198,1,44.0
2048-11-13,48,111381,585,Employed,Master,21,26170,72,0,2,Mortgage,254,0.1656496844720149,2,2,0.1396340338418733,0,Education,0,22,26,1103,1594,37178,31923,9281.75,0.5805266215715604,1,5255,0.24867,0.2086556406270519,640.0446632740961,0.0963228554177925,1,38.400000000000006
2048-11-14,49,29098,639,Employed,Master,28,10418,24,1,0,Rent,581,0.2479454097431649,4,0,0.5963777332614707,0,Home,0,22,6,3636,1023,187195,15599,2424.833333333333,0.7198752633357354,6,171596,0.165918,0.1649364070623833,512.5583522821385,0.4509828932361557,0,55.0
2048-12-12,18,133224,585,Employed,Master,0,19512,60,1,3,Other,985,0.6287402541546209,2,2,0.4213940546841659,0,Debt Consolidation,0,16,13,17818,710,177315,76526,11102.0,0.855573145695071,3,100789,0.232012,0.2722149456143424,598.3910963500778,0.1426221488335505,1,41.6
2048-12-31,41,41006,608,Employed,Master,19,37308,60,0,1,Mortgage,806,0.1870597318178337,1,2,0.2181298288486492,0,Education,0,28,25,1697,145,132451,136219,3417.1666666666665,0.7363419562997626,6,6755,0.238308,0.2544115060538582,1104.70914537893,0.5591501181423978,0,49.0
2049-01-04,41,108606,512,Unemployed,Master,21,23356,60,1,3,Other,190,0.0518883222217106,3,2,0.5429895104296774,0,Education,0,30,25,3629,2393,206656,10276,9050.5,0.8155232476767751,3,196380,0.272356,0.3072843457260459,766.1294364865744,0.105643824814825,1,44.0
2049-01-05,48,22921,504,Employed,Master,23,36572,48,1,0,Mortgage,256,0.3521480721168807,1,1,0.1813152397419936,0,Debt Consolidation,0,28,21,1401,3440,575925,9297,1910.0833333333333,0.6818775725549854,1,566628,0.279572,0.2539387257456945,1220.6704608793857,0.7730921657236869,0,44.0
2049-01-16,80,44993,636,Employed,Master,60,24261,24,0,0,Mortgage,365,0.2090447748630361,1,1,0.5050825056375945,0,Debt Consolidation,1,23,26,14120,2330,35299,5088,3749.4166666666665,0.932754729949285,8,30211,0.181261,0.190193937456984,1223.192072998116,0.4235837769425776,0,62.0
2049-01-19,33,92393,625,Employed,Master,12,30592,84,Widowed,0,Mortgage,1024,0.0741543276930591,5,1,0.2117854381955954,0,Home,0,26,18,2543,880,26493,30418,7699.416666666667,0.9144814829826604,1,1431,0.243092,0.2666572618030468,807.2094095407783,0.2378374218229664,0,47.0
2049-02-03,40,67939,618,Employed,Master,18,27327,48,0,0,Mortgage,255,0.401296266281991,4,2,0.3101927865474236,0,Other,0,23,23,1747,6451,85571,13345,5661.583333333333,0.7507937791500525,6,72226,0.213327,0.2000341266819855,831.620199935186,0.1919286771842716,1,40.0
2049-02-07,55,17774,670,Employed,Master,35,17247,48,1,2,Mortgage,641,0.1772386556783884,5,1,0.0583065797352696,0,Other,0,24,9,1288,1118,77968,11851,1481.1666666666667,0.5786704173407101,0,66117,0.177247,0.1711060587640979,498.6503983638836,0.7694275222440983,0,44.0
2049-02-19,42,64100,580,Employed,Master,20,20905,48,Divorced,0,Own,440,0.1671700146285775,4,0,0.1998294919729946,0,Education,0,35,4,5618,2254,145010,26082,5341.666666666667,0.7109853398873995,5,118928,0.225905,0.2232415699349435,662.3189847502431,0.2063623684399831,1,38.400000000000006
2049-03-11,46,26557,633,Employed,Master,26,11225,24,1,1,Mortgage,233,0.4984347608361859,3,1,0.0116582123333892,0,Auto,0,27,16,4742,466,53791,9951,2213.083333333333,0.806857440388148,7,43840,0.169725,0.1734354656173857,556.8441369333443,0.3568976030123933,0,50.0
2049-03-13,29,51325,603,Employed,Master,3,23123,48,1,2,Rent,472,0.2434139896778634,3,0,0.3624957892514078,0,Education,0,30,18,637,3082,128053,5050,4277.083333333333,0.9311952006429326,7,123003,0.216623,0.208884016578898,714.6325396725906,0.2774396585693344,1,37.6
2049-03-17,39,73591,573,Employed,Master,15,30602,24,Divorced,1,Rent,394,0.3884115383509666,0,0,0.1842219320443706,0,Home,0,28,28,1113,3878,132367,93845,6132.583333333333,0.7651080434107803,4,38522,0.219102,0.2088179603642004,1570.727533830452,0.3203751872642772,1,40.0
2049-03-29,32,15000,524,Employed,Master,10,16859,120,Divorced,3,Other,444,0.1420984425967761,4,2,0.1374357715441194,0,Home,0,25,5,334,1584,115883,9910,1250.0,0.9559864108973918,6,105973,0.309859,0.3424849753367408,498.1774085987846,0.7537419268790276,0,49.0
2049-04-06,36,15661,632,Employed,Master,12,22930,84,1,2,Own,239,0.0698668811187967,3,0,0.0504756902275136,0,Home,0,21,14,7918,2799,80058,16888,1305.0833333333333,0.9900504150005038,4,63170,0.23193,0.2395448444621891,565.1566750684931,0.6161726646332877,0,46.0
2049-04-08,42,22633,526,Employed,Master,15,14408,36,1,2,Mortgage,110,0.2345724151555246,2,1,0.3076327299048725,0,Auto,0,26,18,886,1069,85673,75408,1886.0833333333333,0.9156616542325382,6,10265,0.236408,0.2244281098417277,553.5541082082125,0.3518159014933305,0,56.0
2049-04-10,37,36627,533,Employed,Master,16,22061,24,1,1,Own,278,0.064778115196404,1,3,0.7067072448627241,0,Home,0,24,2,6126,195,62047,3649,3052.25,0.7046927936741411,3,58398,0.230561,0.2002358976804362,1123.0665500608336,0.4590274551759631,0,60.0
2049-04-11,35,37057,584,Unemployed,Master,12,11134,36,0,1,Rent,351,0.2668578508530795,8,1,0.4407238036952732,0,Other,0,25,15,728,742,54274,16877,3088.083333333333,0.9430198083177918,2,37397,0.204134,0.2079683168137796,418.3136606418092,0.2491233485630706,0,60.0
2049-04-18,36,69457,620,Employed,Master,14,16152,36,0,0,Mortgage,93,0.4047831628004374,3,3,0.4736260686789228,0,Education,0,32,16,7028,2593,129161,34964,5788.083333333333,0.7579140977290112,9,94197,0.191152,0.2000047277588168,600.270089320434,0.119775416039351,1,41.6
2049-04-22,19,25555,467,Employed,Master,0,25758,48,Divorced,2,Own,291,0.327327408197854,3,1,0.3071029601842635,0,Home,0,24,26,1891,292,65732,14680,2129.583333333333,0.968948712989491,4,51052,0.287258,0.2957709685379148,921.1175352532038,0.5691806074364485,0,54.0
2049-04-27,40,58579,602,Unemployed,Master,18,9202,48,Divorced,0,Mortgage,398,0.3755183716787255,6,0,0.2497563115621243,0,Education,0,17,27,2101,1559,99379,12940,4881.583333333333,0.7731537738916956,1,86439,0.203202,0.2260278006605116,292.9386118048624,0.1415398579978891,1,40.0
2049-05-01,45,62981,630,Employed,Master,20,24848,60,Widowed,0,Other,233,0.3755450700844749,4,2,0.1723408294884738,0,Debt Consolidation,0,20,8,7328,1196,48428,25394,5248.416666666667,0.9288178848387484,2,23034,0.214848,0.2013072767850295,660.1287423902934,0.1701710818926901,0,48.0
2049-05-03,47,45736,626,Unemployed,Master,27,12381,72,1,0,Rent,223,0.4286084948946524,0,2,0.0229555344685994,0,Home,0,24,20,6293,614,22572,12444,3811.3333333333335,0.6641465473780757,4,10128,0.214381,0.2443108614631942,329.2001043610707,0.144883707633655,0,52.0
2049-05-09,29,89316,621,Employed,Master,8,25058,60,1,1,Own,281,0.3965010733385057,1,2,0.5415784353294245,0,Debt Consolidation,0,16,25,1391,3409,19514,16169,7443.0,0.802825558194756,2,3345,0.219558,0.2058402225622408,672.0527591742441,0.128046857339009,1,43.2
2049-05-17,35,57625,526,Employed,Master,11,16094,60,Divorced,3,Mortgage,321,0.2656763285253926,0,1,0.1643335270357948,0,Other,0,18,1,619,3133,258981,136322,4802.083333333333,0.8333644243629287,5,122659,0.258094,0.2853772894537342,506.33374373241634,0.1722864195191149,0,50.0
2049-05-20,33,124186,607,Employed,Master,12,18798,60,0,2,Rent,211,0.3367477833803219,6,2,0.2256601639440789,0,Home,0,26,5,854,771,66022,30835,10348.833333333334,0.7779578112603398,5,35187,0.220298,0.2047356722436766,502.9982288053455,0.0689931131179371,1,39.2
2049-05-31,38,49814,574,Employed,Master,11,34883,96,1,2,Rent,306,0.271079844106365,3,1,0.2221557205848161,0,Auto,0,18,16,14709,335,170805,36088,4151.166666666667,0.8571194179352171,4,134717,0.282883,0.3038081680052394,971.2351211006104,0.3076810023930486,0,49.0
2049-06-02,57,72706,593,Employed,Master,33,14321,12,1,0,Mortgage,702,0.471203724374189,2,1,0.4226137801262608,0,Home,0,31,19,2557,1011,136786,17447,6058.833333333333,0.6582210362774917,4,119339,0.182821,0.1860321191629135,1317.06390502455,0.3332430179117899,1,42.400000000000006
2049-06-08,44,51985,591,Employed,Master,23,54742,48,1,0,Mortgage,2501,0.3369367014717311,4,1,0.1925628607781155,0,Auto,0,24,6,1810,5146,21269,13864,4332.083333333333,0.891957407909557,5,7405,0.2542419999999999,0.2446097287820652,1798.6688772033326,0.9925175825034144,0,52.0
2049-06-29,47,81461,632,Self-Employed,Master,24,17715,84,1,2,Rent,310,0.0595890023321679,5,2,0.8456869554839429,0,Home,0,23,4,3693,541,99993,4762,6788.416666666667,0.6669159966477378,8,95231,0.226715,0.272058,473.6776158524197,0.1154433580514483,0,57.0
2049-07-06,52,72285,619,Employed,Master,32,7246,48,1,0,Mortgage,512,0.6249404387246869,3,1,0.0850226978466654,0,Debt Consolidation,1,17,4,5930,1293,56676,4469,6023.75,0.8313948738410455,6,52207,0.192746,0.1541968,203.20646211236055,0.1187310997488874,1,44.8
2049-07-10,23,15000,538,Employed,Master,0,26952,60,Divorced,0,Own,363,0.1993601598234095,4,1,0.1459207022204156,0,Auto,0,22,25,2491,817,126262,41109,1250.0,0.7141250961308401,1,85153,0.262952,0.2876241902028443,851.6127280025851,0.971690182402068,0,49.0
2049-07-18,18,87840,554,Employed,Master,0,27499,60,1,4,Rent,342,0.1469039501260289,3,3,0.1574829213605904,0,Home,0,17,18,3793,3254,49544,33872,7320.0,0.7669740188370822,9,15672,0.255499,0.2954538899617205,882.0226090685301,0.1672162034246626,0,48.0
2049-07-21,30,37944,609,Employed,Master,8,31094,72,1,1,Other,386,0.3646910276638623,8,0,0.413245709190865,0,Other,0,20,16,6136,89,157287,7537,3162.0,0.751377352636202,2,149750,0.241594,0.2014944834292062,747.4852483889773,0.3584709830452173,0,50.0
2049-07-23,43,30844,638,Employed,Master,18,46909,12,1,0,Mortgage,476,0.0539050199626312,5,0,0.3312538458821139,0,Auto,0,23,4,828,3006,62829,49626,2570.333333333333,0.711980595369683,4,13203,0.192909,0.1981464944572687,4341.231893448032,1.874166214543392,0,54.0
2049-07-24,44,67522,628,Employed,Master,24,26059,36,1,1,Other,550,0.4753413812018661,0,1,0.2542034779523782,0,Other,0,22,3,25276,1496,26772,36271,5626.833333333333,0.8098030336912808,5,7305,0.197059,0.174597620153007,935.0480852936691,0.2639225293019169,1,42.400000000000006
2049-07-27,25,59598,584,Employed,Master,0,8892,36,0,0,Rent,542,0.1625619707014379,3,1,0.2996597031800792,0,Home,0,21,11,3760,899,122011,41680,4966.5,0.8568824077090783,4,80331,0.201892,0.2016522885337295,331.20766330664884,0.1758195234685691,1,39.2
2049-07-31,51,73459,617,Employed,Master,29,40596,96,0,1,Mortgage,269,0.159838190009336,2,0,0.2735698258340974,0,Debt Consolidation,0,23,28,6899,532,38894,30240,6121.583333333333,0.7740852763928058,2,8654,0.267096,0.2588757147847178,1005.3291861156536,0.2081698666383675,0,48.0
2049-08-11,55,45230,620,Employed,Master,37,25221,24,1,0,Own,539,0.1709643710984796,3,2,0.245472222261396,0,Debt Consolidation,0,26,6,2405,146,421622,150948,3769.1666666666665,0.821880078665693,4,270674,0.190221,0.1576413571215707,1232.0581396141508,0.4698805588187002,1,36.0
2049-08-20,45,126787,613,Employed,Master,26,12974,60,0,0,Mortgage,1018,0.0882875338184305,1,2,0.6251667269363326,0,Home,0,25,6,8983,425,35412,2423,10565.583333333334,0.7582032456969392,5,32989,0.211474,0.2327589524034536,367.8026414227626,0.1311619621654677,1,43.2
2049-08-22,45,71201,562,Employed,Master,22,9033,60,0,0,Own,857,0.1782641086354557,2,2,0.381989676495968,1,Debt Consolidation,0,28,25,24441,80,455796,22703,5933.416666666667,0.7768674709237179,8,433093,0.233033,0.2170484000910397,247.96809571373032,0.1862279623680111,1,47.2
2049-08-26,42,38486,578,Employed,Master,23,29515,84,0,0,Own,368,0.0949384717334771,4,2,0.2337730639458071,0,Auto,0,19,19,5502,1231,25027,34574,3207.1666666666665,0.716820860920005,3,9250,0.265515,0.242980496692853,733.8778628989458,0.343567384368013,0,52.0
2049-09-02,37,74771,529,Self-Employed,Master,16,17771,108,0,3,Mortgage,664,0.1871058814387452,5,0,0.4170683812812825,0,Education,0,26,4,4753,1737,27438,22724,6230.916666666667,0.8161049261157056,2,4714,0.298271,0.2753584994087522,446.2861207332853,0.1781898523331161,0,61.0
2049-09-07,34,156901,510,Employed,Master,11,16440,24,Divorced,2,Mortgage,174,0.2702740302885086,1,2,0.5721163379247795,0,Education,0,24,18,205,4675,4880,8565,13075.083333333334,0.8013616752428628,3,8914,0.23644,0.2476539166711991,875.4938038935903,0.0802667009561639,1,44.8
2049-09-08,40,43723,556,Employed,Master,19,19712,36,Divorced,1,Mortgage,290,0.3964033109719648,2,1,0.6163359055275591,0,Other,0,21,2,3850,1294,9697,18915,3643.5833333333335,0.7386561023069297,3,2537,0.226712,0.1943939575318772,726.950118306875,0.2791071385696887,0,63.0
2049-09-15,38,88852,460,Employed,Master,18,10982,60,0,4,Rent,275,0.1129548092364396,5,1,0.2485157578440577,0,Education,0,20,3,2494,986,20354,190465,7404.333333333333,0.7438753840878795,7,1329,0.285982,0.2956844002403641,352.3994133236971,0.0847340854441584,0,53.0
2049-09-17,34,86006,625,Self-Employed,Master,10,22862,72,0,5,Own,547,0.2139138520054776,5,1,0.3211019084304889,0,Other,0,33,21,3048,1717,15273,57551,7167.166666666667,0.9073149639165304,1,3881,0.225362,0.2536387684052719,620.9522531784628,0.1629587126263464,0,53.0
2049-09-26,26,55374,510,Employed,Master,3,31378,48,0,2,Own,452,0.3124805428889946,4,1,0.2884302874401633,0,Home,0,16,13,2579,3093,17580,9461,4614.5,0.906119390911154,4,8119,0.271378,0.239259809201751,1021.6968203443608,0.3193621888274701,0,52.0
2049-09-28,55,86108,531,Employed,Master,34,28961,72,1,1,Rent,670,0.2861262778462658,2,0,0.078921658924172,0,Home,0,23,28,1047,906,49169,165510,4419.083333333333,0.8309234231668832,7,8759,0.278461,0.268835242578717,813.930401933507,0.3358005020498611,0,49.0
2049-10-01,20,54519,540,Employed,Master,0,32468,60,1,0,Own,168,0.2332714703334259,2,0,0.4743260649281064,0,Auto,0,18,29,1967,1097,103674,21525,4543.25,0.7297515326341121,3,82149,0.267468,0.2781146033697105,1007.2280246038542,0.2586756230900466,0,54.0
2049-10-02,70,72561,628,Employed,Master,45,70242,48,1,0,Mortgage,320,0.2631204546648397,1,0,0.3012994194515571,0,Home,0,19,16,7728,473,24969,28580,6046.75,0.6810366936487828,9,10025,0.251242,0.2312728746478994,2256.260897110914,0.4260571211164533,0,51.0
2049-10-03,32,47772,549,Employed,Master,9,21799,120,1,3,Mortgage,308,0.3024831542635344,6,0,0.1327418557838852,0,Home,1,27,14,13518,1153,273642,64831,3981.0,0.7195631729251623,3,208811,0.302299,0.2887333441774439,556.6034452587793,0.2171824780856014,0,53.0
2049-10-04,38,38505,660,Employed,Master,16,12760,24,0,3,Rent,527,0.1858910635759539,1,0,0.21345382263831,0,Auto,0,21,18,2456,379,103250,28016,3208.75,0.9841389549148276,7,75234,0.1577599999999999,0.1737635434666246,633.193195945164,0.3615717011126338,0,44.0
2049-10-08,41,54480,629,Employed,Master,17,19777,24,0,0,Rent,425,0.1275880559506735,2,0,0.2691934774073733,0,Debt Consolidation,0,16,11,1362,6084,60722,6904,4540.0,0.8311281208270854,6,53818,0.180277,0.2005660325818622,1007.1132412418287,0.3154434452074512,0,46.0
2049-10-09,33,47325,567,Employed,Master,12,16335,48,0,1,Mortgage,262,0.2669571065239133,3,1,0.4996738490952966,0,Auto,0,30,3,3613,815,52254,5719,3943.75,0.946328226738176,6,46535,0.2278349999999999,0.2359038437487365,528.8586850192502,0.2005346903376862,0,60.0
2049-10-13,24,171092,592,Unemployed,Master,2,10237,72,1,0,Mortgage,334,0.1624362940617225,4,1,0.4234404831445181,0,Home,0,22,29,671,154,13905,8916,14257.666666666666,0.9243296024327996,6,4989,0.229237,0.2173775772730948,255.62508516037488,0.0413549495121016,1,44.8
2049-10-19,35,23131,589,Employed,Master,13,10253,12,1,0,Rent,156,0.1659321641808105,0,0,0.1877983741887851,0,Auto,0,26,12,2531,1789,125300,6800,1927.5833333333333,0.7417684663212484,5,118500,0.180753,0.1640214181923067,932.2157662334936,0.5645492713156337,0,47.0
2049-10-20,40,58162,649,Employed,Master,21,28773,72,1,2,Mortgage,575,0.3317211950941344,1,4,0.232777616911822,0,Other,0,26,1,869,555,108105,6451,4846.833333333333,0.77022757861552,5,101654,0.219273,0.209247555640054,704.7046504741282,0.2640290190449011,0,49.0
2049-10-26,55,44105,688,Employed,Master,33,9338,12,1,3,Mortgage,626,0.7235333470274853,3,0,0.1948510982243719,0,Education,0,28,2,4583,140,58662,40460,3675.4166666666665,0.7934963061392135,8,18202,0.130338,0.1133095948045364,826.7501889164221,0.3952613596416974,1,40.8
2049-11-14,44,46383,602,Employed,Master,18,8973,48,Divorced,4,Mortgage,201,0.4192727677752237,4,1,0.4025474588394506,0,Debt Consolidation,0,26,7,25460,3986,29446,9047,3865.25,0.736111171118186,5,20399,0.202973,0.2130246944626816,279.3170471463749,0.1242654542775693,1,44.8
2049-11-21,39,59253,606,Employed,Master,16,24359,72,1,3,Rent,203,0.2471885517277043,6,0,0.1534546079703962,0,Education,0,24,25,1416,3192,469263,17468,4937.75,0.6090151170134553,5,451795,0.2363589999999999,0.222457193590412,615.6051981475783,0.165785063672235,1,32.800000000000004
2049-11-26,43,44375,631,Employed,Master,21,20299,36,0,3,Own,248,0.1551297057860874,5,0,0.1522961673139685,0,Education,0,20,27,43985,3574,47559,9905,3697.9166666666665,0.9481360489423132,6,37654,0.189799,0.1782124738776217,732.0385268934979,0.2650245030472558,1,37.6
2049-11-27,60,30889,635,Employed,Master,40,27821,60,1,0,Rent,251,0.449163876197738,1,1,0.2946173712560234,1,Education,0,27,6,2379,938,58503,41609,2574.083333333333,0.7457951250417554,7,16894,0.2153209999999999,0.2192305817435519,767.169172128093,0.3955463131061904,0,65.0
2049-11-29,31,42815,570,Employed,Master,8,21192,96,0,1,Rent,309,0.0855742431572563,6,1,0.28427325500464,0,Education,0,20,23,1147,745,632804,58981,3567.9166666666665,0.6536166577160374,5,573823,0.271192,0.2581202768704476,523.7320760385451,0.2333944858685633,1,35.2
2049-11-30,57,96964,661,Employed,Master,34,19741,96,1,0,Rent,411,0.0971802856712438,2,1,0.2491102999388502,0,Auto,0,18,1,1548,1382,146548,66774,8080.333333333333,0.9460228357917508,7,79774,0.224241,0.2196414999904183,438.1344376664714,0.105086560496655,0,46.0
2049-12-03,34,41702,581,Unemployed,Master,14,7573,60,0,1,Mortgage,167,0.0227830874114817,3,0,0.4522417539523847,0,Other,0,29,15,4447,1227,14000,27441,3475.1666666666665,0.7180000483095977,8,6602,0.222073,0.2012376141056776,201.16003516972677,0.1059402527945115,1,47.2
2049-12-04,29,32034,599,Employed,Master,7,17417,48,1,3,Rent,573,0.5533612237541747,8,0,0.1441851893120579,0,Home,1,26,7,861,1633,104861,17325,2669.5,0.4384367252330983,5,87536,0.212917,0.2245331949370077,553.0367227488786,0.4218155919643673,0,57.0
2049-12-05,32,36121,551,Employed,Master,8,23206,72,0,1,Mortgage,254,0.1125864768549727,4,0,0.1898412047898955,0,Education,0,24,12,1229,1363,41815,97312,3010.083333333333,0.6246851627202504,8,2101,0.262706,0.2541197082252034,630.9832501466359,0.2940062291121406,0,50.0
2049-12-08,41,109488,507,Employed,Master,18,17185,48,1,4,Rent,510,0.2738677018150982,2,0,0.0511969972482997,0,Debt Consolidation,0,22,1,10875,589,17748,40546,9124.0,0.7887529392254676,9,4850,0.258685,0.2891690412564675,607.9845564987605,0.1225322837021876,0,53.0
2049-12-16,24,82658,508,Employed,Master,2,16976,84,0,3,Mortgage,360,0.5628791818733959,3,3,0.3899416661438494,0,Education,0,29,23,3255,392,39473,4376,6888.166666666667,0.7577104339804672,5,35097,0.287976,0.3164951228784188,504.3656058706044,0.1254855824051786,0,54.0
2049-12-17,65,78828,538,Employed,Master,44,24074,36,1,0,Mortgage,266,0.3733485719977217,6,1,0.5493425827839313,0,Other,0,31,23,7263,4291,191799,30561,6569.0,0.8293022693364491,5,161238,0.240074,0.2452838357111761,951.1834617764872,0.1852920477662486,1,43.2
2049-12-23,28,29545,575,Self-Employed,Master,7,20303,48,Divorced,0,Rent,513,0.4317662350379226,2,1,0.3464527356460236,0,Debt Consolidation,0,18,20,981,447,48304,26225,2462.083333333333,0.6146186619159291,9,22079,0.227803,0.2733636,699.9146347106338,0.4926375229828263,0,60.0
2049-12-24,28,31378,544,Employed,Master,4,28876,36,0,2,Rent,486,0.2299598484319237,5,3,0.409395365790796,0,Education,0,21,16,7421,2521,95117,16542,2614.833333333333,0.9102399058950004,3,78575,0.241876,0.2219535449863913,1105.7079544679912,0.6087225270449326,0,55.0
2049-12-25,36,27013,639,Self-Employed,Master,17,12602,72,1,0,Mortgage,159,0.1303537822489815,4,1,0.098805833509792,0,Debt Consolidation,0,19,2,1950,1926,114059,16598,2251.083333333333,0.8758542046662187,4,97461,0.208102,0.1960024850279768,298.940538334838,0.2034311798029858,0,53.0
2049-12-26,63,72406,638,Employed,Master,41,23980,84,Divorced,2,Rent,572,0.407792322941492,4,1,0.6025315421450546,0,Education,1,26,14,13756,667,110131,1575,6033.833333333333,0.7102470991778748,2,108556,0.22998,0.2181139026700566,558.9644400672458,0.1874371361600827,0,58.0
2050-01-07,33,43236,634,Self-Employed,Master,13,19633,96,Widowed,0,Own,449,0.0256054034170242,1,0,0.2555982599870868,0,Education,0,24,22,2593,363,221424,14460,3603.0,0.8558714607215596,8,206964,0.237633,0.262068039821877,490.4010516831015,0.2607274636922291,0,48.0
2050-01-10,25,105547,537,Employed,Master,0,15083,36,1,1,Mortgage,108,0.3655358730887901,0,1,0.5290948867023462,0,Home,1,23,22,9611,1187,126093,33542,8795.583333333334,0.9170959815542534,6,92551,0.231583,0.2362145827062592,588.755442112244,0.0792165130732936,1,48.8
2050-01-24,40,25509,525,Employed,Master,17,30639,72,Divorced,1,Own,440,0.0443139427614531,2,0,0.3824848358260665,0,Auto,0,39,9,1157,517,11763,63311,2125.75,0.7713634411805159,4,3706,0.283139,0.2868272688066465,895.8882610970336,0.628431499986844,0,56.0
2050-01-26,43,58789,577,Unemployed,Master,21,17673,48,1,1,Rent,672,0.3922985475609586,2,0,0.305018214825922,0,Debt Consolidation,0,36,28,1738,479,685577,24222,4899.083333333333,0.7420145007999058,8,661355,0.224173,0.2357136840292014,571.9924092651645,0.2539235045872863,1,39.2
2050-01-29,44,92060,657,Employed,Master,20,26261,24,0,0,Mortgage,335,0.6002238349780485,3,1,0.6712664574331286,0,Debt Consolidation,1,29,27,6165,703,1115688,15324,7671.666666666667,0.809774145299012,7,1100364,0.172761,0.1512440361416266,1274.860594830337,0.2098449613074521,1,40.8
2050-02-06,57,61658,652,Employed,Master,36,18812,96,Divorced,3,Mortgage,479,0.5176471864433155,3,0,0.4422743214630125,0,Home,0,28,23,1604,713,28885,5093,5138.166666666667,0.8814662247812421,7,23792,0.227812,0.2263512288808527,425.626234988008,0.1760601190414236,0,51.0
2050-02-13,69,50853,679,Employed,Master,46,36552,24,1,2,Rent,247,0.3755218183563819,2,0,0.2278484173726417,0,Home,1,18,4,3276,925,323427,33525,4237.75,0.7805110688813305,7,289902,0.172052,0.1618928284759255,1793.007179601579,0.4813892229606699,0,49.0
2050-02-14,51,121737,591,Employed,Master,29,31691,24,Divorced,3,Mortgage,291,0.481486612350821,4,2,0.1066778866130075,0,Home,0,20,3,3716,947,29942,84728,10144.75,0.8241197258585929,1,3291,0.211191,0.2028590179626549,1617.3685547698558,0.188113906677824,1,41.6
2050-02-18,35,89923,466,Employed,Master,11,16295,48,0,1,Mortgage,315,0.296766598392125,6,2,0.4256996502543936,0,Home,0,14,9,6390,1246,58971,16966,7493.583333333333,0.8466618839697474,3,42005,0.278295,0.2803635963750294,568.2547972970809,0.1178681490560254,1,44.8
2050-02-19,63,59402,660,Employed,Master,39,14345,72,Divorced,2,Mortgage,231,0.4573815674862772,3,2,0.477632720314045,0,Home,0,30,23,16360,497,141377,79031,4950.166666666667,0.600876466517759,3,62346,0.199345,0.2068591694362548,349.33055380265927,0.1172345484265161,1,39.2
2050-02-27,47,172690,621,Self-Employed,Master,26,27226,48,0,0,Rent,405,0.0991329193249212,4,0,0.4148921868588036,0,Home,0,30,15,2110,1327,41150,153661,14390.833333333334,0.6242908692321355,5,8620,0.211726,0.201555650929091,830.7553274911513,0.0858710054426649,1,42.400000000000006
2050-03-10,41,39661,581,Employed,Master,20,6380,60,1,0,Rent,326,0.5291733850833462,4,1,0.5631255305550645,0,Home,0,22,5,2420,2016,16054,61791,3305.083333333333,0.8841998005911746,5,5370,0.22088,0.2219926912930527,176.9322598273602,0.1521693128748222,1,49.6
2050-03-14,40,102090,614,Employed,Master,17,24266,12,1,0,Own,589,0.4396442036830934,1,3,0.0443233671950685,0,Auto,0,24,2,246,494,76419,7830,8507.5,0.8675322750104667,4,68589,0.182266,0.1925865704758153,2239.2681536703253,0.3324440968169644,1,39.2
2050-03-17,41,21536,621,Employed,Master,15,20030,60,0,3,Rent,550,0.2669402669470211,4,2,0.4669989750308167,0,Auto,0,24,10,382,6092,33958,73320,1794.6666666666667,0.7743171570177141,5,5299,0.21453,0.2027670909243846,533.7611201920398,0.603878781682043,0,55.0
2050-03-19,48,55488,636,Employed,Master,24,20335,36,Divorced,1,Mortgage,449,0.2376949062452546,2,0,0.4773316672153515,0,Debt Consolidation,0,29,24,1752,385,15536,8187,4624.0,0.915229744166306,10,7349,0.187335,0.149868,704.7880148419462,0.2495216295073413,1,42.400000000000006
2050-03-21,27,15000,602,Employed,Master,6,15993,60,Divorced,2,Mortgage,464,0.173512664647932,4,0,0.1640511610439796,0,Debt Consolidation,0,30,9,7647,180,136748,17849,1250.0,0.6938600622199476,6,118899,0.219993,0.1902758665697976,415.11003395483095,0.7032880271638647,0,45.0
2050-03-23,27,84590,569,Self-Employed,Master,4,12845,48,1,0,Other,719,0.0801497045559727,1,2,0.4654769781233342,0,Auto,0,24,1,5244,1358,41815,14855,7049.166666666667,0.8435357040075396,5,26960,0.223345,0.2047182568707113,394.1143271050046,0.1579072221924583,1,48.8
2050-03-25,48,95644,644,Self-Employed,Master,24,17648,36,Divorced,3,Own,445,0.3342974755196607,4,1,0.0977943956515059,0,Debt Consolidation,0,31,2,3892,706,86849,3914,7970.333333333333,0.6975374266337078,7,82935,0.180648,0.1956295844118032,651.9395981194918,0.1376278195959381,1,40.8
2050-04-04,32,60798,577,Employed,Master,11,11621,36,Divorced,2,Mortgage,891,0.3831189164520042,5,1,0.2807123852186161,0,Education,0,30,8,1061,492,127359,10128,5066.5,0.7728543608082474,8,117231,0.208121,0.2060173483728264,435.44924156724994,0.2618078045134214,1,39.2
2050-04-05,18,32249,601,Employed,Master,0,22065,36,1,0,Own,309,0.0826080748235005,4,1,0.3197321594412357,0,Auto,0,27,15,2142,77,51480,11086,2687.4166666666665,0.6658192798106917,3,40394,0.206565,0.2324502513564001,856.9504373071876,0.4338554760670487,0,51.0
2050-04-09,32,26996,607,Employed,Master,6,16368,120,0,2,Rent,440,0.3541195915081921,3,2,0.2365358948276254,1,Debt Consolidation,0,35,5,996,444,50481,5107,2249.6666666666665,0.9349216270003888,5,45374,0.267868,0.2938410537699783,424.0623164435993,0.3840845976190247,0,65.0
2050-04-14,58,32575,641,Employed,Master,40,34760,36,1,0,Rent,346,0.4725904808187409,2,1,0.3133097588778897,0,Debt Consolidation,0,29,27,3333,165,67561,9192,2714.583333333333,0.8239037402616718,8,58369,0.19926,0.1897582628895846,1273.7384539756142,0.596680320727778,0,51.0
2050-04-19,18,44391,620,Employed,Master,0,19908,36,1,1,Mortgage,1015,0.0741107419282386,3,2,0.2190234022538228,0,Auto,0,15,7,5696,1504,53925,15023,3699.25,0.8574179625828406,8,38902,0.194908,0.1994247768748966,739.2692599855395,0.4742229532974358,0,50.0
2050-05-03,30,83445,589,Employed,Master,9,23933,36,1,0,Rent,646,0.418977345130631,4,0,0.1698826341410725,1,Other,0,21,22,4541,2705,24564,1456,6953.75,0.6638252467559101,4,23108,0.214433,0.1984007150528303,887.4869922713285,0.2205266212146437,0,62.0
2050-05-12,47,134535,571,Employed,Master,25,16563,96,1,3,Mortgage,396,0.3319788444035833,7,2,0.3269526610682979,0,Debt Consolidation,0,23,11,3959,1902,236648,9130,11211.25,0.8328632584787975,4,227518,0.266063,0.2337441213279894,382.6778449199283,0.06945504247251,1,38.400000000000006
2050-05-20,39,101246,572,Employed,Master,16,22608,108,1,2,Mortgage,496,0.3753382386006219,5,0,0.2505840715689832,0,Auto,0,24,17,369,1261,147000,175779,8437.166666666666,0.7207703426186164,6,8634,0.2816079999999999,0.2853083502977684,583.6566615844791,0.1279643634219006,1,40.8
2050-05-23,33,54583,621,Employed,Master,7,41522,96,1,1,Rent,543,0.3209969733184168,1,1,0.2764782673005604,1,Home,0,21,15,5259,160,154697,24446,4548.583333333333,0.8244875741394073,5,130251,0.266022,0.2382782985726612,971.6287368084804,0.3329891145906558,0,57.0
2050-06-02,47,51684,657,Self-Employed,Master,24,16782,60,1,2,Own,206,0.4526264066096029,2,0,0.2942900336521619,0,Home,0,20,7,7988,1373,33163,33046,4307.0,0.6871880973449559,5,5090,0.193282,0.2039380864531358,448.305631897032,0.1519167940322804,0,51.0
2050-06-06,40,83726,620,Self-Employed,Master,17,17616,36,1,0,Rent,468,0.5254437609918838,6,0,0.2564894868740044,0,Home,0,21,22,614,1437,124339,31489,6977.166666666667,0.8661449293446358,5,92850,0.192616,0.1973212193679115,652.2717374900014,0.1605625594185798,1,40.0
2050-06-11,37,82917,574,Employed,Master,15,13190,24,1,1,Own,300,0.038797813631428,2,0,0.6368323967056457,0,Debt Consolidation,0,24,13,18131,3487,505052,83076,6909.75,0.9045639996500155,5,421976,0.20119,0.1758778626758692,655.8748211347778,0.1383371064271178,1,40.0
2050-06-19,52,156415,649,Employed,Master,29,31211,48,0,0,Rent,963,0.3008683421778375,5,1,0.2546042887826328,0,Other,0,22,27,13421,3084,18777,10258,13034.583333333334,0.920933531077456,4,8519,0.201711,0.1820748684360106,920.2105054902348,0.1444779980557032,1,37.6
2050-07-16,40,49842,531,Employed,Master,15,17345,48,1,1,Mortgage,174,0.157837036037112,3,0,0.1856387133816498,0,Home,0,33,1,11702,3494,15196,12200,4153.5,0.8061236414964876,7,2996,0.246845,0.2646638884128724,589.38702860265,0.1837936748772481,0,54.0
2050-07-17,49,125187,674,Employed,Master,28,12909,60,0,1,Mortgage,599,0.1263023596680749,2,0,0.2527767171159094,0,Education,0,30,23,6789,1553,111719,21343,10432.25,0.9051096023495044,9,90376,0.180909,0.1674706954058157,319.0689005409303,0.0880029620207462,1,32.800000000000004
2050-07-18,38,254459,583,Employed,Master,11,17033,60,1,0,Rent,265,0.4397508951035312,3,2,0.032977070111548,0,Debt Consolidation,0,25,25,8873,8828,49306,26368,21204.916666666668,0.8553292562667508,7,22938,0.230533,0.2121013038434959,462.8155245344102,0.0343229608479673,1,39.2
2050-07-26,35,111122,626,Employed,Master,13,12238,84,1,2,Rent,355,0.6585416713734145,4,0,0.4402984797750808,0,Home,0,21,28,7920,2429,77219,44719,9260.166666666666,0.9666349308797056,5,32500,0.224238,0.2235130110343387,289.3471893873144,0.0695826773514495,1,43.2
2050-08-01,47,79429,587,Employed,Master,27,17141,48,1,0,Rent,752,0.4212100644601287,1,1,0.3878809290250096,0,Auto,0,21,12,903,1777,12474,83360,6619.083333333333,0.8055100146193417,2,3520,0.218641,0.1960895466366499,518.0422427278933,0.1918758502906333,1,44.0
2050-08-02,25,15086,614,Employed,Master,4,25445,60,0,0,Own,352,0.7787853052290254,3,0,0.4289014073675593,0,Home,0,25,9,5327,883,17454,83382,1257.1666666666667,0.8072544611858167,5,2957,0.223445,0.2231183797226492,707.282060494411,0.8425947717044233,0,58.0
2050-08-03,18,110368,577,Employed,Master,0,8984,36,Widowed,2,Mortgage,288,0.4187772611429133,6,1,0.1025660468471496,0,Other,0,21,28,546,3008,53142,28629,9197.333333333334,0.6080468860323208,4,24513,0.205484,0.1994079035202165,333.60665726545614,0.0675855310161049,1,40.0
2050-08-06,70,206311,555,Employed,Master,48,54562,108,1,2,Own,739,0.1304934130081241,2,2,0.2410463277255828,0,Education,0,27,6,539,746,28534,96540,17192.583333333332,0.9773480188156648,3,2685,0.3220619999999999,0.3475698745689717,1656.1792160198877,0.139314678287821,0,51.0
2050-08-07,46,80242,479,Employed,Master,23,35498,84,Divorced,3,Own,691,0.3850909778560993,1,3,0.1102508721990277,0,Home,0,30,28,3393,2500,155965,100012,6686.833333333333,0.8454801584902801,2,55953,0.320998,0.3366494198165711,1103.9064924458708,0.2684239912932186,0,47.0
2050-08-08,18,92242,617,Employed,Master,0,20137,36,Divorced,3,Mortgage,664,0.4656950646237761,4,1,0.1532410249117423,0,Debt Consolidation,0,16,11,8557,658,19315,61488,7686.833333333333,0.807825646357177,5,6072,0.196637,0.20864243131606,757.2599509473993,0.1848953775001495,1,37.6
2050-08-20,34,30275,636,Employed,Master,12,22944,60,Divorced,4,Mortgage,286,0.4218465924384537,6,0,0.0872118466218303,0,Education,0,24,14,2222,2434,81030,22797,2522.9166666666665,0.8657407484465297,7,58233,0.209944,0.2519328,676.0390992334611,0.3813202044855998,0,47.0
2050-08-21,48,34933,604,Unemployed,Master,24,19953,48,0,2,Mortgage,523,0.3186872186939054,4,0,0.2418734235801906,0,Home,0,26,26,2624,784,77722,42681,2911.083333333333,0.7200671509855379,6,35041,0.212953,0.2045309945003051,612.0042634782407,0.3898906810677264,0,53.0
2050-08-22,43,248887,528,Unemployed,Master,21,12760,72,1,3,Mortgage,781,0.460265145616082,2,1,0.2114023772426673,0,Home,0,20,13,8914,784,34947,40992,20740.58333333333,0.9557529657617636,4,7155,0.26376,0.2680026583949384,357.9472268851621,0.0549139437681435,1,43.2
2050-09-03,50,35320,611,Self-Employed,Master,26,35187,36,1,4,Mortgage,459,0.2473828798226691,3,1,0.305206261112227,0,Debt Consolidation,0,25,5,5108,446,93743,70524,2943.333333333333,0.9510329074443046,2,23219,0.214687,0.208694908968481,1323.3159412673049,0.605543354903954,0,57.0
2050-09-13,45,26884,544,Employed,Master,23,24826,60,1,3,Rent,301,0.0231526616898961,1,0,0.2441865369209097,0,Auto,0,30,27,4987,1992,82717,10854,2240.333333333333,0.9818449746804864,4,71863,0.257826,0.2270286832223128,695.6250097142502,0.4448556805747285,0,51.0
2050-09-17,22,35971,588,Employed,Master,0,20617,60,0,1,Mortgage,333,0.29873461284779,3,0,0.1683570821875503,0,Education,0,23,23,2656,20239,103446,53909,2997.583333333333,0.77281055774224,5,49537,0.231617,0.257909068425658,614.7331305010185,0.3161657325626816,0,51.0
2050-10-03,28,45253,638,Employed,Master,2,16435,24,1,1,Rent,336,0.1534962755613964,1,3,0.0884729601026118,0,Home,0,25,29,13236,679,67589,19950,3771.0833333333335,0.6027072014192504,10,47639,0.172435,0.175843206433078,817.2054982215438,0.3058021783894664,0,47.0
2050-10-06,40,65486,626,Self-Employed,Master,19,41917,12,Divorced,1,Rent,215,0.1274222991746748,1,0,0.0539179712727954,0,Auto,0,21,18,8034,548,76481,11761,5457.166666666667,0.9374973424885056,4,64720,0.193917,0.176551473990055,3836.074196997128,0.7423402004087214,0,47.0
2050-10-07,58,65174,611,Employed,Master,35,24025,60,0,0,Mortgage,460,0.4541425276730161,4,0,0.2057683558640756,0,Other,0,22,12,3952,1768,231377,5129,5431.166666666667,0.9509574857916402,4,226248,0.2235249999999999,0.2325895452480532,680.8552706209791,0.2100571278032919,1,36.8
2050-10-10,43,123663,631,Unemployed,Master,25,30337,48,1,3,Other,314,0.3545823499152727,5,2,0.6291854911428575,0,Education,0,29,13,7865,1639,57309,34369,10305.25,0.9728839833591916,3,22940,0.209837,0.2175527219030493,951.7738194294984,0.1228280555473664,1,44.8
2050-10-17,23,58761,607,Employed,Master,0,27895,24,0,0,Mortgage,506,0.0714679556649883,3,1,0.1416229177220063,0,Home,0,23,18,1034,8368,58380,4549,4896.75,0.8299939317454669,4,53831,0.199395,0.1908153429564665,1407.2536448345736,0.3907190779260884,0,44.0
2050-10-19,66,32238,614,Self-Employed,Master,44,11239,48,Widowed,1,Mortgage,354,0.2451863744967034,3,0,0.0344316891748098,0,Education,0,24,21,2566,379,30867,7000,2686.5,0.7474544305331624,4,23867,0.199239,0.1843437679656395,332.70212626157416,0.2556121817463518,0,51.0
2050-11-08,28,15398,538,Self-Employed,Master,4,42537,60,0,4,Other,233,0.2112299164215801,1,1,0.5355456298187306,0,Debt Consolidation,0,17,19,431,452,125076,50238,1283.1666666666667,0.7973240334071766,4,74838,0.278537,0.2568992288101878,1265.780910628725,1.1680329216485712,0,61.0
2050-11-11,36,76509,630,Self-Employed,Master,15,17754,48,1,3,Mortgage,435,0.053843081285924,3,0,0.0958701497981016,0,Debt Consolidation,0,25,22,2757,1233,32932,18193,6375.75,0.7783934993626062,7,14739,0.197754,0.2373048,576.1708196526799,0.1585963721370317,0,49.0
2050-11-21,32,32194,609,Employed,Master,14,26371,72,0,4,Rent,386,0.2747375491081018,3,4,0.4091563281713215,0,Debt Consolidation,1,23,9,1925,307,51694,3588,2682.833333333333,0.8822551497942697,2,48106,0.236871,0.2594374924713665,725.7078542808077,0.4143782770506831,0,61.0
2050-11-22,50,88128,618,Unemployed,Master,24,13963,96,1,3,Rent,374,0.3309834515407822,2,1,0.2371264450581047,1,Auto,0,32,22,10431,1225,11656,11215,7344.0,0.910602721360194,6,2941,0.239963,0.2300030883616997,319.21361389107227,0.0943918319568453,0,63.0
2050-11-27,47,144034,564,Employed,Master,21,20798,60,Divorced,2,Mortgage,318,0.5482781240447112,0,4,0.2263062789783279,0,Home,0,22,1,5556,3602,31243,100132,12002.833333333334,0.9325913421431652,7,5014,0.243798,0.2319984295592947,588.6958563686621,0.0755401521614615,1,44.0
2050-12-03,51,55942,671,Employed,Master,27,17652,48,0,0,Rent,291,0.2045243831174047,4,2,0.1533759030204689,0,Home,0,23,28,1050,473,77058,54781,4661.833333333333,0.5746547887841039,4,22277,0.177152,0.1938518888621646,531.3915264762204,0.1764094654770055,0,44.0
2050-12-04,45,45453,518,Employed,Master,23,36807,24,1,2,Rent,503,0.2426241027910519,3,1,0.5959138915150134,0,Home,0,17,26,1970,662,54352,14772,3787.75,0.8874671151504671,5,39580,0.252807,0.2370992929436421,1940.701755335344,0.6451591988212907,0,59.0
2050-12-25,47,56347,576,Employed,Master,22,20168,36,Divorced,2,Mortgage,506,0.2534406930173232,4,1,0.2796736210761369,0,Education,0,23,16,1081,2184,84962,21742,4695.583333333333,0.9382133058376966,8,63220,0.217168,0.2071446382969079,756.8772349572412,0.2689500207550871,1,40.0
2050-12-29,52,53541,652,Employed,Master,32,35373,12,1,2,Other,182,0.5655963465276641,6,0,0.69199454905588,1,Other,0,29,20,3342,946,242813,23258,4461.75,0.5949285384393793,5,219555,0.174373,0.1761947151814096,3236.5938317784025,0.7662002200433468,0,61.0
2051-01-22,27,33359,440,Employed,Master,6,17372,96,Widowed,2,Own,355,0.4001957401434636,1,1,0.0749181521916708,0,Education,0,23,27,2402,1649,17449,12749,2779.9166666666665,0.7203676328688016,2,4700,0.332372,0.3194355644985188,502.80861606884775,0.3085735001896392,0,52.0
2051-01-24,39,41340,528,Employed,Master,17,34784,24,0,2,Mortgage,228,0.2978788833701673,0,0,0.1784896968420648,0,Home,0,28,29,519,593,10432,14432,3445.0,0.7325385618120555,6,8302,0.245784,0.2146329809286855,1795.323890334718,0.5873218839868557,0,51.0
2051-01-25,45,56719,570,Employed,Master,26,20766,60,1,3,Rent,278,0.2065220234671096,0,0,0.5863537101309642,0,Home,1,15,23,872,439,88424,10278,4726.583333333333,0.7988716278725055,6,78146,0.240766,0.2313977623766003,587.0721788838483,0.1830227286554096,0,62.0
2051-01-30,30,15000,604,Employed,Master,6,14486,36,1,1,Own,489,0.2540975320411908,2,0,0.0983368798500402,0,Debt Consolidation,0,13,24,1358,777,27457,28435,1250.0,0.7657450116875778,4,7919,0.197486,0.2093177043536846,545.2536884285923,0.8274029507428738,0,49.0
2051-02-04,46,84535,543,Employed,Master,25,43154,48,1,0,Other,371,0.2913707438598708,5,2,0.0802439154080177,0,Auto,0,24,25,1937,1170,53318,22840,7044.583333333333,0.8846256732294125,8,30478,0.266654,0.2673710534080156,1472.9892987642104,0.2617598815303782,0,49.0
2051-02-14,32,124418,479,Employed,Master,7,11282,120,1,1,Rent,195,0.2032953949289458,6,3,0.0625526641804637,0,Debt Consolidation,0,21,29,125,236,32890,6073,10368.166666666666,0.8503840965836786,4,26817,0.326782,0.3686970404420008,356.06432390350443,0.0531496398177277,1,38.400000000000006
2051-02-15,48,29202,593,Employed,Master,25,60025,72,1,5,Mortgage,397,0.3906082562512501,2,0,0.677401187660224,0,Other,0,19,3,2063,1780,37763,3250,2433.5,0.8789208263127625,3,34513,0.278525,0.2626089874219959,1663.6544285196446,0.8467862866322764,0,63.0
2051-03-11,43,69437,517,Employed,Master,20,15039,72,1,0,Mortgage,575,0.2915493339515833,2,0,0.3551535359841467,0,Auto,0,26,14,5092,2394,58712,6742,5786.416666666667,0.8260982504377421,8,51970,0.271539,0.2180075365019559,376.0952500777653,0.1643668793429034,1,41.6
2051-03-13,50,59111,598,Employed,Master,28,14004,36,Widowed,0,Mortgage,579,0.0807392481548581,6,1,0.1113281920697083,0,Home,0,30,4,4027,723,230633,68961,4925.916666666667,0.7591905483802294,8,161672,0.200004,0.1999925055034533,520.4334737528303,0.223193681125915,1,38.400000000000006
2051-04-14,41,34794,597,Unemployed,Master,20,16189,72,Divorced,0,Mortgage,596,0.0413566596285114,1,2,0.6662804710700213,0,Debt Consolidation,0,25,14,2816,406,54293,16571,2899.5,0.6739969060051793,6,37722,0.232689,0.2264376596331383,412.9759747022556,0.347982746922661,0,61.0
2051-04-20,42,36270,619,Employed,Master,20,21914,24,1,1,Other,372,0.1315293741699562,2,0,0.2267206155561268,0,Other,0,30,23,5444,395,45546,11313,3022.5,0.6167532899329051,6,34233,0.187414,0.1936517990048355,1108.5463902163008,0.4898416510227629,0,49.0
2051-04-24,31,23384,593,Employed,Master,11,16670,48,1,0,Rent,376,0.4290494918717211,3,1,0.2405600852638143,0,Other,0,24,24,6567,456,38276,14469,1948.6666666666667,0.7159832509214259,7,23807,0.21517,0.2302611510583864,534.5365748023903,0.4672613281572307,0,55.0
2051-05-07,44,36173,611,Employed,Master,22,48366,36,0,2,Mortgage,587,0.2007568537541493,2,0,0.6412335479529058,0,Other,0,24,11,1777,480,65291,23799,3014.4166666666665,0.8432873356597941,3,41492,0.2278659999999999,0.2156665637631396,1836.2943250698213,0.803901581313075,0,56.0
2051-05-10,38,30628,566,Unemployed,Master,14,39033,72,Divorced,0,Mortgage,362,0.2170123507564547,1,1,0.2434193652820592,0,Other,0,24,7,6387,1264,61577,49064,2552.333333333333,0.7812830784585364,5,12513,0.2710329999999999,0.2898775833027994,1148.9226368733227,0.5919770028235559,0,57.0
2051-05-15,34,83336,600,Employed,Master,9,37793,36,0,0,Mortgage,635,0.4310634275251024,4,0,0.4308139138376453,0,Home,0,21,11,2449,446,17145,31792,6944.666666666667,0.8396000576603097,4,1192,0.222793,0.241285993033596,1485.2802495733115,0.3053105859998048,0,53.0
2051-05-26,29,60260,553,Employed,Master,7,27950,48,1,3,Mortgage,437,0.1643970822255951,1,0,0.3529369388935066,0,Home,1,34,8,12189,2029,427496,23741,5021.666666666667,0.8487438750714142,3,403755,0.24645,0.2511918710136969,928.6007006845688,0.2719417259909529,0,54.0
2051-05-27,40,21059,633,Employed,Master,19,16881,60,0,0,Rent,113,0.2868938047143922,5,1,0.1838013715593749,0,Other,0,24,20,5550,2109,224756,22826,1754.9166666666667,0.7676566334277818,1,201930,0.205381,0.2086856339268238,455.4405321095732,0.3239131195837826,0,45.0
2051-06-03,49,70791,621,Self-Employed,Master,25,30882,24,1,4,Mortgage,378,0.3385790286398088,5,3,0.0668971131303688,0,Auto,0,21,21,8699,1693,36823,37885,5899.25,0.7184016840627355,3,8847,0.195382,0.1748303623144693,1534.0532983257951,0.3241180316694148,1,40.0
2051-06-04,47,36375,577,Employed,Master,22,18020,24,0,1,Rent,488,0.1659191121853827,1,1,0.2928501377538475,0,Debt Consolidation,0,26,6,2144,2380,40940,12442,3031.25,0.8801765193504262,6,28498,0.20452,0.2205112952972618,935.2994003434084,0.4695420702163821,0,54.0
2051-06-08,39,18096,551,Employed,Master,17,28081,120,0,0,Other,515,0.0357666808363304,2,1,0.382349384729947,0,Debt Consolidation,0,20,20,1624,1446,18719,83666,1508.0,0.5615341117546946,3,7339,0.307581,0.2964531197760753,732.9192826540431,0.8275326808050683,0,55.0
2051-06-12,34,52114,518,Employed,Master,9,53830,12,1,1,Mortgage,298,0.4862172277896613,3,2,0.2702270677802295,0,Other,0,25,7,3384,728,158417,19897,4342.833333333333,0.7125014156102719,6,138520,0.25983,0.248994723377335,5113.603822705323,1.2460998171789517,0,50.0
2051-06-16,41,44974,612,Self-Employed,Master,20,23164,24,0,0,Mortgage,405,0.2975485814571152,6,1,0.125550916299064,0,Home,0,24,5,27679,438,84855,87882,3747.8333333333335,0.8250074782575444,4,6294,0.1921639999999999,0.1870621984657824,1164.3615990548044,0.4187383641361153,0,53.0
2051-06-18,37,33597,570,Employed,Master,15,20994,84,0,3,Rent,803,0.2683401922768266,3,0,0.334965366700888,1,Home,0,31,12,6336,1896,23988,56058,2799.75,0.7938729785007306,5,2639,0.260994,0.2582307347846874,542.4903048978586,0.4805751602456857,0,67.0
2051-07-04,30,104127,474,Employed,Master,9,16003,36,Divorced,0,Other,312,0.0171503526669376,1,1,0.3754095596000076,0,Education,0,24,1,13166,8484,21650,10171,8677.25,0.8901417186648011,3,11479,0.264003,0.26274591876696,647.1139244598631,0.1105320146889698,1,44.8
2051-07-06,35,38681,588,Employed,Master,13,15515,48,1,1,Mortgage,675,0.3637596579946894,3,0,0.5555433718813944,1,Debt Consolidation,1,24,22,1737,225,51627,16100,3223.4166666666665,0.7824487060230679,5,35527,0.216515,0.2516211722528005,515.8367020392582,0.3694330659618701,0,77.0
2051-07-07,26,41874,456,Employed,Master,3,24998,48,1,1,Mortgage,220,0.1371551936831636,0,3,0.216437116353549,1,Auto,0,23,4,177,3887,65310,6956,3489.5,0.9074863566128704,5,58354,0.291998,0.3040749442090988,906.0121219601976,0.3226858065511384,0,65.0
2051-07-11,58,101394,611,Employed,Master,35,43814,48,1,0,Other,1141,0.142124024650007,2,1,0.0898621380753413,0,Home,0,23,15,2027,1362,113832,9953,8449.5,0.9550989761599956,7,103879,0.233314,0.254475488692481,1463.7045547980956,0.3082673004080828,0,41.0
2051-08-05,30,57366,582,Employed,Master,6,17552,12,1,4,Rent,733,0.1402394827937153,5,0,0.1477262074791794,0,Debt Consolidation,0,21,10,2217,7992,42363,43857,4780.5,0.7964538953676725,6,10917,0.191552,0.182580438787482,1611.3235215687253,0.4903929550400011,0,49.0
2051-08-06,18,92177,591,Employed,Master,0,19341,60,1,3,Own,647,0.2167989223575422,5,1,0.4150482484593848,0,Debt Consolidation,0,15,19,5150,6059,86091,12215,7681.416666666667,0.4854338011888257,6,73876,0.228841,0.2353078261111392,551.1461781376121,0.1559798446212324,1,42.400000000000006
2051-08-13,43,45731,612,Employed,Master,22,18826,60,0,2,Other,1474,0.342657620204055,3,4,0.0897562330936326,0,Debt Consolidation,0,20,17,405,1318,67793,71634,1922.0,0.7869233180544757,7,1393,0.217826,0.2048424004328644,503.8598430359338,1.029063393879258,0,48.0
2051-08-27,24,83153,474,Employed,Master,0,11125,48,1,0,Rent,416,0.1590949608518069,1,1,0.1608028743628219,1,Education,0,30,28,2628,344,11524,16199,6929.416666666667,0.2973604192433676,6,5231,0.269125,0.2934367468385773,396.3311467843012,0.1172293694925211,0,60.0
2051-09-02,32,58310,545,Employed,Master,14,31729,84,1,1,Own,833,0.0758796601712601,2,1,0.4695468210046262,0,Debt Consolidation,0,24,7,935,1664,145638,7499,4859.166666666667,0.706157898381703,5,138139,0.284229,0.2663860451680915,836.650603854979,0.3436084247343465,0,52.0
2051-09-04,47,33329,640,Self-Employed,Master,28,29900,72,0,2,Mortgage,428,0.3207755021331192,2,1,0.225107708653434,1,Home,0,24,9,4245,1291,30283,3184,2777.4166666666665,0.6971672532466763,5,27099,0.2249,0.2305025777607002,770.0234075514145,0.4313445015037047,0,66.0
2051-09-16,45,52509,629,Employed,Master,18,42533,60,0,2,Mortgage,206,0.5603377329267759,4,1,0.5734919589397559,0,Home,0,21,27,2892,1196,53378,10115,4375.75,0.6887508670332091,4,43263,0.233033,0.2117186840321222,1154.7764733271529,0.3109813113928247,0,56.0
2051-09-19,35,24042,421,Employed,Master,14,42739,60,Widowed,0,Mortgage,1154,0.2275087717100812,1,0,0.209663018392945,0,Home,0,23,8,16329,462,35856,63115,2003.5,0.7741898994926887,10,10171,0.337239,0.314882121769835,1422.0735956133344,1.285786671132186,0,55.0
2051-09-21,61,99353,651,Employed,Master,40,15356,48,0,3,Mortgage,302,0.5004496932960295,3,0,0.3677308919758937,0,Home,0,20,6,1586,894,39353,6808,8279.416666666666,0.7538882852847715,7,32545,0.184856,0.1617049851044119,436.5354235106217,0.0892013837742943,1,40.0
2051-09-27,18,103457,581,Employed,Master,0,16073,72,1,2,Mortgage,291,0.3448508181286503,2,0,0.1059682984621955,0,Debt Consolidation,0,28,16,5738,1263,169489,53932,8621.416666666666,0.5050281171706873,5,115557,0.240573,0.1987087661543208,383.7917061971973,0.0782692372132032,1,36.0
2051-10-03,35,80328,510,Employed,Master,10,18400,60,1,1,Rent,328,0.2755983209554392,2,2,0.4524505759348573,0,Other,0,21,26,14696,1108,61491,8238,6694.0,0.8712772207141201,5,53253,0.2684,0.2526379129580882,542.9136375181624,0.130103620782516,1,42.400000000000006
2051-10-04,39,34999,498,Unemployed,Master,15,24654,48,1,1,Mortgage,300,0.1561500574996719,2,0,0.5898370493264611,0,Home,0,27,2,4316,403,84480,52153,2916.583333333333,0.5411300734941521,5,32327,0.270654,0.2817358102921373,861.6953053260893,0.3983069134521864,0,65.0
2051-10-15,35,94010,590,Employed,Master,12,15416,24,1,3,Mortgage,640,0.0444219287131719,5,2,0.1142970781744157,0,Debt Consolidation,0,22,2,2557,1497,303581,15579,7834.166666666667,0.7384462972945885,5,288002,0.195416,0.2016916522536444,785.8842633395737,0.1820084157012539,1,36.8
2051-10-28,37,126583,547,Employed,Master,12,24936,72,1,2,Mortgage,204,0.2471370266781441,1,0,0.2024124341412056,0,Home,0,25,17,1584,953,19734,43135,10548.583333333334,0.6639639705074548,5,10347,0.266436,0.278138031387637,715.3917366023469,0.0871578398302154,1,40.0
2051-10-30,46,28823,606,Employed,Master,24,33583,48,0,3,Other,533,0.1832269994214505,5,0,0.3003655202813417,0,Home,0,21,15,2467,1514,22709,60542,2401.9166666666665,0.6184005252219525,5,4814,0.225583,0.2205812140618978,1059.128568036182,0.6628575379535158,0,52.0
2051-11-08,48,21727,527,Employed,Master,22,19762,12,0,0,Rent,400,0.1808465157066033,0,0,0.4076525256443902,0,Education,0,23,2,1419,1714,25066,5032,1810.5833333333333,0.890744435562342,5,20034,0.221262,0.2354396463536649,1864.328122970032,1.2506069625645684,0,61.0
2051-12-01,23,94769,607,Employed,Master,5,32620,96,1,3,Mortgage,239,0.1704304606193868,2,1,0.3550210810033063,0,Auto,0,31,14,7522,922,572975,16834,7897.416666666667,0.9455710233437614,4,556141,0.26412,0.2696068366746632,831.3867949197207,0.1355363203055497,1,32.800000000000004
2051-12-02,33,26130,553,Employed,Master,12,21790,48,Divorced,2,Own,443,0.2535665736377472,2,3,0.1704125378500917,0,Debt Consolidation,0,28,19,5982,952,131597,22984,2177.5,0.778434024474036,2,108613,0.24029,0.2764892950947489,755.0574124213612,0.550198582053438,0,48.0
2051-12-03,38,74653,611,Employed,Master,15,36914,72,Divorced,3,Own,141,0.404945196977073,4,0,0.3930104047023717,0,Other,0,18,7,8140,2665,90675,54417,6221.083333333333,0.9642118125894544,3,36258,0.246414,0.2492915045992506,992.7547338331144,0.1822439393727964,0,53.0
2051-12-13,33,90837,515,Unemployed,Master,12,12583,60,1,5,Mortgage,411,0.1509121901891121,4,1,0.3401616369729389,0,Auto,0,36,20,2434,4391,67885,54443,7569.75,0.957381486541832,9,13442,0.260083,0.2654255830371909,380.79317044262336,0.1045996460177183,1,44.0
2051-12-14,49,59239,551,Employed,Master,25,27524,36,0,0,Own,360,0.1529609722149519,2,0,0.4865965511199687,0,Debt Consolidation,0,23,4,1915,1347,31896,29401,4936.583333333333,0.5479598996475209,5,2495,0.2370239999999999,0.267781813336891,1120.4003445362798,0.299883592471773,0,58.0
2051-12-16,37,101058,614,Self-Employed,Master,14,66159,48,0,4,Mortgage,376,0.1769785815899507,2,2,0.4453568823848535,0,Debt Consolidation,1,24,17,7305,840,39431,14299,5008.75,0.7367703161757806,5,25132,0.2541589999999999,0.2673758736654656,2258.244384569262,0.5259285020352906,0,60.0
2051-12-23,18,53605,552,Employed,Master,0,21099,48,1,2,Rent,597,0.2092179709853667,3,2,0.1609166832902813,0,Debt Consolidation,0,16,26,5436,230,49575,12963,4467.083333333333,0.8318484631521587,8,36612,0.240099,0.2404663193622712,688.4101689137882,0.2877515535298099,0,50.0
2051-12-24,59,52870,633,Employed,Master,33,30188,36,0,2,Own,210,0.0890996112130124,2,1,0.5347199667571556,0,Home,1,26,18,3797,2611,62658,13616,4405.833333333333,0.9504972335216912,4,49042,0.198688,0.1720841449302356,1079.418380238326,0.2926616334946077,0,60.0
2052-01-03,28,34518,566,Employed,Master,4,18648,36,0,1,Mortgage,565,0.1504122365484022,2,0,0.2054603803455005,0,Auto,0,20,9,3360,879,31684,11718,2876.5,0.9397769848014133,7,19966,0.2206479999999999,0.1765184,670.9173950891645,0.4296601408271039,0,53.0
2052-01-04,21,26160,585,Employed,Master,0,26802,60,0,2,Rent,775,0.07943177000065,3,0,0.0308704233207913,0,Debt Consolidation,0,25,20,3658,192,100277,12653,2180.0,0.8701713613419564,3,87624,0.239302,0.249187295886986,785.3976752473585,0.7157787501134673,0,49.0
2052-01-06,50,44099,491,Unemployed,Master,27,47641,48,0,1,Rent,542,0.3561893203044327,4,1,0.2907204908668869,0,Other,0,16,8,359,1596,33695,8999,3674.9166666666665,0.8924998438682017,5,24696,0.297141,0.3072156856655282,1735.412879721741,0.6197182375260412,0,57.0
2052-01-10,41,17736,639,Employed,Master,13,10095,48,1,1,Other,636,0.5294697982617116,0,1,0.2875312883750894,0,Auto,0,21,24,5551,2407,267135,17214,1478.0,0.8696364126222665,4,249921,0.185595,0.1953059221755795,304.6754349867083,0.6364515798286253,0,48.0
2052-01-27,29,41051,614,Self-Employed,Master,4,91757,36,0,1,Own,541,0.1328294342117144,1,0,0.0720603284949042,1,Auto,0,23,28,713,1420,14820,6560,3420.9166666666665,0.8156483769198142,6,8260,0.269757,0.3222833558581338,4008.060041330243,1.329778093005357,0,62.0
2052-01-31,43,85251,599,Employed,Master,20,20869,60,1,2,Rent,444,0.2299956778370187,2,2,0.3617895306900664,0,Home,0,23,6,15895,2705,43585,35559,7104.25,0.7707255284333338,8,8026,0.226369,0.202343843013113,555.6260093505949,0.1407081689623246,1,44.0
2052-02-03,56,72562,607,Unemployed,Master,37,10673,12,1,2,Rent,295,0.1588966084462163,4,1,0.3914375846462735,0,Other,0,41,9,59473,3127,109719,6721,6046.833333333333,0.8155143095790148,2,102998,0.172173,0.1959908183845489,986.6413100815638,0.2119524781700996,1,40.0
2052-02-07,33,20627,563,Employed,Master,9,58098,108,0,0,Own,332,0.2947944313143606,2,0,0.229965518148547,0,Home,0,29,3,5928,130,205337,11200,1718.9166666666667,0.7080634853018426,3,194137,0.3215979999999999,0.3535748154568808,1789.5861599223174,1.2342577165398654,0,53.0
2052-02-08,50,63511,528,Unemployed,Master,28,8682,36,1,1,Rent,483,0.2940006159531422,3,0,0.4446411384142672,0,Auto,0,30,9,2056,691,83956,23812,5292.583333333333,0.6435894420623067,12,60144,0.229682,0.2248808928048229,333.7657610173369,0.1543227020863794,0,58.0
2052-02-10,18,17152,584,Employed,Master,0,14795,36,0,0,Rent,235,0.4128217296154094,4,0,0.527896067484993,0,Education,0,31,20,3755,451,64335,54018,1429.3333333333333,0.8099479292946907,6,10317,0.207795,0.2259142601629204,569.564508352952,0.5628949452096212,0,61.0
2052-03-05,28,68064,609,Employed,Master,6,24458,36,1,0,Rent,394,0.3159588544292708,2,0,0.2176542651936472,0,Other,0,20,17,2999,1022,151164,55035,5672.0,0.5096538765328729,7,96129,0.204958,0.194871095757467,902.567901460361,0.2285909558286955,1,37.6
2052-03-07,27,36000,460,Self-Employed,Master,4,31827,72,Divorced,3,Rent,451,0.2288169413382671,3,0,0.1916762669011206,0,Debt Consolidation,0,32,19,4784,1143,16575,14511,3000.0,0.7688443656171424,8,2064,0.316827,0.2899876264407909,937.04024131146,0.4626800804371533,0,54.0
2052-03-14,41,35686,558,Employed,Master,21,39142,48,1,0,Rent,509,0.3169907226582203,3,1,0.5319800973637133,0,Education,0,16,10,2506,1672,87825,20722,2973.833333333333,0.963810659680781,6,67103,0.255142,0.2664250062460127,1333.9507438002531,0.6197222699546892,0,57.0
2052-03-18,33,34320,606,Unemployed,Master,10,15540,84,1,4,Own,336,0.2992043946688378,2,0,0.3862693809740913,1,Home,0,21,28,2936,355,50767,10515,2860.0,0.8419591787580911,3,40252,0.23754,0.2150114343020155,359.26670269327,0.2431002456969475,0,67.0
2052-03-19,51,202993,643,Employed,Master,28,23752,36,1,0,Own,268,0.5849288122985553,3,2,0.2621215610755465,0,Other,1,21,27,14117,1694,147709,7907,10097.916666666666,0.670798298777882,3,139802,0.187252,0.1909451317748923,871.7892082439442,0.1128736991865263,1,40.0
2052-03-27,38,138511,571,Employed,Master,14,21097,84,1,2,Mortgage,712,0.500491563428171,3,0,0.1541750596393796,0,Auto,0,19,7,4009,1507,215028,15636,11542.583333333334,0.6384522738728545,4,199392,0.260597,0.2917740655789763,591.6005806018754,0.1129383728889583,1,36.8
2052-05-06,32,85936,616,Employed,Master,11,14383,36,1,3,Mortgage,358,0.2239215965465299,2,1,0.3446596713958919,0,Other,0,16,20,922,389,23367,13639,7161.333333333333,0.8868440390566131,5,9728,0.191383,0.1855069904934448,523.9619416044256,0.1231561080251944,1,40.0
2052-05-09,42,87987,646,Unemployed,Master,17,19722,36,1,1,Mortgage,388,0.2559551940491834,1,0,0.2794743425056737,0,Auto,0,26,23,23551,1333,115858,7561,7332.25,0.8549555603467118,8,108297,0.181722,0.1753741271043401,708.4292805596515,0.1495351741361316,1,37.6
2052-05-15,47,65161,556,Employed,Master,24,25482,60,Divorced,1,Rent,202,0.1491212066699853,5,1,0.5024823749916798,0,Education,0,21,10,625,172,80251,15646,5430.083333333333,0.812510212080612,5,64605,0.252482,0.2137085420931163,694.7002739182084,0.165135637682333,1,44.0
2052-05-30,19,37315,556,Employed,Master,0,21586,12,0,0,Rent,511,0.2160350626209712,2,3,0.191008168094625,1,Education,0,30,12,753,1565,36187,59919,3109.583333333333,0.8447346408557622,4,5342,0.208586,0.210081244346502,2010.0380899274148,0.8107317989850993,0,63.0
2052-06-01,27,61891,571,Employed,Master,8,26098,72,Divorced,0,Other,610,0.2511119604777007,4,1,0.1905552764771506,0,Education,0,28,26,2849,451,43578,32094,5157.583333333333,0.8713019116458279,7,11484,0.255598,0.2396419431153365,686.5104738239492,0.2513794523579744,0,50.0
2052-06-02,43,103913,641,Employed,Master,23,11479,24,1,1,Own,231,0.0970546034979876,3,0,0.0205527363929082,0,Home,0,32,29,650,7625,397357,46369,8659.416666666666,0.92999775617439,3,350988,0.165979,0.1681233095448666,566.5131803295892,0.092097794924168,1,31.200000000000003
2052-06-18,43,21084,564,Employed,Master,20,19275,12,1,3,Rent,267,0.1766729336004175,6,1,0.1435633082133619,0,Education,0,32,16,5548,1432,32446,22698,1757.0,0.8294339217049389,2,9748,0.2022749999999999,0.1977656307594483,1783.46954514639,1.167028767869317,0,51.0
2052-06-19,20,32491,545,Employed,Master,0,19336,36,1,1,Mortgage,847,0.4190668173177675,1,1,0.163644301064607,0,Education,0,19,26,6867,1433,27810,17300,2707.583333333333,0.8965821615665917,4,10510,0.231836,0.2137994688103899,732.2625958035225,0.583273865059317,0,52.0
2052-06-24,75,149965,645,Employed,Master,51,9893,36,1,4,Rent,349,0.1107140849483147,1,0,0.5588633418897747,0,Auto,0,27,16,3302,346,232484,26212,12497.083333333334,0.8904487102434399,3,206272,0.172393,0.1592695397572773,347.45186205779044,0.0557291524335243,1,38.400000000000006
2052-06-29,49,42742,593,Unemployed,Master,24,80192,12,1,1,Other,611,0.3567706396972398,3,2,0.5264981601306231,0,Home,0,34,6,3916,766,50699,107570,3561.833333333333,0.5895408133848539,6,1336,0.248692,0.2657275781355691,7683.120158567387,2.328609842843308,0,64.0
2052-07-14,58,103562,647,Employed,Master,33,10447,72,1,4,Mortgage,180,0.0792840528169676,1,1,0.0929247840970877,0,Home,0,27,11,926,1029,80584,19371,8630.166666666666,0.7133996889502221,4,61213,0.201947,0.2167401053848413,260.4749766801837,0.0510389884336166,1,34.4
2052-07-15,40,48928,618,Employed,Master,16,20269,48,1,2,Mortgage,271,0.1562959260298106,1,2,0.6577220722224855,0,Education,0,37,21,3413,1465,55079,56265,4077.3333333333335,0.9433606316728969,8,9877,0.206269,0.1816636680857959,597.1653784507572,0.2129247985081974,1,44.0
2052-07-19,44,64386,652,Employed,Master,22,23559,36,1,2,Rent,345,0.0566696579607655,4,2,0.5311493283960808,0,Other,0,17,14,5290,3242,34110,22950,5365.5,0.9132383719928892,10,11160,0.182559,0.1765007978879082,847.5845157183545,0.2222690365703763,0,51.0
2052-07-21,34,80737,508,Employed,Master,13,16459,120,1,5,Mortgage,529,0.1807792689787936,2,0,0.2281292542453986,0,Education,0,18,17,619,2734,10976,62360,6728.083333333333,0.8190033587044834,4,10451,0.317459,0.3260417888980721,465.8647189764691,0.1478674786989562,0,50.0
2052-07-25,18,69912,605,Employed,Master,0,28005,72,1,0,Other,375,0.070864802375774,1,1,0.1255345749963045,0,Education,0,25,1,11892,1535,470418,36324,5826.0,0.8761514544256417,2,434094,0.240505,0.244404266984845,744.788326367809,0.1922053426652607,0,44.0
2052-08-02,38,33931,502,Employed,Master,18,11576,72,1,0,Rent,620,0.1907430530946568,0,0,0.1510643401612694,0,Debt Consolidation,0,16,8,1102,942,16931,61193,2827.583333333333,0.939577595637746,6,2298,0.275576,0.2597241307048727,318.7674921454508,0.3320034748679794,0,51.0
2052-08-03,28,57404,592,Employed,Master,8,17929,36,1,0,Other,763,0.4048908931971353,3,2,0.1703464779263193,0,Debt Consolidation,0,29,7,1458,992,410819,78608,4783.666666666667,0.8820836393285835,5,332211,0.206929,0.2272930995009492,691.4996324999431,0.3040553896940861,1,36.8
2052-08-12,37,105188,530,Employed,Master,11,13453,72,0,0,Own,1032,0.3680173320975323,5,0,0.5867269490538806,0,Home,0,20,19,582,184,391953,28260,8765.666666666666,0.8718243444311932,4,363693,0.263453,0.2683279136836293,377.6610522213225,0.160816182707684,1,40.8
2052-08-13,52,45619,647,Unemployed,Master,32,22391,72,0,0,Mortgage,351,0.3531898406744372,2,0,0.3110752149021076,0,Debt Consolidation,0,22,12,7088,778,53605,9389,3801.5833333333335,0.8535595369494681,6,44216,0.213891,0.2438208674120286,594.6883944664513,0.2487617162497515,0,55.0
2052-08-15,59,108187,603,Unemployed,Master,38,25910,48,1,0,Mortgage,272,0.1277731150583324,1,0,0.3420001026851467,0,Debt Consolidation,0,24,16,997,332,24633,5676,9015.583333333334,0.8811572919521516,5,18957,0.21941,0.2510655652516914,860.6417714733891,0.1256315570048219,0,52.0
2052-08-21,23,32272,510,Employed,Master,0,20257,84,0,0,Mortgage,536,0.2495485627565271,4,0,0.2284931714530022,0,Home,0,20,29,469,354,57456,21945,2689.333333333333,0.837026140450356,9,35511,0.290257,0.2836959887678731,557.1678550973453,0.4064828415086806,0,53.0
2052-09-02,36,72320,591,Employed,Master,16,6254,48,0,3,Rent,260,0.1290766428545208,3,0,0.4926512513387762,0,Home,0,21,18,7133,1570,32309,6643,6026.666666666667,0.7012343844295847,3,25666,0.205754,0.1715573399895343,180.96372158923887,0.0731687591132586,1,44.0
2052-09-04,32,78068,608,Employed,Master,9,18586,96,0,1,Mortgage,581,0.1407198785270194,1,1,0.1570676265852657,0,Other,0,22,3,4123,600,12097,6785,6505.666666666667,0.9057088526015662,3,5312,0.2495859999999999,0.1996687999999999,389.0523950236425,0.1491088376836054,1,39.2
2052-09-23,29,31255,612,Employed,Master,6,15057,36,0,4,Rent,390,0.2435849717104211,2,0,0.0122298381083015,0,Debt Consolidation,0,25,12,19564,1769,142190,22396,2604.583333333333,0.6191315465370016,4,119794,0.1940569999999999,0.1901788147748337,552.0658305965972,0.3616954076838639,0,44.0
2052-09-24,59,65034,639,Employed,Master,37,27247,84,1,0,Own,100,0.4366533464711802,4,2,0.2736608682309511,0,Debt Consolidation,0,25,16,1294,571,35747,3527,5419.5,0.6969044343159413,5,32220,0.232747,0.247238306568979,684.8623390552372,0.1448219095959474,0,50.0
2052-09-28,38,47612,582,Employed,Master,13,27945,24,0,3,Rent,411,0.1432962210065858,4,0,0.26753387038434,0,Education,0,23,18,1080,568,135241,48230,3967.6666666666665,0.9752193848268162,5,87011,0.211945,0.1718568119345765,1384.1585942595707,0.4524469278987408,0,50.0
2052-10-02,40,54647,527,Employed,Master,18,28140,84,1,3,Mortgage,383,0.2241093123359046,1,1,0.0466037569706954,1,Home,0,26,29,9320,375,9695,20542,4553.916666666667,0.7111979462301593,7,10667,0.28964,0.3096048578366646,822.8614220836108,0.2647965499479079,0,62.0
2052-10-22,50,34904,628,Employed,Master,27,26850,72,1,3,Other,898,0.2921557112334392,2,1,0.2658049192407097,0,Debt Consolidation,0,31,15,4443,118,34339,46089,2908.6666666666665,0.8631737507504406,5,5245,0.22785,0.18228,615.8549902583633,0.5204635538362468,0,50.0
2052-11-05,36,59465,597,Employed,Master,16,29963,60,0,0,Rent,582,0.2499523758307321,2,2,0.3200113912201592,0,Auto,0,15,11,3713,2340,20531,81613,4955.416666666667,0.8287390674070508,4,5813,0.2364629999999999,0.2040797622798481,800.6532634728405,0.279018568261567,0,54.0
2052-11-07,44,101773,662,Employed,Master,20,24340,72,1,0,Mortgage,464,0.3851091173367054,5,0,0.1520119367540769,0,Education,0,24,3,6218,578,251265,76874,8481.083333333334,0.967685444478189,4,174391,0.20834,0.1708844742790078,542.6727827502596,0.1186962494276784,1,33.6
2052-11-14,30,51136,540,Employed,Master,9,23317,84,1,0,Rent,376,0.239108653398671,2,2,0.1963916844452689,0,Home,0,25,15,2984,1069,155165,70877,4261.333333333333,0.9172417364463414,4,84288,0.278317,0.266746771784077,615.3849922121241,0.2326466658820691,0,48.0
2052-12-09,56,56923,643,Employed,Master,31,30867,60,0,0,Rent,303,0.5376320710118525,3,0,0.4992025482958465,0,Auto,0,22,6,1977,1158,36997,32150,4743.583333333333,0.7833265078650096,7,4847,0.214367,0.2441344454692276,895.4036765530346,0.2526367921338723,0,56.0
2052-12-18,55,39134,676,Employed,Master,31,72689,72,Divorced,0,Mortgage,382,0.1449136231341253,3,0,0.2329022054624082,0,Education,0,21,22,952,389,195435,44260,3261.1666666666665,0.9328501704920158,5,151175,0.249689,0.2670055380033952,2034.5641724040668,0.7410121650955386,0,42.0
2052-12-21,48,79983,621,Employed,Master,22,52645,60,1,2,Mortgage,798,0.5868958142765413,2,0,0.2995099088289895,0,Debt Consolidation,0,26,13,15325,1424,92873,5094,6665.25,0.8576533677954128,3,87779,0.247145,0.2389147461923784,1511.175149661412,0.3464498930514852,0,48.0
2052-12-31,31,63120,618,Employed,Master,4,25645,96,1,0,Rent,212,0.13960608681944,3,1,0.2687684367528136,0,Home,0,25,2,1073,173,26835,7195,5260.0,0.8798124502356468,3,19640,0.251645,0.301974,710.7359024533365,0.1754250765120411,0,52.0
2053-01-06,51,29989,614,Unemployed,Master,30,13786,60,1,0,Other,681,0.60048753003979,1,1,0.2908363338323654,0,Other,0,23,21,4120,7613,33072,10169,2499.083333333333,0.9785158421001464,5,22903,0.2117859999999999,0.2288395796350427,387.7152638903642,0.4276429079557294,0,56.0
2053-01-12,40,37578,643,Employed,Master,17,13697,24,1,0,Mortgage,150,0.0588690453227615,4,2,0.166916093622289,0,Debt Consolidation,0,23,23,5507,1053,29580,2123,3131.5,0.8345639275372019,5,27457,0.167197,0.1923872985044627,692.0365494210176,0.2688923996235087,0,47.0
2053-01-18,27,54408,582,Employed,Master,5,23640,60,1,1,Rent,321,0.2300725215291678,2,0,0.1666352869529038,0,Home,0,19,25,6020,67,51264,10255,4534.0,0.8774873694298804,4,41009,0.23764,0.2326712866371228,670.0559058211994,0.218583128765152,0,50.0
2053-01-26,42,90145,634,Unemployed,Master,21,20947,72,1,3,Rent,303,0.3460489401561184,5,0,0.4287437133140505,0,Debt Consolidation,0,20,18,1164,3136,42369,11581,7512.083333333333,0.9326084829096688,4,30788,0.218947,0.1786747654247473,476.18684860859406,0.1037244681713143,1,44.0
2053-02-07,31,52107,581,Employed,Master,9,31431,24,0,0,Own,372,0.1870392795218405,4,2,0.1526299194100183,0,Home,0,23,7,7864,1657,22506,42295,4342.25,0.7587266092253461,4,10015,0.215931,0.2135092306964001,1620.5251505594938,0.4588692844860369,0,50.0
2053-02-08,42,44127,610,Unemployed,Master,18,17245,60,1,2,Mortgage,537,0.1144179284006524,4,1,0.4235885691485628,0,Home,0,26,27,747,148,98529,31797,3677.25,0.8270339178520881,4,66732,0.217245,0.207092073296587,463.718717109952,0.2721377978407647,0,54.0
2053-02-12,41,36999,629,Employed,Master,20,39005,60,0,4,Own,697,0.13285527286322,6,0,0.475613424641307,0,Auto,0,18,19,5278,1276,43532,7643,3083.25,0.9262276769301162,7,35889,0.229505,0.2092403998883498,1053.550321073372,0.5677613949804174,0,53.0
2053-02-17,31,28237,563,Employed,Master,9,21388,84,1,3,Mortgage,448,0.2569948061755664,1,2,0.2194515536585022,0,Debt Consolidation,0,28,26,2944,351,51443,46042,2353.083333333333,0.7490479483402149,1,5401,0.264888,0.2527326469423446,545.1077395553496,0.4220452907413746,0,54.0
2053-02-24,44,76094,657,Self-Employed,Master,22,31582,72,1,1,Mortgage,495,0.1640500634605213,3,0,0.3446088004460589,0,Home,0,22,13,4284,3291,75533,33828,6341.166666666667,0.8044155115460789,9,41705,0.218082,0.218840629620231,791.3614214660461,0.2028587938285877,0,50.0
2053-02-28,43,177351,650,Employed,Master,22,36741,24,1,3,Other,403,0.1567716770287227,2,2,0.0468497315371392,0,Education,0,17,14,3518,1539,121339,5542,14779.25,0.8509779704401019,2,115797,0.186741,0.1775117009060832,1829.8471401128004,0.1510798680658897,1,29.6
2053-03-06,21,51378,632,Employed,Master,0,45224,36,0,3,Mortgage,223,0.535258560850258,4,2,0.0316648853486648,0,Education,0,22,4,8142,369,61284,5598,4281.5,0.876759333221789,5,55686,0.214224,0.195139196473502,1669.5061861486022,0.4420194292067271,0,49.0
2053-03-19,33,27273,496,Unemployed,Master,11,34412,36,1,2,Mortgage,526,0.2259763954222416,5,0,0.6634657046611767,0,Auto,0,30,25,3127,2073,43402,58985,2272.75,0.9034484696584022,7,6770,0.271412,0.2925309199802577,1446.80150577402,0.8680239823007457,0,63.0
2053-03-29,41,104175,458,Self-Employed,Master,18,48923,72,0,2,Mortgage,321,0.3004465208439889,2,1,0.1322897280628231,0,Debt Consolidation,0,26,4,15895,1044,65128,19076,8681.25,0.8724841273409493,3,46052,0.334923,0.3390739154308057,1597.1895275629377,0.220957756954694,0,55.0
2053-03-31,40,89204,632,Employed,Master,15,6032,36,0,0,Own,783,0.2241480513094963,4,1,0.4912426612717732,0,Debt Consolidation,0,29,15,1782,605,132054,87008,7433.666666666667,0.9423997620764406,3,45046,0.175032,0.1814851793852045,218.5209205257372,0.1347277145229905,1,41.6
2053-04-10,42,45634,618,Employed,Master,20,13520,36,1,1,Mortgage,316,0.2899087130277435,3,2,0.2157198462368846,0,Auto,0,21,16,2554,593,13203,11901,3802.8333333333335,0.7046883022339712,12,1302,0.18952,0.1914558590488866,496.5851321717236,0.213678870711765,1,40.0
2053-04-14,40,22606,618,Employed,Master,19,24659,108,Divorced,0,Mortgage,510,0.4234945119510881,3,3,0.1399985290078029,0,Debt Consolidation,0,31,4,4715,1335,45715,5977,1883.8333333333333,0.9649998576926124,9,39738,0.260659,0.2302126964754366,542.7831701849086,0.5588515457055164,0,53.0
2053-04-24,37,35650,600,Employed,Master,15,11249,60,1,3,Mortgage,786,0.643081792027269,4,0,0.1426497063631173,0,Education,0,24,5,8253,1395,115750,28011,2970.833333333333,0.8459420526582789,7,87739,0.216249,0.1998421200859493,297.9308876416953,0.3648575217868259,0,50.0
2053-04-30,46,36813,509,Employed,Master,23,26943,48,0,0,Mortgage,634,0.4429239815291658,2,0,0.232833568679439,0,Auto,0,18,26,16765,1547,20860,26236,3067.75,0.7711532920953469,1,5902,0.267443,0.3181291436374874,998.723591257878,0.5322218535597353,0,54.0
2053-05-11,36,30915,482,Unemployed,Master,12,38083,36,1,2,Other,450,0.3722926717104199,4,0,0.1400303274098474,0,Home,0,23,18,5392,469,54075,1449,2576.25,0.6431376465118419,3,52626,0.282083,0.3116313912748715,1641.040411049544,0.811660518602443,0,52.0
2053-05-12,44,29764,583,Unemployed,Master,24,29916,36,0,2,Own,710,0.2236657262416334,4,1,0.0929435178822078,0,Home,0,23,14,2417,1385,68380,31098,2480.333333333333,0.8586157484023526,5,37282,0.223416,0.2038824235947745,1117.7125731884437,0.7368818330285352,0,55.0
2053-05-29,51,102963,578,Employed,Master,25,38635,36,1,2,Own,731,0.090398923314705,2,3,0.0233957405946987,0,Auto,0,34,24,3069,921,8063,27091,8580.25,0.7814410620780251,3,10466,0.234635,0.2248098966360883,1485.1190650220733,0.258281409635159,1,38.400000000000006
2053-06-10,25,59092,587,Employed,Master,3,12181,36,0,4,Mortgage,490,0.3057357265458498,5,0,0.0719083279224326,0,Home,0,28,6,13379,3800,217640,23565,4924.333333333333,0.7213458799866502,7,194075,0.203681,0.1952385745891433,449.73982637604536,0.1908359493080712,1,38.400000000000006
2053-06-11,49,29175,604,Unemployed,Master,25,11913,36,1,2,Own,872,0.5950111765083718,3,1,0.2048243489685819,0,Education,0,19,26,1231,76,329407,48450,2431.25,0.7271305014262978,4,280957,0.194913,0.1765598288107524,428.6303819342546,0.5349636532377398,0,49.0
2053-06-21,28,77996,635,Employed,Master,5,29644,120,1,4,Own,987,0.557059731035843,3,0,0.2290008035528672,0,Auto,0,15,27,5666,894,329689,88041,6499.666666666667,0.9099318511928568,4,241648,0.267144,0.2552868617253921,685.4605107874703,0.2573148126756455,0,46.0
2053-06-23,49,120502,534,Employed,Master,28,43240,60,Divorced,1,Mortgage,374,0.147969223976507,3,1,0.3381657308234155,0,Auto,0,19,10,6777,1096,689596,31290,10041.833333333334,0.8560668882348712,8,658306,0.28124,0.306881546455751,1417.2930085972316,0.1783830650376489,1,34.4
2053-06-24,52,24639,609,Employed,Master,31,19637,120,Widowed,0,Mortgage,289,0.2244878998322843,1,2,0.2953615289611085,0,Auto,0,24,4,2024,1331,9611,22300,2053.25,0.8397139113142771,7,3270,0.2701369999999999,0.2643806752444021,466.78718578590286,0.3680931137396337,0,54.0
2053-06-25,24,140350,588,Employed,Master,0,11739,24,0,1,Rent,507,0.3315325036269994,4,0,0.0192056129032437,0,Debt Consolidation,0,14,20,2881,94,50205,35746,11695.833333333334,0.8591008056933439,5,14459,0.192739,0.1867175425511973,589.8763260594006,0.0937835120250289,1,38.400000000000006
2053-07-11,49,54768,662,Employed,Master,25,32336,96,1,1,Other,174,0.0094075154133012,2,0,0.1992412569474162,0,Home,0,24,3,1926,1218,28562,54938,4564.0,0.8583806429175019,9,9529,0.236336,0.2722857392070565,830.0236972163185,0.219987663719614,0,46.0
2053-07-23,22,15000,467,Employed,Master,0,26295,60,0,0,Rent,198,0.3407314634622546,2,1,0.0957361770587116,0,Education,0,22,3,1178,2056,14144,70201,1250.0,0.9228565165617394,7,4028,0.297795,0.3034144628980634,856.2556248205095,0.8434044998564078,0,55.0
2053-08-10,29,54862,611,Employed,Master,8,27714,36,0,1,Mortgage,713,0.3910989456240351,5,0,0.3945720120802635,0,Education,0,26,24,4116,3487,101660,2266,4571.833333333333,0.8870075992567432,1,99394,0.2072139999999999,0.1889301676136718,1014.3865025696203,0.3778323435316876,1,39.2
2053-08-15,52,84793,612,Self-Employed,Master,30,14562,12,Divorced,2,Rent,514,0.4151776885574903,5,0,0.3250978398428472,0,Other,0,30,14,1685,1457,12326,10720,7066.083333333333,0.8233922503212886,10,1606,0.173562,0.1528994934031886,1316.334722533292,0.2590310128241659,1,43.2
2053-08-22,52,127793,607,Employed,Master,34,8491,48,1,1,Own,386,0.1612808383642781,4,0,0.4397207770883036,0,Auto,0,25,22,99503,697,100200,4942,10649.416666666666,0.6737095107043565,4,95258,0.199991,0.1866859522487856,252.399405346813,0.0599468896118078,1,38.400000000000006
2053-08-25,38,49679,629,Employed,Master,13,27177,96,1,4,Mortgage,524,0.3793115884194699,4,0,0.5276027117945605,0,Home,0,28,1,4388,1424,61482,132852,4139.916666666667,0.8347586552904543,4,2832,0.247677,0.2561290492339162,668.0259371011898,0.2879347661026646,0,60.0
2053-08-30,52,67811,675,Unemployed,Master,32,26889,24,1,3,Mortgage,189,0.3920899725735828,7,0,0.3221322617810669,1,Home,0,29,12,11432,572,101852,2063,5650.916666666667,0.8258215234336125,3,99789,0.1643889999999999,0.1609512454292076,1317.7915481045793,0.2666455085053302,0,61.0
2053-09-08,64,44300,621,Employed,Master,40,21908,12,1,0,Own,157,0.1582974372614425,2,1,0.07697871939722,1,Education,0,34,6,942,1428,42110,8538,3691.6666666666665,0.9470177573250248,3,33572,0.176408,0.2096085356168673,2039.5249741958755,0.5949954783374832,0,61.0
2053-09-13,56,23690,647,Unemployed,Master,32,23569,36,0,5,Rent,600,0.2849444323560294,0,0,0.2708967050891194,0,Other,0,23,8,4085,774,62860,24907,1974.1666666666667,0.6300512687020868,2,37953,0.185069,0.1504218744660569,817.5141322405628,0.7180316414895211,0,55.0
2053-09-14,29,61805,618,Unemployed,Master,7,22175,60,1,1,Mortgage,680,0.048785388361504,3,0,0.1279659999756402,0,Auto,0,22,8,7602,333,154661,5377,5150.416666666667,0.9898750374955312,4,149284,0.218175,0.2251360443980985,618.9424231099846,0.2522014250840517,0,46.0
2053-09-19,58,27878,542,Employed,Master,39,20196,108,1,4,Mortgage,378,0.1962060015858439,2,0,0.0150745355739973,0,Debt Consolidation,0,27,27,2792,1562,82768,6634,2323.1666666666665,0.8409994391852619,5,76134,0.294196,0.334244003314962,593.0474312055562,0.4179844025563769,0,49.0
2053-09-20,54,41181,626,Employed,Master,29,8889,72,1,0,Mortgage,665,0.4873938736015479,3,0,0.1596669487500046,0,Auto,0,28,26,3308,1092,18648,10828,3431.75,0.9435265876826552,7,7820,0.210889,0.2175808135557522,222.071498372284,0.2584895456756127,0,49.0
2053-09-29,39,38395,549,Employed,Master,18,14193,48,1,4,Other,1666,0.3466623974673717,3,0,0.2531985910846008,0,Debt Consolidation,0,25,23,2892,1137,36254,11164,3199.583333333333,0.9656889382109232,4,25090,0.234693,0.2193027068969885,446.62864984139065,0.660282427349829,0,53.0
2053-10-06,45,33242,560,Employed,Master,20,29207,48,Widowed,0,Mortgage,252,0.6822210578617225,2,2,0.4406400660290006,0,Other,0,31,15,9012,169,120299,12996,2770.1666666666665,0.7931790745484808,1,107303,0.244207,0.2302943114912384,936.5983523771774,0.4290710615644705,0,55.0
2053-10-12,28,31405,531,Employed,Master,6,10339,48,1,1,Own,323,0.226382269496139,0,1,0.1720479596204315,0,Debt Consolidation,0,25,13,2308,899,98418,9597,2617.083333333333,0.6678048930235491,10,88821,0.239839,0.250277785242527,342.9717530828197,0.2544709771372022,0,49.0
2053-10-16,48,108372,668,Self-Employed,Master,28,26555,36,1,0,Rent,176,0.4715184028090136,2,0,0.2248404695742252,0,Other,0,30,15,946,3903,76175,14379,9031.0,0.8863373872515293,4,61796,0.177555,0.1513554883007896,922.3014654574284,0.1216146014236993,1,37.6
2053-11-01,30,55695,484,Employed,Master,9,17354,48,0,4,Own,287,0.0902611895241037,1,1,0.4175475307908572,0,Education,0,23,25,5194,8790,13984,28181,4641.25,0.7242742774496679,1,4335,0.270354,0.2643260479200937,589.3617270680577,0.1888201943588597,0,55.0
2053-11-04,41,125879,539,Employed,Master,18,28583,48,1,3,Mortgage,537,0.3815549536108672,4,2,0.2679088190586984,1,Other,1,25,27,497,969,48930,80542,10489.916666666666,0.6319042812679467,4,6180,0.254083,0.2640050706968763,970.193424511633,0.1436802095197737,0,68.0
2053-11-06,26,31811,592,Employed,Master,3,36912,60,1,1,Mortgage,239,0.3074651905089696,2,0,0.1848746759826757,0,Home,0,19,13,1288,19260,65816,47281,2650.9166666666665,0.8530934592585003,7,18535,0.245912,0.2213872050835304,1022.3827347952166,0.4758288899293514,0,51.0
2053-11-16,22,70863,621,Employed,Master,0,7039,72,Divorced,3,Other,743,0.3604902929368592,3,0,0.5669542264075168,0,Auto,0,24,13,3916,416,17152,85801,5905.25,0.8038538369161794,4,3607,0.211539,0.2133481269076962,174.0942498708154,0.1553015113451277,0,55.0
2053-11-19,18,25542,528,Employed,Master,0,8583,36,1,5,Mortgage,394,0.2152815934140456,1,3,0.4419042713682394,0,Home,0,28,8,224,1557,29693,14191,2128.5,0.936070532294794,6,15502,0.229583,0.2273827537598898,331.07585471841674,0.3406510945353144,0,59.0
2053-11-21,33,56613,599,Employed,Master,13,28162,60,1,0,Rent,493,0.398941623837739,3,0,0.2714110383313846,0,Home,0,18,15,4517,1448,294832,21953,4717.75,0.8447475023289385,6,272879,0.2336619999999999,0.2658870161724671,853.0263215269999,0.2853110744585872,0,46.0
2053-11-26,38,43264,643,Unemployed,Master,13,43162,60,0,3,Own,491,0.1735792080974487,3,2,0.0610860620099732,0,Home,0,28,6,3042,1913,4955,13379,3605.3333333333335,0.5461478541587959,6,5153,0.226662,0.2203786918986226,1193.0169961558795,0.4670905129870227,0,52.0
2053-11-27,72,89689,596,Self-Employed,Master,46,18590,36,1,2,Other,509,0.3782750183684579,5,1,0.0428958479642521,0,Auto,0,23,25,1889,695,71249,11400,7474.083333333333,0.9588698142208903,4,59849,0.20559,0.1916027498999346,682.9427845616833,0.1594767855003423,1,40.0
2053-12-19,35,37892,615,Employed,Master,11,13271,36,Divorced,0,Mortgage,337,0.2281059167152243,2,1,0.03265296295064,0,Debt Consolidation,0,18,3,2949,553,59865,17029,3157.6666666666665,0.6236457850208214,4,42836,0.190771,0.2009158210527459,493.8174046623024,0.2631111806172181,0,51.0
2053-12-31,33,26762,514,Employed,Master,12,35500,60,1,0,Rent,392,0.3009453285602545,5,0,0.2250681223816687,1,Home,0,18,12,7370,1993,25834,78588,2230.1666666666665,0.8349158347134625,2,7754,0.2835,0.3294892206631789,1213.668399060908,0.7199768622947051,0,66.0
2054-01-03,43,72070,580,Employed,Master,20,11480,36,1,2,Rent,663,0.4356838189154443,3,1,0.1835428704608183,0,Education,0,29,25,5965,536,61269,9236,6005.833333333333,0.898906003722745,7,52033,0.20648,0.2193822511930373,438.0596094436944,0.1833316957586281,1,39.2
2054-01-06,19,50406,625,Employed,Master,0,24297,72,1,0,Rent,709,0.3355975976986319,6,0,0.1578822185795959,0,Debt Consolidation,0,37,28,791,108,145530,14037,4200.5,0.8272459425256071,4,131493,0.226797,0.1922702681194934,571.1468646122557,0.3047605915039295,0,43.0
2054-01-29,63,42583,602,Employed,Master,41,35731,36,Divorced,3,Own,503,0.0644063594697409,3,0,0.219107723388931,0,Other,0,29,22,1419,712,33759,37609,3548.583333333333,0.7131699821649198,4,8973,0.2197309999999999,0.1955642240535849,1319.8300594603254,0.5136782451570792,0,49.0
2054-02-02,26,56556,560,Employed,Master,1,21717,36,Divorced,4,Rent,370,0.3020778341054879,6,0,0.2926004320252877,0,Home,1,27,21,7230,1098,9171,25805,4713.0,0.8271576875794129,5,6195,0.2267169999999999,0.2178849885468239,827.007771665939,0.2539800067188497,0,58.0
2054-02-04,41,26415,631,Employed,Master,16,26377,36,1,1,Mortgage,497,0.6477164745303465,3,1,0.2155095140322857,0,Debt Consolidation,0,33,14,527,1315,154681,1711,2201.25,0.9029984783395468,3,152970,0.195877,0.1826111219060346,957.0503296730916,0.660556651753818,0,49.0
2054-02-05,34,79860,591,Employed,Master,12,20167,36,0,0,Mortgage,809,0.4400935578917816,1,0,0.1327356176204191,0,Other,0,19,1,1146,260,19995,30470,6655.0,0.8199257518133499,7,9335,0.209667,0.2229461860441446,773.2640221850289,0.2377556757603349,0,55.0
2054-02-06,69,30559,609,Employed,Master,43,21426,48,1,1,Rent,974,0.5363914895199078,2,1,0.3022350980788099,0,Debt Consolidation,0,25,24,3289,926,17024,4503,2546.583333333333,0.8632569944191386,6,12521,0.211926,0.2057238569011223,658.5529378299478,0.641075796130743,0,53.0
2054-02-09,50,87779,621,Employed,Master,28,15575,96,Widowed,2,Own,269,0.3876504269393154,5,1,0.2039166241137066,0,Home,0,29,14,807,515,31170,10464,7314.916666666667,0.8522201572980762,5,20706,0.240075,0.2272778731019224,353.31999485902986,0.0850754729298392,1,38.400000000000006
2054-02-16,22,48967,539,Employed,Master,0,15065,60,0,2,Rent,424,0.4865119502725707,5,0,0.3728561425620604,0,Home,0,31,2,2733,1356,16037,20338,4080.5833333333335,0.7228661029269012,2,3809,0.250565,0.2360440874329054,429.9371571609469,0.2092684029230168,0,60.0
2054-02-23,32,30084,509,Employed,Master,10,18243,60,1,3,Mortgage,264,0.0751704286156146,2,1,0.1890744075836186,0,Education,0,21,11,750,718,168437,24966,2507.0,0.8189353715471926,3,143471,0.268743,0.2554422910843266,541.292443224433,0.3212175680990957,0,46.0
2054-03-07,33,17040,643,Employed,Master,11,16848,60,0,1,Own,637,0.3146466025169174,4,1,0.3082077307050831,0,Education,0,25,18,8580,2937,31111,37643,1420.0,0.7767242540429363,4,1038,0.200348,0.197806385485549,444.315044206794,0.7614894677512634,0,53.0
2054-03-08,46,53828,606,Employed,Master,23,18328,12,1,0,Mortgage,328,0.1490351621631652,3,0,0.3114848488017411,0,Home,0,17,2,1940,2364,355319,7342,4485.666666666667,0.8277632234013766,1,347977,0.180328,0.1861638197699748,1685.6920067701135,0.448916996381834,1,38.400000000000006
2054-03-24,42,69903,636,Employed,Master,23,12145,48,0,1,Mortgage,311,0.1966038203655147,4,1,0.1017640079833425,0,Home,0,16,15,4136,760,45943,18784,5825.25,0.7789545643157743,3,27159,0.189145,0.1828599021845017,358.57691027728345,0.1149438925844012,1,36.8
2054-03-31,48,135521,601,Employed,Master,26,25777,108,Widowed,3,Rent,135,0.2691759571652232,0,0,0.1768098534047938,0,Debt Consolidation,0,25,23,2333,1446,27748,205417,11293.416666666666,0.828413290744919,3,10558,0.270277,0.274305665958957,645.4341884629216,0.0691052328536172,1,36.0
2054-04-03,30,43278,597,Self-Employed,Master,7,44033,72,0,0,Mortgage,339,0.4227331216068407,3,2,0.3355204422775494,0,Auto,0,22,6,7354,3250,39674,27272,3606.5,0.8720913624050473,4,12402,0.260533,0.2605596010931275,1214.8150689836757,0.4308373960858659,0,61.0
2054-04-13,41,75519,612,Employed,Master,18,16677,60,1,1,Own,343,0.2161667362678384,3,1,0.1238244716778336,0,Home,0,27,23,9250,484,58684,43021,6293.25,0.939333895761916,8,15663,0.215677,0.2244638234995924,464.8431556417623,0.1283666079754915,1,37.6
2054-05-02,34,18022,532,Employed,Master,10,19129,36,1,0,Mortgage,293,0.098680390818621,2,1,0.3308025302376572,1,Home,0,26,29,3806,256,130149,20459,1501.8333333333333,0.7652615707054076,8,109690,0.238129,0.2400846129371199,750.5702234220536,0.6948642038100457,0,63.0
2054-05-03,37,18537,564,Employed,Master,13,15159,60,0,0,Other,278,0.3536159023531162,3,3,0.2445089995900591,0,Other,0,28,5,656,1439,45916,25413,1544.75,0.9598414479142472,1,20503,0.238159,0.260421776407833,454.246167544616,0.4740224421716238,0,56.0
2054-05-05,41,75516,612,Employed,Master,18,23517,60,1,1,Mortgage,493,0.0440928951375029,5,0,0.247301716460095,0,Other,0,28,16,5169,1767,159446,14141,6293.0,0.8675097224518749,7,145305,0.222517,0.2604763984137882,704.773429527041,0.1903342490905833,1,35.2
2054-05-08,36,64878,580,Employed,Master,10,21294,36,1,0,Mortgage,1537,0.0928804044543309,4,1,0.1065931678994468,0,Education,0,27,2,2647,1811,55626,35304,5406.5,0.8206995604828216,7,20322,0.216294,0.2263932209406738,820.2871811612132,0.4360098365229285,0,53.0
2054-05-16,35,159918,633,Employed,Master,13,36758,72,1,1,Mortgage,575,0.5701971835888707,3,2,0.069532407943923,0,Home,0,17,26,2689,24,352793,21623,13326.5,0.7046522618751033,8,331170,0.235258,0.2509081692665663,992.2061606865706,0.1176007324268615,1,32.0
2054-05-19,43,68131,561,Employed,Master,16,23022,48,1,1,Mortgage,438,0.4577411853250589,2,0,0.3074444775243051,0,Other,0,23,18,1392,1766,465378,50303,5677.583333333333,0.802129741633081,5,415075,0.2375219999999999,0.2083708932785158,710.876497401759,0.2023530840413484,1,39.2
2054-05-20,32,96948,438,Self-Employed,Master,11,29596,60,0,2,Mortgage,619,0.3765160336134734,0,2,0.1119096866569737,0,Home,1,22,2,2526,16406,45059,10372,4962.416666666667,0.9358696364132176,2,34687,0.315596,0.2995005295767425,956.6233189355736,0.3175112903193484,0,62.0
2054-05-23,51,103642,657,Employed,Master,32,14923,48,1,2,Mortgage,363,0.4172166604107434,2,0,0.2620184122509515,0,Home,0,28,9,1526,3036,35046,46043,8636.833333333334,0.8784737039627759,4,7286,0.181423,0.1765484294482823,435.676203237831,0.0924732679691049,1,37.6
2054-05-24,46,31379,626,Employed,Master,24,13887,60,Divorced,0,Own,237,0.2584372941555932,2,2,0.1704105989008318,0,Auto,0,26,26,1075,522,135956,13796,2614.9166666666665,0.9395930208997144,4,122160,0.205887,0.1751497668362798,348.98467934935644,0.2240930607155192,1,35.2
2054-05-27,52,57845,652,Employed,Master,30,33067,60,0,2,Own,299,0.3495260203910592,2,0,0.5567861490410836,0,Home,0,29,18,720,1019,63793,36361,4820.416666666667,0.8547974467197995,3,27432,0.212067,0.1964746641150873,869.5996315117584,0.2424270996307563,0,52.0
2054-05-28,46,21098,581,Employed,Master,21,9951,60,0,1,Mortgage,266,0.3748888687315631,2,1,0.5247910817206115,0,Home,0,27,2,1812,1337,109200,34322,1758.1666666666667,0.9344894954105244,3,74878,0.224451,0.2095696335640469,268.9671335643818,0.3042755523164556,0,62.0
2054-05-31,21,47493,562,Employed,Master,0,37421,24,0,0,Rent,402,0.1980937313801116,4,1,0.2537314575819052,0,Home,0,32,16,4689,611,189953,9460,3957.75,0.7566794663280362,5,180493,0.231421,0.2240642183767235,1948.8511050024777,0.593986761418098,0,48.0
2054-06-02,40,36914,651,Employed,Master,20,23152,36,Widowed,1,Rent,992,0.0806807138706403,1,0,0.2738139816221251,0,Auto,1,23,4,7000,1998,130691,44549,3076.1666666666665,0.7017820101434001,3,86142,0.182652,0.2191824,883.2064139018879,0.6095919425373207,0,53.0
2054-06-04,49,61222,559,Employed,Master,29,21389,60,Divorced,2,Mortgage,361,0.4928902141487918,2,0,0.3071734524296574,0,Home,1,21,18,15756,84,1442499,44659,5101.833333333333,0.8953338895678997,8,1397840,0.2468889999999999,0.1989885165673094,565.4745677222026,0.1815964001938262,1,42.400000000000006
2054-06-12,50,51640,602,Unemployed,Master,29,31052,48,Divorced,3,Other,488,0.2758852713329574,3,2,0.1753279905592327,0,Debt Consolidation,0,30,8,5991,1357,7348,30538,4303.333333333333,0.9739098270856336,3,5895,0.225052,0.2430318343145104,1017.5638673501364,0.3498599226994894,0,51.0
2054-06-21,31,33414,496,Employed,Master,1,17430,48,Widowed,2,Own,308,0.3075734719959878,4,1,0.2439747299942452,0,Debt Consolidation,0,28,13,790,3575,95801,39554,2784.5,0.7773903323445114,1,56247,0.26443,0.2948778553692576,622.4025545748432,0.3341363097772825,0,51.0
2054-06-25,46,68786,626,Employed,Master,25,13035,48,1,1,Own,368,0.0937977465969401,2,1,0.1166574043443728,0,Debt Consolidation,0,32,9,6061,1372,21523,35381,5732.166666666667,0.6953570429993541,5,2334,0.195035,0.1964484827911383,394.1974390055733,0.13296847131781,1,37.6
2054-06-28,55,89959,617,Employed,Master,33,16721,36,0,3,Mortgage,301,0.0309589503670038,1,1,0.2141019017745091,0,Education,0,29,29,2779,791,45194,305819,7496.583333333333,0.4616909887699818,3,10191,0.193221,0.2049952817725102,625.6763286421193,0.123613156479123,1,37.6
2054-07-16,44,68279,613,Employed,Master,25,27388,36,1,1,Mortgage,401,0.1859027506937995,4,2,0.2213012605685716,0,Debt Consolidation,0,24,18,4272,3061,32985,47940,5689.916666666667,0.9804715253529392,3,1171,0.205888,0.2118766053892567,1034.4855157731408,0.2522858593312393,1,38.400000000000006
2054-07-19,18,24974,516,Unemployed,Master,0,14815,84,1,0,Rent,424,0.144004153448641,5,0,0.6090988081670949,0,Home,0,20,1,4191,1064,138950,38312,2081.1666666666665,0.725523861066432,3,100638,0.281815,0.2414373807243066,366.9196142912215,0.3800366529788844,0,62.0
2054-07-22,45,164162,581,Employed,Master,24,25520,96,1,1,Mortgage,432,0.2670617290248748,3,1,0.1373095591707664,0,Education,0,13,3,600,1845,11240,11463,13680.166666666666,0.7838922247767416,4,4371,0.27002,0.2215625942004257,569.5350285200781,0.073210732948191,1,40.8
2054-07-24,51,126826,635,Employed,Master,32,13845,24,1,0,Rent,489,0.4025272685260718,4,0,0.2753981264913274,0,Auto,0,20,8,3160,2855,63822,40246,10568.833333333334,0.8984165485312045,2,23576,0.171345,0.190156009630537,698.0122513606592,0.1123125149127774,1,39.2
2054-07-26,38,71964,614,Employed,Master,15,24096,60,Divorced,0,Rent,589,0.2054603436471203,3,1,0.3076980392294136,0,Debt Consolidation,0,25,25,2130,7207,68102,10698,5997.0,0.7861279833040857,1,57404,0.222096,0.2123789899701319,655.1065269047253,0.2074548152250667,1,39.2
2054-07-28,31,62633,588,Employed,Master,9,12349,108,1,3,Rent,504,0.0730050661833268,2,0,0.125324631521725,0,Home,0,25,11,5185,130,260356,11755,5219.416666666667,0.7320258717053855,4,248601,0.263349,0.2567095678436729,294.0741272357597,0.1529048509065367,1,36.0
2054-07-29,21,25262,523,Employed,Master,0,16371,84,0,4,Mortgage,481,0.5063552401367857,5,0,0.3825252871954298,1,Education,0,14,18,3348,3052,75247,35048,2105.1666666666665,0.8509316885307102,0,40199,0.279871,0.2576688764305783,422.43760336049655,0.429152531087244,0,69.0
2054-08-06,35,70286,496,Employed,Master,10,14991,48,1,0,Mortgage,460,0.5639616181030411,2,0,0.3450319953321758,0,Other,0,24,7,3655,3213,192026,13102,5857.166666666667,0.7560678946999702,4,178924,0.261991,0.2777360773630722,520.5283883778189,0.1674066053059475,1,41.6
2054-08-18,56,23023,602,Self-Employed,Master,33,15965,96,0,1,Rent,185,0.1345456814533763,3,1,0.5685080727803676,0,Debt Consolidation,0,23,24,1485,824,9273,20980,1918.5833333333333,0.9732981775728268,3,3261,0.249965,0.2715265317319138,408.9782221620688,0.3095920890389969,0,59.0
2054-08-26,37,44849,551,Employed,Master,14,18216,48,1,3,Own,420,0.1818657938786968,6,1,0.1297063987780396,0,Education,0,27,28,1833,5041,34771,42000,3737.4166666666665,0.7745853627041118,3,3834,0.237716,0.2127157768752597,566.7353358264363,0.2640153410313995,1,40.0
2054-08-27,60,133898,635,Employed,Master,36,22206,72,1,3,Own,673,0.4667565824084695,2,0,0.2914260633996542,0,Debt Consolidation,0,23,26,2366,802,176956,3145,11158.166666666666,0.8830680044630236,4,173811,0.219706,0.2570480678499852,607.8064408515856,0.1147864590226816,1,35.2
2054-08-31,42,115251,650,Employed,Master,15,18691,36,Divorced,3,Own,278,0.0957912619108759,0,1,0.3955162485799909,0,Other,0,18,18,8306,3610,27682,77756,9604.25,0.7505045565910184,4,5216,0.178691,0.2144292,708.4423897317674,0.1027089454909823,1,36.8
2054-09-03,44,77732,537,Employed,Master,21,6976,72,Divorced,4,Rent,473,0.2977889647470659,2,2,0.2128947603023687,0,Other,1,16,21,3471,2808,13804,6458,6477.666666666667,0.8209723474311118,5,7346,0.253476,0.2044392618316095,168.89485219390355,0.099093529387213,1,46.400000000000006
2054-09-14,41,40592,648,Employed,Master,19,11337,24,1,1,Rent,281,0.6045276527482697,1,0,0.1922143324366816,0,Debt Consolidation,0,25,17,1612,745,76893,37237,3382.6666666666665,0.4704510953306806,2,39656,0.1623369999999999,0.1626368114188704,556.5241845406742,0.2475928807274362,1,40.0
2054-09-17,64,97719,635,Employed,Master,40,15125,60,Divorced,0,Rent,301,0.1235000283557988,0,1,0.3820419430712659,0,Home,0,24,18,8637,788,31470,15010,8143.25,0.7685462893256083,5,16460,0.202625,0.1945514970069657,396.1484690258604,0.0856105939306616,1,39.2
2054-09-23,38,50607,530,Employed,Master,14,12173,84,1,0,Own,504,0.5176268333258921,4,0,0.340931893904884,0,Home,0,25,29,7317,1665,72990,21780,4217.25,0.6999168416237019,6,51210,0.272173,0.2435701091380582,303.1319181742912,0.1913882075225066,1,42.400000000000006
2054-09-30,43,97812,556,Employed,Master,18,101542,60,Widowed,3,Mortgage,271,0.1833108492817513,4,0,0.2267659883718302,0,Auto,0,27,23,27872,1005,41996,27474,8151.0,0.6490582684812916,9,14522,0.3285419999999999,0.3053513179191289,3318.683393105597,0.4403979135205002,0,50.0
2054-10-01,32,147840,601,Employed,Master,12,18648,60,0,1,Own,287,0.443879466619797,3,1,0.4870936222375114,0,Home,1,22,3,1573,1616,25185,27456,12320.0,0.6441253884835224,4,5129,0.223148,0.2439305723405881,540.7279160691039,0.0671857074731415,1,48.8
2054-10-02,36,60439,509,Employed,Master,15,23081,72,Divorced,1,Rent,534,0.2251610234822013,3,3,0.301263026418877,0,Auto,0,27,25,225,14525,74117,12095,5036.583333333333,0.7763982479304822,6,62022,0.2835809999999999,0.2915531019262679,681.8528275461389,0.2414042907816752,0,52.0
2054-10-03,52,23098,523,Employed,Master,30,35383,60,0,0,Mortgage,531,0.3618749703327599,2,1,0.1447593970330887,0,Other,0,20,17,5572,1159,82836,4010,1924.8333333333333,0.8969899577680734,6,78826,0.278883,0.2495742207475194,1037.6548332473396,0.8149561866381538,0,50.0
2054-10-04,50,119894,603,Self-Employed,Master,29,24518,72,Divorced,1,Rent,605,0.0661232350620331,6,1,0.2097663092485861,0,Debt Consolidation,0,22,21,7184,639,159265,29897,9991.166666666666,0.7366667278250635,3,129368,0.238018,0.2344766128154126,637.2852343409454,0.1243383556482505,1,36.8
2054-10-05,28,65992,535,Employed,Master,6,16744,36,0,0,Mortgage,374,0.3065305081878041,4,2,0.2975823949809246,0,Home,0,26,15,601,594,42589,9941,5499.333333333333,0.7901628598409856,7,32648,0.234244,0.2262938751453954,644.9256783012908,0.1852816726211584,1,41.6
2054-10-06,27,104571,619,Employed,Master,1,16317,24,0,0,Mortgage,590,0.2411136412347803,1,0,0.2287332264625271,0,Home,0,28,19,3791,6385,115755,15700,8714.25,0.7290320749510429,3,100055,0.181817,0.1971375197899985,828.1868663918395,0.1627434221409575,1,35.2
2054-10-23,78,55470,648,Self-Employed,Master,57,20828,36,1,1,Mortgage,161,0.6604716871018678,3,1,0.6225277376187194,0,Home,0,34,28,8805,4416,36059,14148,4622.5,0.5941921493714967,4,21911,0.181828,0.1915650323328063,765.1206581166421,0.2003506020803985,1,48.0
2054-10-26,29,115025,571,Employed,Master,7,9263,60,1,0,Rent,584,0.0473553478091097,1,1,0.2317790344840823,0,Debt Consolidation,0,17,4,1272,7041,44563,11398,9585.416666666666,0.8169008981092937,4,33165,0.228763,0.2216899484400253,256.7248111138259,0.0877087392598644,1,42.400000000000006
2054-10-30,41,126768,658,Employed,Master,18,13475,84,1,0,Other,426,0.1601767968350621,1,1,0.2399957109709561,1,Debt Consolidation,0,24,1,8529,2561,95829,5783,10564.0,0.8837821913544617,1,90046,0.209475,0.2229183338707311,318.0972384675769,0.0704370729333185,0,57.0
2054-11-03,41,24285,540,Employed,Master,21,28529,60,1,4,Mortgage,274,0.3393083682665536,4,1,0.3346798927101907,0,Debt Consolidation,0,22,8,1391,142,31677,89922,2023.75,0.8283600347105566,4,4400,0.263529,0.2781275148372737,885.0538551662316,0.5727258086059205,0,57.0
2054-11-05,40,25061,608,Employed,Master,19,18458,72,0,0,Own,383,0.3535916973226501,4,0,0.1626318724525324,0,Other,0,26,28,1740,1399,255254,15501,2088.4166666666665,0.8286190362842677,9,239753,0.229458,0.2370287107913556,482.6167236111495,0.4144846847026772,0,45.0
2054-11-23,44,90531,619,Unemployed,Master,22,13405,36,Widowed,3,Own,527,0.4753427212346526,4,0,0.7690306652891863,0,Debt Consolidation,0,24,4,1409,4065,120492,26650,7544.25,0.8148512782910043,4,93842,0.188905,0.1888256964651362,490.578425215815,0.1348813235531451,1,47.2
2054-11-25,28,59622,609,Self-Employed,Master,4,24048,60,1,1,Other,455,0.286984965899543,2,0,0.2324122917167435,0,Auto,0,19,2,2783,685,79753,16344,4968.5,0.6825652516376713,3,63409,0.2245479999999999,0.2455779203495021,699.619799356727,0.2323880042984255,0,54.0
2054-12-01,44,78568,672,Employed,Master,23,9879,48,Divorced,1,Own,990,0.2791267265590782,8,1,0.3110212302915218,0,Debt Consolidation,0,27,2,1064,1339,82034,8164,6547.333333333333,0.8300982600470668,2,73870,0.168879,0.1515622516981983,275.72293081296243,0.1933188469829389,1,40.0
2054-12-06,43,82017,534,Employed,Master,21,5656,36,Divorced,0,Own,207,0.1734676862766593,5,2,0.1981710534752573,0,Debt Consolidation,0,20,29,7407,315,235683,15438,6834.75,0.7112171949966465,2,220245,0.223656,0.2651715961252927,229.4447925691331,0.063856731053679,1,35.2
2054-12-08,30,34151,602,Employed,Master,5,28261,36,0,0,Mortgage,172,0.3244131251770754,4,1,0.1219997279507847,0,Debt Consolidation,0,25,25,3726,325,103738,42832,2845.9166666666665,0.7327488811339944,6,60906,0.212261,0.1698088,1007.3128294300016,0.4143876885935996,0,46.0
2054-12-15,55,15000,574,Employed,Master,32,24473,120,1,0,Rent,413,0.2832788358446598,6,0,0.518759025016889,0,Other,1,23,1,6154,494,147255,47754,1250.0,0.882779474999125,4,99501,0.292473,0.3296970496327632,699.442497054842,0.8899539976438736,0,68.0
2055-01-11,31,37814,529,Unemployed,Master,7,40890,36,1,2,Mortgage,162,0.6502750942525204,1,3,0.0898529838867953,0,Auto,0,27,21,1191,1760,18458,8948,3151.1666666666665,0.828193564967247,3,9510,0.26139,0.2653460411955021,1659.1504184637736,0.5779289422321173,0,56.0
2055-01-28,44,94635,623,Employed,Master,19,13698,12,1,3,Other,234,0.2319940118883678,0,0,0.2614420927407689,0,Education,0,31,3,8338,845,87495,16817,7886.25,0.825193568163076,9,70678,0.167198,0.1816926465519689,1256.936253437375,0.1890551597321128,1,39.2
2055-01-30,53,80434,625,Employed,Master,35,40486,60,1,2,Own,588,0.198233599374421,0,1,0.345358549511365,0,Other,0,20,5,723,3426,98335,88543,6702.833333333333,0.642955970235712,3,9792,0.232986,0.2545232688569023,1199.077807680943,0.2666152832405614,0,51.0
2055-02-08,33,30710,605,Employed,Master,10,35511,36,0,1,Own,614,0.102768048777502,1,1,0.625310750000921,0,Debt Consolidation,0,19,4,148,156,118874,23603,2559.1666666666665,0.8468158116546588,7,95271,0.2180109999999999,0.2414228001276563,1395.852055715732,0.785354108387782,0,56.0
2055-02-22,47,55646,566,Employed,Master,22,14445,60,0,5,Mortgage,100,0.0360910427382326,3,1,0.1975104975847099,0,Home,0,15,9,5463,254,101235,14132,4637.166666666667,0.812811109711214,4,87103,0.2364449999999999,0.2315957188708636,408.536767137102,0.1096654064199623,1,38.400000000000006
2055-03-04,60,74952,565,Employed,Master,38,21298,24,0,2,Mortgage,250,0.0953322928671852,4,2,0.2964360402636963,0,Home,0,29,15,1769,1031,33493,47398,6246.0,0.7592361684923417,2,4623,0.213798,0.2119259482742537,1096.4273953008444,0.2155663457093891,1,40.8
2055-03-09,28,73962,602,Employed,Master,7,20349,36,0,1,Mortgage,290,0.4692112701372465,3,1,0.356785355751453,0,Education,0,26,29,1089,2553,28727,5721,6163.5,0.8755705291937613,2,23006,0.204349,0.2099045744677761,766.5502487052015,0.1714204995059952,1,41.6
2055-03-12,48,68391,644,Employed,Master,26,26336,36,1,0,Rent,180,0.3516967134561115,1,3,0.2484139044754498,0,Auto,0,26,27,5372,696,34918,7549,5699.25,0.6594732957253621,6,27369,0.189336,0.1514688,914.8415186597972,0.1921027360898008,1,39.2
2055-03-14,32,27948,622,Employed,Master,12,30129,24,1,4,Rent,469,0.0772363382907259,3,3,0.0920716770880881,0,Auto,0,27,21,2279,179,18662,34876,2329.0,0.6954626938613231,7,10094,0.194129,0.1644949450758965,1481.688627801762,0.8375648895670941,0,48.0
2055-03-20,21,69049,608,Employed,Master,0,26345,36,1,2,Own,87,0.1126919056515579,3,0,0.1208751666871582,0,Home,0,33,28,14507,1425,32023,14536,5754.083333333333,0.7112164392652219,5,17487,0.207345,0.2110784130105761,994.0089648119988,0.1878681454871755,1,36.8
2055-03-25,48,32093,675,Employed,Master,25,35764,48,1,0,Mortgage,511,0.4669710013484814,1,1,0.1794905417356402,0,Auto,0,25,2,2780,7820,20565,18574,2674.4166666666665,0.848947911533497,4,1991,0.193264,0.1640667900013386,1021.026239024178,0.5728450088271627,0,50.0
2055-03-27,43,125908,643,Employed,Master,20,17224,48,1,0,Other,368,0.1833991642690499,4,0,0.0747377416734653,0,Home,0,20,15,2478,966,189980,15378,10492.333333333334,0.7344232049293938,3,174602,0.190724,0.2288687999999999,550.9876048462068,0.087586581139836,1,32.0
2055-03-28,29,65461,634,Employed,Master,5,17218,96,0,1,Mortgage,407,0.1370202600253399,4,1,0.4300650330463067,0,Auto,0,28,21,5501,3334,52162,40628,5455.083333333333,0.9327454314119008,4,11534,0.235218,0.2648168901675659,433.2634177221592,0.1540331038735416,0,52.0
2055-04-03,48,54810,645,Unemployed,Master,21,18357,36,Divorced,0,Rent,272,0.2179004266583114,3,0,0.5561507425571124,0,Home,0,33,8,530,531,38571,18691,4567.5,0.8060660155599985,9,19880,0.180857,0.1892806027238103,672.227056656493,0.2067273249384768,0,59.0
2055-04-05,34,48894,648,Employed,Master,14,17307,72,0,4,Mortgage,211,0.2774780486082077,3,1,0.4227896198254861,0,Auto,0,29,16,4486,445,25371,9727,4074.5,0.7875675634575081,10,15644,0.208307,0.2058979441335297,420.4896355003863,0.1549857983802642,1,43.2
2055-04-06,23,48067,546,Employed,Master,0,25348,36,1,4,Mortgage,332,0.2452929176869152,3,0,0.2722127781416408,0,Home,1,23,1,14752,1561,56610,7876,4005.5833333333335,0.8764604180731832,7,48734,0.237348,0.2271028588976016,977.3905881237572,0.3268913611726358,0,63.0
2055-04-07,40,34974,558,Employed,Master,18,26986,72,1,4,Mortgage,249,0.5048089811376398,5,0,0.3173873931697812,1,Auto,0,25,14,1754,501,79100,12389,2914.5,0.6092887843035538,6,66711,0.262986,0.2537718355230869,733.1849721939161,0.3369994757913591,0,66.0
2055-04-10,31,41872,598,Employed,Master,10,13732,60,0,3,Mortgage,421,0.1993600520458093,2,2,0.2113282720624773,0,Auto,0,31,8,8364,3919,51046,20073,3489.333333333333,0.6203746923489591,6,30973,0.2197319999999999,0.2221614352669454,380.9523803126164,0.2298296848431266,0,53.0
2055-04-17,57,82005,669,Employed,Master,37,28247,48,1,1,Rent,422,0.1128575537033961,3,1,0.2270368922066731,1,Home,0,23,3,398,4543,29419,139239,6833.75,0.770876682443669,6,8027,0.188747,0.1925992718365842,848.4678943827182,0.1859107948611989,0,59.0
2055-04-26,18,54043,527,Unemployed,Master,0,21552,72,1,1,Rent,285,0.1588073979910707,5,1,0.388217559441664,0,Education,0,20,14,2621,897,21430,22978,4503.583333333333,0.6449621040742517,2,1666,0.273052,0.274032617838011,612.7318100237501,0.1993372262880484,0,56.0
2055-05-17,44,15000,628,Employed,Master,21,11887,36,Widowed,1,Rent,399,0.2590718900050493,2,1,0.3785797662904112,0,Home,0,28,23,1156,3025,157860,20673,1250.0,0.4828162162465033,3,137187,0.182887,0.211695267305691,448.87885380635686,0.6783030830450855,0,49.0
2055-05-18,61,119434,606,Employed,Master,38,15073,48,1,1,Rent,535,0.1229317669390437,3,0,0.5710608719238953,0,Home,0,17,8,5105,969,9100,4082,9952.833333333334,0.822633810473033,5,5018,0.207073,0.2360136993591352,488.0916370945597,0.1027940087842215,1,43.2
2055-05-24,53,152469,531,Self-Employed,Master,26,27345,60,Divorced,0,Own,205,0.4202234756792969,4,0,0.0345289208869617,0,Auto,0,17,21,833,376,248983,12308,12705.75,0.8226997463128267,2,236675,0.266845,0.2584328780600314,816.1870931657371,0.0803720436153503,1,38.400000000000006
2055-05-25,42,49520,508,Employed,Master,18,42918,36,1,3,Rent,406,0.0742526228498061,1,3,0.3103626577623729,0,Debt Consolidation,0,26,13,947,1336,33323,17754,4126.666666666667,0.8620581684392301,5,15569,0.273918,0.2652316985241366,1741.176037395325,0.5203172950069446,0,54.0
2055-05-26,42,151089,581,Employed,Master,21,18659,36,Divorced,3,Mortgage,315,0.7489990327704549,4,1,0.37411192960483,0,Home,0,16,16,54713,5421,60134,4337,12590.75,0.700317469256229,2,55797,0.213159,0.2336422133099409,725.8315711349389,0.0826663678601305,1,41.6
2055-05-27,57,50324,629,Employed,Master,32,22462,48,Divorced,0,Own,182,0.3875305143510051,3,1,0.1556370650490412,0,Auto,0,18,28,12467,3180,107452,20343,4193.666666666667,0.8350485986321908,5,87109,0.202962,0.2111738972002846,696.9704663179314,0.2095947380139729,1,36.0
2055-05-29,58,28105,674,Employed,Master,34,20596,48,1,2,Mortgage,258,0.4085007320364752,7,1,0.186738489146566,0,Home,0,21,10,1202,503,66225,8264,2342.083333333333,0.90886167253396,4,57961,0.178596,0.2057774798909341,633.1010914009037,0.3804736914004925,0,45.0
2055-05-31,45,52417,550,Employed,Master,22,36619,48,Divorced,1,Mortgage,775,0.3009977063125962,1,0,0.1057670347005938,0,Education,0,20,28,3523,1389,67905,21145,4368.083333333333,0.8876067169525291,8,46760,0.256619,0.2781463649362295,1272.3697343154108,0.4687112351295368,0,50.0
2055-06-12,35,40121,586,Employed,Master,13,18142,48,Divorced,0,Rent,442,0.4600790060673258,1,0,0.5564222757700495,1,Debt Consolidation,0,24,28,5811,197,83369,16386,3343.4166666666665,0.7128714465694379,2,66983,0.220142,0.217523766340985,569.1471609459916,0.3024292996523491,0,70.0
2055-06-17,44,63471,637,Employed,Master,24,15664,60,0,3,Own,606,0.1877829765780553,4,0,0.2510810809332325,0,Auto,1,24,16,2018,615,57384,8270,5289.25,0.7980633776993603,5,49114,0.202164,0.2128820573837631,426.3072727536344,0.1951708224707916,0,54.0
2055-06-18,31,33362,578,Employed,Master,10,21224,48,1,2,Mortgage,592,0.3381663248994326,4,0,0.1046168038418733,0,Home,0,29,10,1763,1110,126125,26115,2780.1666666666665,0.7121493586168606,2,100010,0.227224,0.2526200336145179,706.8319197229753,0.4671777182625653,0,47.0
2055-06-21,57,79861,605,Employed,Master,33,13661,60,1,0,Mortgage,339,0.2986016884666035,3,0,0.1278666807297175,0,Auto,0,24,5,1591,761,8392,15184,6655.083333333333,0.7479576413895376,7,8511,0.216161,0.2054508264277702,366.088666245806,0.1059473835157294,1,39.2
2055-06-24,31,55611,630,Self-Employed,Master,7,65372,36,1,1,Rent,246,0.0948405636819633,1,0,0.078247161139664,0,Other,0,30,8,2966,1041,17334,25738,4634.25,0.9308219939879926,4,8498,0.235372,0.2299263729968703,2530.2810618382987,0.5990788286860439,0,50.0
2055-06-28,61,91186,565,Employed,Master,41,14174,36,1,0,Own,231,0.3510399560693521,7,2,0.5315060982344236,0,Education,0,21,26,5887,1706,313125,13240,7598.833333333333,0.7287826356213547,2,299885,0.2166739999999999,0.2226935547459387,543.2885657135087,0.1018957163222655,1,40.8
2055-07-01,43,28964,577,Employed,Master,20,18781,84,1,1,Rent,324,0.3526458256457909,1,0,0.1399950499473639,0,Home,0,30,23,4667,2005,213392,12673,2413.6666666666665,0.8780090618880777,4,200719,0.255281,0.2669757095580036,495.9502597814457,0.339711473462828,0,48.0
2055-07-13,44,67233,641,Self-Employed,Master,19,13279,60,0,2,Own,576,0.3825170730096222,2,2,0.1153996899051644,0,Debt Consolidation,0,30,8,6532,1464,361892,90999,5602.75,0.8090547353884681,8,270893,0.1977789999999999,0.2094741322042136,358.8488649387266,0.1668553594107762,1,36.0
2055-07-15,47,127099,623,Self-Employed,Master,25,33804,60,1,2,Own,584,0.3184490388397425,2,1,0.3237862879581428,0,Auto,0,22,20,2653,340,187766,123542,10591.583333333334,0.951242124602456,11,64224,0.227304,0.203899216725469,902.949073156136,0.1403896873922975,1,40.0
2055-07-19,32,35781,587,Employed,Master,8,19739,84,0,0,Own,438,0.4380665820220451,1,2,0.4328761649684723,0,Debt Consolidation,0,29,24,4192,881,94175,32631,2981.75,0.7457725654097848,6,61544,0.251239,0.2740670386326072,530.3950486274331,0.3247740583977305,0,56.0
2055-07-20,36,123244,555,Self-Employed,Master,15,41837,48,1,0,Rent,273,0.3990590606971582,1,4,0.6010660696732019,0,Auto,0,16,1,1494,2195,198870,270747,10270.333333333334,0.5815918593877532,3,6839,0.259337,0.2161892240715303,1309.479563945247,0.1540825903682366,1,50.400000000000006
2055-07-21,18,48661,596,Employed,Master,0,14554,96,Divorced,0,Mortgage,233,0.294052071030362,2,0,0.5276504208233082,0,Home,0,24,25,1680,6200,79357,6346,4055.0833333333335,0.6785921054828796,8,73011,0.251554,0.2515431122491501,353.2998459646933,0.1445839204203843,0,57.0
2055-07-29,67,44305,606,Employed,Master,48,51172,24,1,4,Own,440,0.1842140790686715,4,1,0.273136627560022,0,Home,0,23,3,1919,1846,300388,14193,3692.0833333333335,0.9020895782955992,6,286195,0.2231719999999999,0.219212400741844,2652.719070115925,0.8376623144428642,0,46.0
2055-07-31,48,149750,638,Employed,Master,29,17369,36,1,2,Mortgage,999,0.4372624697071211,2,0,0.2384055138818372,1,Auto,0,20,23,4554,329,52930,41799,12479.166666666666,0.5009453428427324,6,11131,0.183369,0.1817980260149057,629.4987145460985,0.1304973928183852,1,48.0
2055-08-04,44,24257,527,Employed,Master,20,9890,48,0,0,Rent,604,0.4139567614595331,2,3,0.4082423900109515,0,Other,0,25,20,3997,222,157075,138156,2021.4166666666667,0.9281122692884344,5,18919,0.24139,0.2366425718210751,320.59921568371163,0.4574015990520072,0,59.0
2055-08-10,49,37239,605,Employed,Master,24,26636,48,Divorced,3,Rent,383,0.2604641488458019,2,0,0.2775496025572984,0,Other,0,23,25,3382,456,20781,22352,3103.25,0.789524847143162,4,4577,0.219136,0.2434387847231231,873.4539677192362,0.4048832571398489,0,50.0
2055-08-21,18,22514,599,Employed,Master,0,14743,36,Widowed,2,Own,183,0.1923572081823713,2,0,0.1214104808586196,1,Debt Consolidation,0,25,3,1050,222,32974,9734,1876.1666666666667,0.7985707977295923,2,23240,0.200243,0.2350714197763754,574.6016697765045,0.4038029687002777,0,66.0
2055-08-27,34,51120,623,Employed,Master,8,13614,12,0,1,Mortgage,258,0.3101525950081526,2,2,0.1513462370000808,0,Auto,0,22,16,8734,659,50285,12024,4260.0,0.9272856265061908,7,38261,0.167114,0.159689835830617,1235.0100869426265,0.3504718513949827,1,37.6
2055-09-03,38,21543,531,Employed,Master,16,11676,36,1,3,Mortgage,537,0.671931954237154,3,1,0.4652547912822772,0,Auto,0,24,2,4430,328,9632,2774,1795.25,0.8152265093297857,2,6858,0.231176,0.2034117430029103,435.9543879651572,0.5419603887843795,0,64.0
2055-09-15,18,27943,600,Employed,Master,0,15063,36,1,0,Rent,177,0.4056099271500702,4,0,0.1888116054669473,0,Debt Consolidation,0,21,7,2386,4812,63600,44881,2328.583333333333,0.7440374574992397,2,18719,0.200063,0.1954445804056353,556.3049031493351,0.3149146060835279,0,51.0
2055-09-23,42,41752,649,Employed,Master,24,13357,60,1,1,Mortgage,272,0.0451928387246212,6,0,0.0382164134185297,0,Auto,0,29,3,2483,242,86252,15473,3479.333333333333,0.8786968815189551,2,70779,0.193857,0.1968465230774747,351.53921286099705,0.1792122665820072,0,48.0
2055-10-10,35,125063,546,Employed,Master,13,22587,36,Divorced,3,Rent,454,0.3010650628619333,2,2,0.3725710017610245,1,Other,1,32,14,3814,430,14813,10774,10421.916666666666,0.8968562792367726,3,4039,0.234587,0.2764092407077406,929.9031242797842,0.1327877748923135,0,70.0
2055-10-11,48,52077,651,Self-Employed,Master,29,12817,60,1,1,Other,571,0.4419413266885392,2,0,0.5120708017753227,0,Debt Consolidation,0,28,24,2364,180,80612,10762,4339.75,0.8810089159897566,10,69850,0.192317,0.1778985602495904,324.0041229712974,0.2062340279903905,1,43.2
2055-10-14,41,77860,614,Employed,Master,21,14565,24,1,3,Own,355,0.1593406866992305,2,0,0.2098029656323542,0,Home,1,26,5,1084,1016,50298,31611,6488.333333333333,0.8998953011993649,1,18687,0.1825649999999999,0.1934604770664118,736.6526190624107,0.1682485413402123,1,44.8
2055-10-15,19,37200,549,Employed,Master,0,38201,48,1,3,Mortgage,271,0.6223284296670034,1,2,0.4043492706736248,0,Education,0,23,26,6549,1800,111384,52698,3100.0,0.975253306950107,3,58686,0.2587009999999999,0.3042710368303596,1384.970661603219,0.5341840843881351,0,57.0
2055-11-05,39,61209,576,Employed,Master,12,7402,48,1,0,Rent,442,0.2469559924869958,4,1,0.4193468348019212,0,Other,0,21,25,590,160,51180,50859,5100.75,0.8329738820391492,6,1086,0.214402,0.2458453617382558,243.7169821222992,0.1344345404347006,0,56.0
2055-11-22,45,46465,616,Self-Employed,Master,21,21222,84,1,1,Mortgage,233,0.1086029572301581,6,2,0.2709368894838919,0,Education,0,21,18,6238,2621,167154,143926,3872.0833333333335,0.5615641701955288,7,23228,0.238222,0.2398699630892883,523.4956124097341,0.195371728159191,0,52.0
2055-12-02,53,60270,626,Employed,Master,30,9645,72,Widowed,2,Rent,376,0.0700425786373703,4,0,0.1918091675363374,0,Home,0,22,14,1571,4977,58057,14132,5022.5,0.905004062812782,6,43925,0.211645,0.2364003530109133,251.8188279037888,0.1250012599111575,0,46.0
2055-12-06,31,15000,627,Unemployed,Master,7,51166,60,0,2,Mortgage,276,0.2583134783132423,3,3,0.2708045613409992,0,Auto,0,29,3,3174,9000,77489,54189,1250.0,0.7592695174655214,4,23300,0.242666,0.2201862576486777,1413.6911545417609,1.3517529236334087,0,57.0
2055-12-07,38,90883,650,Unemployed,Master,14,25548,108,1,0,Own,247,0.1989108096701329,4,2,0.1777144893351899,0,Debt Consolidation,0,22,21,8189,1588,88253,5028,4869.75,0.6929061683627226,4,83225,0.245548,0.2776311956340595,645.679850034796,0.1833112274828884,0,43.0
2055-12-14,58,72516,667,Employed,Master,33,9870,72,1,1,Mortgage,299,0.3481165582704593,1,1,0.3236438249530334,0,Education,1,24,10,14052,348,14400,79272,6043.0,0.6257349236475794,5,4034,0.1913699999999999,0.2133896202003028,244.13695723717544,0.0898786955547204,0,54.0
2055-12-15,29,75606,516,Employed,Master,7,18546,120,1,2,Mortgage,458,0.0247700896116554,2,1,0.3941580261127433,0,Auto,0,32,28,1949,13275,146762,46805,6300.5,0.7195012562947735,2,99957,0.315546,0.2957502953584299,483.0942914261327,0.1493681916397322,0,51.0
2055-12-23,28,57458,533,Employed,Master,5,64959,36,1,1,Own,251,0.4033125354156792,4,1,0.6020639818983728,0,Home,1,31,16,3891,436,24156,210277,4788.166666666667,0.9239475228335826,1,7021,0.283459,0.2943061850370954,2737.392877173307,0.6241204797605152,0,65.0
2055-12-31,43,118267,591,Employed,Master,22,26511,96,0,4,Mortgage,294,0.3230692510408486,3,2,0.2302733132903884,0,Auto,0,31,13,2619,165,279704,21453,9855.583333333334,0.7950294590940006,4,258251,0.266011,0.2374348946539088,618.9036768514541,0.0926280714165189,1,36.0
2056-01-07,23,40676,504,Self-Employed,Master,0,14103,60,1,1,Rent,531,0.4123145631821739,6,0,0.2217244084748853,0,Debt Consolidation,0,21,8,2749,542,44449,8296,3389.6666666666665,0.9519062802980558,1,36153,0.267103,0.227556404179924,395.5927377787701,0.2733580699514515,0,58.0
2056-01-09,32,60056,565,Employed,Master,11,19695,48,Widowed,1,Mortgage,543,0.2741035178695171,2,1,0.4346733522045107,0,Debt Consolidation,0,24,25,1822,188,60659,20972,5004.666666666667,0.6352855145450149,7,39687,0.2321949999999999,0.2236029431464319,624.3709831237344,0.2332564905668844,1,44.8
2056-01-14,38,41016,565,Employed,Master,17,14913,24,1,2,Mortgage,377,0.3652439446296563,5,1,0.2858675695078932,0,Other,0,20,19,1425,1157,13814,6252,3418.0,0.6966993683224926,7,7562,0.207413,0.2314051098305891,782.083830141023,0.3391117115684678,0,53.0
2056-01-22,39,22015,492,Employed,Master,18,8257,108,1,5,Mortgage,549,0.3038492255315773,0,3,0.1888859597673222,0,Education,0,28,1,2942,1255,30888,3016,1834.5833333333333,0.9111370209712808,11,27872,0.307257,0.3075082307789217,226.3112309255604,0.4226088926235169,0,56.0
2056-01-24,39,61155,551,Employed,Master,19,31510,48,Divorced,0,Rent,533,0.2166960949993339,6,1,0.1841854655436697,0,Debt Consolidation,0,19,3,9010,2117,72697,16756,5096.25,0.8402668842681824,3,55941,0.25101,0.2508145535948308,1046.213156154716,0.3098774895569715,0,51.0
2056-01-26,22,47368,510,Employed,Master,3,17742,60,1,3,Own,498,0.2101381176765722,2,2,0.4438620362645361,0,Debt Consolidation,0,27,1,23922,1029,37535,46781,3947.3333333333335,0.8490957675370107,11,3108,0.267742,0.2141936,484.1755247413428,0.2488200113345742,0,61.0
2056-01-28,38,46307,613,Employed,Master,15,45195,12,1,2,Mortgage,408,0.529808168688918,2,0,0.4452229387502234,0,Other,0,32,3,2567,3786,34175,16479,3858.9166666666665,0.7158276285896067,6,17696,0.203695,0.1964893999028242,4179.026714010539,1.188682500877329,0,58.0
2056-02-06,35,55903,546,Employed,Master,12,8194,24,1,0,Other,510,0.1551352158340241,0,1,0.4463132647261273,0,Home,0,25,19,3765,1965,13766,19610,4658.583333333333,0.8034081785593924,3,6112,0.210194,0.1918092917261102,413.7688586927525,0.1982939431571298,1,44.0
2056-02-17,18,15000,587,Employed,Master,0,19737,36,1,3,Rent,618,0.3004020914214476,3,1,0.5346718639105086,0,Auto,0,26,22,6377,57,84404,9024,1250.0,0.8391675586284197,5,75380,0.211237,0.2368162934809591,771.0433749597033,1.1112346999677625,0,58.0
2056-02-20,39,32646,550,Employed,Master,16,18603,48,0,1,Rent,287,0.3136993023994255,4,2,0.066497710881126,0,Home,0,20,4,390,2749,36938,6915,2720.5,0.7674229131254672,5,30023,0.238603,0.226142761701772,592.3289911206455,0.323223301275738,0,54.0
2056-02-22,18,27077,570,Employed,Master,0,33876,60,1,0,Mortgage,740,0.2928504798679837,4,1,0.3009396278835403,0,Debt Consolidation,0,24,28,8663,693,92035,6650,2256.4166666666665,0.918318187166919,7,85385,0.253876,0.2643577079864138,1023.0210992316923,0.7813366765439418,0,54.0
2056-03-08,79,60888,712,Employed,Master,55,11101,24,0,4,Own,110,0.2250834917230489,3,1,0.4056671250420802,0,Home,0,22,28,26715,4063,105684,1710,5074.0,0.8172351119702721,3,103974,0.130101,0.1492915842671479,537.8767190662721,0.1276855969779803,1,34.4
2056-03-25,40,300000,505,Employed,Master,18,25434,60,0,5,Rent,186,0.8327213060806813,0,2,0.2286575563187852,0,Home,0,26,29,1685,4404,29282,42306,25000.0,0.6434754502898914,8,5656,0.2779339999999999,0.2936078899459414,812.9183185204965,0.0399567327408198,1,42.400000000000006
2056-04-02,48,47951,622,Employed,Master,27,16080,48,1,2,Own,558,0.467770873491339,1,0,0.4293661358784005,0,Auto,0,19,17,3629,1900,55525,18039,3995.9166666666665,0.9123082779046936,5,37486,0.20008,0.2189103161762325,505.6669432967452,0.2661884698871961,0,55.0
2056-04-13,44,71866,593,Employed,Master,20,13711,84,1,2,Rent,397,0.3434690322217507,3,0,0.3577912705389198,0,Debt Consolidation,1,23,7,2424,538,481102,13827,5988.833333333333,0.9110738623381452,7,467275,0.242211,0.2586253278752498,354.644825419185,0.1255077213846634,1,44.0
2056-04-16,32,24132,621,Employed,Master,9,22822,72,0,0,Mortgage,838,0.0914934722846826,3,1,0.1076489885498108,0,Debt Consolidation,0,32,24,8347,91,8438,20317,2011.0,0.8477362631403272,4,5439,0.227322,0.2187062417199942,571.6771902406186,0.7009831875885721,0,48.0
2056-04-21,24,40036,579,Employed,Master,5,19332,120,1,1,Own,653,0.260233816669648,3,0,0.2155319594491245,1,Home,0,27,9,3523,2546,30657,7021,3336.333333333333,0.6026908980680731,5,23636,0.284832,0.2825444601902103,484.8809597954737,0.3410573363359397,0,66.0
2056-04-24,23,24508,625,Employed,Master,3,25083,48,1,0,Own,591,0.2624421124444177,2,1,0.0214686301811069,0,Debt Consolidation,0,27,12,2201,2705,40148,42348,2042.3333333333333,0.958579426184944,6,4270,0.207583,0.2050038276669111,769.9878973839049,0.6663887207690085,0,49.0
2056-04-26,47,61865,607,Employed,Master,25,14763,96,0,1,Mortgage,441,0.3534039436486418,2,3,0.4980558386190467,0,Education,0,33,1,3282,2572,94233,28912,5155.416666666667,0.8733598407433356,3,65321,0.246263,0.2160817101526727,324.2970276303839,0.148445232871003,1,44.0
2056-04-28,35,48930,564,Employed,Master,14,22945,72,Divorced,2,Other,418,0.0711332140931751,2,2,0.3390033121046811,0,Home,0,24,23,5979,423,126843,5375,4077.5,0.786974764018972,3,121468,0.255945,0.2990974188680018,688.946625970727,0.2714767936163647,0,50.0
2056-05-06,34,51685,596,Employed,Master,13,20718,72,Widowed,3,Mortgage,740,0.4493453430837273,3,1,0.2519680151083531,0,Home,0,20,20,2603,1177,109740,22189,4307.083333333333,0.8698013294816722,3,87551,0.2377179999999999,0.2303800609599715,533.4042198504657,0.2956534901461853,0,51.0
2056-05-07,38,36613,610,Employed,Master,18,39940,48,0,0,Mortgage,1394,0.3971220558006463,4,1,0.2822171768306035,0,Debt Consolidation,0,24,5,1902,2339,87489,154556,3051.083333333333,0.5569803536541987,6,6550,0.22994,0.1885380055420253,1191.1316345008588,0.8472831948764185,0,52.0
2056-05-15,35,39133,618,Unemployed,Master,11,15991,48,0,0,Mortgage,254,0.2028785844331301,5,0,0.2775023681412438,1,Debt Consolidation,0,27,1,2511,752,65028,2293,3261.083333333333,0.9974302786535107,5,62735,0.201991,0.2074702658071092,492.9991929852726,0.2290647360494536,0,67.0
2056-05-16,39,138949,621,Employed,Master,17,46828,36,1,2,Mortgage,1460,0.4039497356235364,1,1,0.0797847707020431,0,Home,0,22,23,714,1843,31109,11265,11579.083333333334,0.7964056227971675,2,19844,0.221328,0.2652079719415839,1899.7446729187805,0.2901563600675453,0,46.0
2056-05-20,38,196845,570,Employed,Master,12,38686,60,1,0,Own,429,0.1062757465714843,2,0,0.3365975938279267,0,Debt Consolidation,0,20,6,10447,550,77389,15147,16403.75,0.8190397302462746,5,62242,0.258686,0.246845715460938,1128.342464969312,0.0949381979711536,1,40.8
2056-05-28,30,165180,512,Employed,Master,7,22961,48,Divorced,2,Rent,599,0.5430477366888384,4,2,0.2449183006742905,0,Home,0,30,2,5000,2599,31987,2157,13765.0,0.8306638487505906,4,29830,0.261961,0.2095688,710.4709022122884,0.0951304687404495,1,44.0
2056-05-31,53,108555,674,Employed,Master,34,42513,36,1,3,Other,291,0.506040535078314,0,0,0.4522866548981418,0,Debt Consolidation,0,22,2,2921,1132,22633,32425,9046.25,0.8963955098827072,4,2624,0.190513,0.1872609729388449,1552.4762777574188,0.2037834768835063,0,54.0
2056-06-04,33,66095,556,Employed,Master,10,24912,60,1,3,Mortgage,458,0.3353181015922911,2,0,0.1942510612874937,0,Home,0,27,23,2455,1948,22386,48624,5507.916666666667,0.8519020836521239,2,2915,0.2519119999999999,0.2588759708169466,744.2201206321441,0.2182712980949501,0,50.0
2056-06-07,35,39355,636,Employed,Master,9,32931,72,1,0,Rent,447,0.2460873137406236,2,1,0.0532760205688444,0,Education,1,32,22,3580,664,179746,17722,3279.583333333333,0.7648113088452957,6,162024,0.229931,0.2589520445002022,905.2431255815316,0.4123216238591888,0,50.0
2056-06-17,39,30767,584,Employed,Master,21,18853,72,Divorced,0,Own,305,0.1077140533907812,3,0,0.0712843208768106,0,Education,0,25,5,2467,390,189677,42450,2563.9166666666665,0.7565341689324931,6,147227,0.241853,0.2571133823637984,516.1066932091418,0.3202548288266552,0,48.0
2056-07-01,31,116043,514,Self-Employed,Master,8,14388,36,1,1,Rent,813,0.106844685491445,2,1,0.5259785918352625,0,Debt Consolidation,0,25,16,7674,2934,515815,19847,9670.25,0.6947154993158942,5,495968,0.242388,0.2537847407918258,574.9483591902607,0.1435276605248324,1,42.400000000000006
2056-07-06,48,53119,461,Employed,Master,25,15985,96,0,0,Mortgage,295,0.2654785808688403,4,1,0.2711103848268993,0,Auto,0,20,18,4077,560,17823,42941,4426.583333333333,0.669518232004618,6,5137,0.320485,0.2760780911437319,414.4394772752498,0.1602679592481597,1,41.6
2056-07-23,32,51738,607,Employed,Master,8,7709,24,0,5,Mortgage,172,0.2994615137495154,2,2,0.493907907313044,0,Home,0,27,13,6858,3229,10395,24642,4311.5,0.5144858257289797,7,2382,0.1792089999999999,0.2116684029087223,396.7640064532354,0.1319178955011563,1,42.400000000000006
2056-08-03,38,100425,560,Self-Employed,Master,14,20492,48,1,1,Mortgage,418,0.2048510166654048,4,1,0.4470713383839746,0,Other,0,25,24,1483,469,24537,39280,8368.75,0.5570347204494768,4,1055,0.235492,0.2462734725464249,675.2036836232213,0.1306292676472856,1,46.400000000000006
2056-08-26,59,71729,671,Self-Employed,Master,37,61460,48,1,0,Mortgage,438,0.2008689560387246,5,0,0.0385660238282399,0,Debt Consolidation,0,32,21,4677,2948,48674,14076,5977.416666666667,0.9079405750809268,5,34598,0.22096,0.2062441623597544,1890.757803038068,0.38959268408115,0,47.0
2056-08-28,29,27885,587,Employed,Master,5,19939,60,1,1,Own,233,0.1674209861830473,0,1,0.3262634757616816,0,Auto,0,20,24,5391,518,12829,49247,2323.75,0.6388775801281177,12,10076,0.231439,0.2515807179113155,587.0852615979485,0.3529145827210107,0,55.0
2056-09-01,32,52902,623,Employed,Master,13,29657,96,0,1,Own,427,0.0340336440773001,3,2,0.0511828596336645,0,Debt Consolidation,0,31,12,2331,1592,19529,15168,4408.5,0.9699908820248578,4,4361,0.253157,0.2771666329537501,771.1124243300859,0.2717732617284986,0,46.0
2056-09-05,23,37063,627,Self-Employed,Master,1,27054,12,0,0,Own,461,0.6941148750082825,4,0,0.2045217787960594,0,Education,1,25,12,261,2716,73175,8727,3088.583333333333,0.598000928707187,7,64448,0.178554,0.197444388465952,2502.8261024897943,0.9596069727188176,0,59.0
2056-09-12,41,49872,581,Employed,Master,18,71451,36,0,4,Own,305,0.1935927600169966,3,0,0.4457978728166999,0,Debt Consolidation,0,26,4,2146,1713,29786,181325,4156.0,0.8773785400920675,5,7279,0.265951,0.2461852360048641,2826.483383486468,0.7534849334664263,0,59.0
2056-09-21,39,40514,516,Employed,Master,15,44454,60,0,0,Rent,277,0.2278831317936689,3,1,0.1628777824440787,0,Education,0,27,7,4663,104,48631,12402,3376.1666666666665,0.7456612881580692,9,36229,0.291454,0.3419918934829183,1554.9674420663591,0.5426175965048208,0,52.0
2056-09-29,37,76336,603,Employed,Master,14,25598,48,0,0,Mortgage,410,0.3020287753013354,2,3,0.2777071365811103,0,Home,0,27,29,5118,970,25638,41947,6361.333333333333,0.9190588743584974,5,10291,0.219098,0.2230235164311739,810.7002270623835,0.1918937686641768,1,39.2
2056-10-15,46,53601,638,Employed,Master,25,32718,48,0,0,Own,683,0.2125751930298959,5,2,0.1171531295330292,0,Home,0,30,19,10311,868,79183,56600,4466.75,0.6520165991471274,4,22583,0.208718,0.1705213515915518,944.9620048523524,0.3644623058940734,0,47.0
2056-11-06,28,47071,570,Employed,Master,7,19592,60,1,0,Mortgage,445,0.4412249420223207,2,0,0.2716479958830703,0,Education,1,21,24,2734,719,62803,18442,3922.5833333333335,0.8316897612106534,5,44361,0.239592,0.2314254714887853,553.9134533446287,0.2546570380942734,0,60.0
2056-11-09,36,46543,645,Employed,Master,14,16108,36,Divorced,4,Rent,398,0.4367509635307831,2,1,0.3769320022797321,0,Debt Consolidation,0,25,3,451,28915,84163,4596,3878.5833333333335,0.9687488745871838,2,79567,0.178608,0.1931438812451483,593.018730192932,0.2555104905638911,0,54.0
2056-11-20,41,43477,651,Unemployed,Master,17,18961,24,1,1,Rent,725,0.1794979713623715,1,1,0.1252714764817027,0,Home,0,19,6,2592,465,151498,16055,3623.0833333333335,0.5750985656589618,6,135443,0.168461,0.1480277869406976,917.5796308572176,0.4533651257052374,0,45.0
2056-11-30,38,37819,627,Employed,Master,20,35477,120,1,0,Mortgage,418,0.2578525026657649,4,0,0.0304984783957651,0,Home,0,23,8,949,3172,16159,32258,3151.583333333333,0.8065527026270355,3,8484,0.276977,0.2978723284163413,929.666667736623,0.4276157490372425,0,49.0
2056-12-09,51,56178,588,Employed,Master,27,26481,60,Divorced,3,Rent,284,0.6110147180864622,1,1,0.1898996225652409,0,Home,0,18,17,651,671,111762,28519,4681.5,0.8821478585832014,2,83243,0.237481,0.2223791056018121,734.9629438341569,0.2176573627756396,0,50.0
2056-12-16,47,86011,518,Employed,Master,24,18082,36,0,0,Mortgage,449,0.4047778748788007,3,2,0.1109472628256192,0,Debt Consolidation,0,26,18,8467,499,19489,514508,7167.583333333333,0.8514112807607841,9,1827,0.244082,0.1952656,667.6379384805828,0.155790018274023,1,40.0
2056-12-19,24,43491,505,Self-Employed,Master,1,16583,48,Divorced,0,Rent,352,0.1741391168238167,4,2,0.2769357276974219,0,Auto,0,34,13,4416,1471,36381,5794,3624.25,0.8750139512952904,2,30587,0.2590829999999999,0.23356833068485,534.7568334248195,0.244673196778594,0,55.0
2056-12-28,37,50829,565,Unemployed,Master,11,6512,72,1,1,Rent,450,0.3857783394220403,2,3,0.1675299295069525,0,Debt Consolidation,0,20,10,534,1062,122971,11576,4235.75,0.5599546293108943,6,111395,0.2390119999999999,0.2868143999999999,190.406372803973,0.1511907862371417,0,49.0
2057-01-02,58,52792,643,Employed,Master,35,40015,36,1,0,Rent,506,0.1379889564360511,5,1,0.1998246088218236,0,Debt Consolidation,1,28,17,4819,6901,279735,5512,4399.333333333333,0.6357847376102956,8,274223,0.203515,0.1932748569937721,1473.424602687158,0.4499374002168112,0,46.0
2057-01-04,45,83202,520,Employed,Master,22,23818,24,0,0,Other,552,0.3369777796161102,2,1,0.5506741257076104,0,Auto,0,29,7,2613,1792,44745,99366,6933.5,0.8607897995006615,4,10546,0.238818,0.2865816,1315.3356631157192,0.2693207850458959,0,58.0
2057-01-07,41,45517,627,Employed,Master,21,12206,24,Divorced,3,Own,817,0.0804205605039949,1,2,0.3212999122666187,1,Other,0,20,26,6836,2194,30180,122180,3793.0833333333335,0.8658231016152517,5,8006,0.173706,0.1769140557183299,607.5551578129637,0.3755665332459424,0,63.0
2057-01-26,37,26477,546,Employed,Master,14,15884,60,0,2,Mortgage,336,0.4510112424593098,3,2,0.4812330275831267,0,Other,0,22,7,2710,1820,116275,8083,2206.4166666666665,0.832284720111866,7,108192,0.247884,0.2459278248901334,462.43195762333306,0.3618681682773727,0,56.0
2057-02-03,48,58721,606,Self-Employed,Master,27,11370,48,1,0,Mortgage,468,0.2507302003430201,2,3,0.5114529141123352,0,Home,0,27,2,1444,246,24964,47785,4893.416666666667,0.8874513135553049,4,10184,0.20337,0.1684506873297918,327.17116634961803,0.1624981522146321,1,49.6
2057-02-10,18,61034,622,Employed,Master,0,8359,72,Divorced,2,Mortgage,287,0.1972535302207009,3,1,0.2893134640456427,0,Home,0,28,23,5197,541,21618,23000,5086.166666666667,0.5428058234815838,7,10040,0.212359,0.2050193766840401,202.66115021074103,0.0962731232186796,1,38.400000000000006
2057-02-17,29,97219,586,Employed,Master,6,56348,72,1,1,Other,513,0.3677245959514765,1,1,0.3506048585136119,0,Home,0,31,2,11727,981,51453,54365,8101.583333333333,0.61543864548173,3,7769,0.278348,0.301967548734719,1702.3362888571226,0.2734448561113103,0,57.0
2057-02-18,36,44053,558,Employed,Master,11,9167,48,1,0,Other,417,0.1079109268618197,1,1,0.3821258298149179,0,Debt Consolidation,0,28,2,2730,7277,167276,5557,3671.0833333333335,0.8186314374165609,2,161719,0.225167,0.255229000038194,306.6310065490843,0.1971164751228976,0,54.0
2057-02-20,45,61526,664,Employed,Master,23,16205,72,0,4,Own,935,0.1621144625504106,3,2,0.159886325809355,1,Debt Consolidation,0,18,16,9359,115,10959,25400,5127.166666666667,0.7012540825559682,3,7322,0.199205,0.2204435237455313,407.59562364203,0.2618591730927471,0,55.0
2057-02-22,29,120874,555,Employed,Master,8,14333,36,1,0,Other,359,0.209500316003341,4,1,0.5378042607075072,0,Other,0,20,19,5638,4400,279250,18159,10072.833333333334,0.9157725971094176,10,261091,0.221833,0.2094545360781751,539.59541054075,0.0892097963705097,1,40.0
2057-03-04,36,35226,580,Employed,Master,16,19551,60,1,2,Other,295,0.2438764347725172,5,0,0.1468936981745091,0,Debt Consolidation,0,24,18,1501,497,51022,65517,2935.5,0.8442273911390348,7,4094,0.234551,0.2422631455295611,565.0136844309254,0.2929700849705077,0,51.0
2057-03-05,29,41965,582,Self-Employed,Master,3,19439,84,0,3,Mortgage,719,0.3891172905244002,3,1,0.2224031594096078,1,Debt Consolidation,0,28,21,1341,1038,37701,92198,3497.083333333333,0.8522325681578434,2,1613,0.253439,0.2844021616966778,535.5780502044882,0.3587498296783952,0,68.0
2057-03-23,41,41472,544,Employed,Master,20,57192,36,Divorced,1,Rent,756,0.4532266219384278,1,0,0.0784729944387021,0,Debt Consolidation,0,15,21,446,3404,92795,131571,3456.0,0.7872656433346361,9,5769,0.270192,0.2699265374658329,2334.65030484,0.8942853891319444,0,52.0
2057-03-25,56,108322,640,Self-Employed,Master,32,39307,120,0,0,Own,1239,0.0813430569543951,6,2,0.2845398616484921,0,Debt Consolidation,1,21,15,3587,2776,63578,10183,9026.833333333334,0.8071837832817925,5,53395,0.274307,0.2772064157687779,970.6549866586674,0.2447873916647034,0,54.0
2057-04-11,37,38172,593,Unemployed,Master,16,20403,60,0,4,Mortgage,434,0.0837621502880524,4,0,0.3246016691662544,0,Debt Consolidation,0,33,25,10013,214,103848,5469,3181.0,0.9563196053493012,8,98379,0.228903,0.2278152581291491,572.6120508001658,0.3164451590066538,0,55.0
2057-04-20,32,166944,527,Self-Employed,Master,10,22636,12,1,2,Mortgage,551,0.0980855437071351,5,0,0.5243675214276012,0,Auto,0,34,26,7486,282,277387,16919,13912.0,0.8847911989168664,2,260468,0.224136,0.2087615898776449,2106.378223824059,0.1910133858412923,1,41.6
2057-05-12,33,67784,565,Employed,Master,9,31917,24,0,2,Mortgage,316,0.3895025694338206,3,1,0.1271406222925145,0,Debt Consolidation,0,34,26,1491,364,207028,252426,5648.666666666667,0.8029819935733845,3,2823,0.2244169999999999,0.2508844822133219,1704.8755431150587,0.3577615147731132,0,50.0
2057-05-20,57,97804,602,Employed,Master,36,21720,84,1,0,Mortgage,234,0.2603679633092461,2,0,0.2110757101966761,0,Home,1,27,24,9844,627,18741,26301,8150.333333333333,0.8219244426847704,4,3800,0.24572,0.2609779135194264,565.1052560425027,0.0980457146181141,0,54.0
2057-05-22,29,47882,637,Employed,Master,5,53897,96,0,0,Other,470,0.3276756416561358,2,0,0.074559837560192,0,Home,0,21,17,4383,709,29667,6709,3990.1666666666665,0.8241024085056774,7,22958,0.270397,0.2730250465018572,1386.174174530429,0.4651871286572229,0,48.0
2057-06-01,57,57929,634,Employed,Master,37,39344,36,0,2,Own,866,0.0865559066818617,6,1,0.0807763058572856,0,Debt Consolidation,0,20,9,1720,510,441333,43582,4827.416666666667,0.5555598826143171,7,397751,0.207344,0.214291214339692,1490.9705308533964,0.4882467567235885,0,41.0
2057-06-07,50,77305,579,Employed,Master,26,10354,48,1,0,Own,592,0.3563698946033853,2,3,0.3240786042347853,0,Debt Consolidation,0,30,26,1544,622,98756,25909,6442.083333333333,0.8036955984527129,4,72847,0.215854,0.1739772046431192,300.89986736669823,0.1386042094094868,1,41.6
2057-06-13,29,43797,580,Unemployed,Master,6,22652,48,Divorced,2,Rent,860,0.3001830852180094,1,0,0.4987233109833467,0,Home,0,23,13,1319,19333,68806,17468,3649.75,0.8494926827515012,4,51338,0.227652,0.2167515798908159,709.6868736370667,0.4300806558358974,0,58.0
2057-07-01,34,62122,610,Employed,Master,10,9077,60,Divorced,2,Mortgage,510,0.2719382888072058,3,2,0.2541057051531606,0,Home,0,21,17,4904,3516,8420,14132,5176.833333333333,0.7093923774295257,5,9856,0.209077,0.2085349929355644,244.8159000370991,0.1458064904614338,1,39.2
2057-07-10,65,96270,687,Self-Employed,Master,42,14095,60,1,3,Rent,341,0.115520845726248,3,1,0.6971861456688321,0,Auto,0,28,27,31070,3339,162528,9049,8022.5,0.4545076224721613,5,153479,0.175595,0.1649819792929799,346.5052480628032,0.0856971328217891,1,39.2
2057-07-23,41,335901,630,Employed,Master,18,37774,48,Divorced,0,Own,411,0.3695075124104647,6,0,0.4953187549982621,0,Auto,0,28,10,802,809,91214,9684,16510.083333333332,0.7717076899590793,7,81530,0.217774,0.226136987723042,1202.7314836024912,0.0977421767668742,1,39.2
2057-07-25,37,37300,595,Unemployed,Master,12,33576,48,0,1,Mortgage,324,0.0868668169042339,5,0,0.4531666183950938,0,Debt Consolidation,0,22,3,1996,705,100482,41460,3108.333333333333,0.9024812847581156,4,59022,0.231076,0.2147410850388966,1048.2852902939824,0.4414858842768844,0,60.0
2057-08-04,26,91869,564,Employed,Master,7,12574,72,1,0,Own,249,0.2911389582130291,2,2,0.1393961359202448,0,Auto,0,21,29,977,1032,60599,25115,7655.75,0.5696511710607454,5,35484,0.245574,0.2209114375499795,316.6165449015767,0.0738812715803907,1,39.2
2057-08-09,28,88018,515,Employed,Master,8,11996,72,1,0,Mortgage,411,0.4185254101408837,2,0,0.015288020512811,0,Education,0,28,21,5168,1421,21152,328672,7334.833333333333,0.8876325133031406,6,4983,0.269496,0.2260808119451771,305.7580265669891,0.0977197427662963,1,40.0
2057-08-16,22,16288,595,Employed,Master,1,13832,36,1,4,Rent,694,0.2915625520083628,2,0,0.168324100660505,0,Debt Consolidation,0,24,3,1349,107,33650,30833,1357.3333333333333,0.919816283023754,4,2817,0.201332,0.1979319627423436,512.590339186864,0.8889418019549588,0,55.0
2057-08-17,38,61804,630,Employed,Master,16,13166,108,1,1,Rent,141,0.3536798767884005,4,4,0.440836015664199,0,Other,0,16,24,2353,1971,121034,284528,5150.333333333333,0.919930203456428,2,1139,0.243166,0.2419790817497783,300.2516947645484,0.0856743954626655,0,53.0
2057-08-18,29,51772,585,Self-Employed,Master,10,44829,48,1,3,Mortgage,442,0.3120181298229065,3,0,0.3947957176678532,0,Home,0,22,8,3502,718,234445,10631,4314.333333333333,0.9725387444555476,5,223814,0.247329,0.2664964610277602,1527.9436680659646,0.4566044197016066,0,54.0
2057-08-26,25,73366,529,Unemployed,Master,0,56705,60,1,0,Own,264,0.1619775761671543,3,1,0.5809821030946859,0,Home,0,17,20,8231,2737,22903,25444,6113.833333333333,0.961423152171186,6,9861,0.297205,0.2856575306907675,1784.9609852934452,0.33513523735138,0,60.0
2057-09-07,50,111351,681,Employed,Master,28,43062,60,0,0,Own,193,0.5351552637111412,2,1,0.2514333157769173,1,Auto,0,28,23,2937,5007,7944,4966,9279.25,0.7880428160924923,5,2978,0.207562,0.2099159155073023,1164.7681073394278,0.1463230441403591,0,58.0
2057-09-08,18,46495,565,Unemployed,Master,0,27725,60,1,0,Rent,326,0.396737268652336,2,4,0.5287955507725706,0,Other,0,17,14,5364,1304,40803,25936,3874.5833333333335,0.9838940997156598,5,14867,0.250225,0.2588758177733028,828.2553224721996,0.2979043740115366,0,62.0
2057-09-17,46,24302,481,Employed,Master,24,22851,96,1,1,Other,374,0.4407894100816378,2,0,0.3859571484894873,0,Debt Consolidation,0,17,20,4631,8306,47471,43704,2025.1666666666667,0.9257443393648622,6,3767,0.317351,0.299905681418249,630.0029805895786,0.4957631374814806,0,57.0
2057-09-19,42,34508,536,Employed,Master,20,14094,48,0,0,Other,1043,0.1225598908323231,1,1,0.0337820754143056,0,Debt Consolidation,0,17,24,2941,1990,137468,45344,2875.6666666666665,0.8067378640698093,4,92124,0.241094,0.2323875394488695,453.5790695991362,0.5204285625127402,0,48.0
2057-10-14,40,38994,623,Employed,Master,17,16678,12,1,0,Own,265,0.1273536514846439,3,2,0.2208945948119831,0,Auto,0,26,29,3210,1402,24778,5196,3249.5,0.6907773780571563,4,19582,0.170178,0.1538469985112328,1508.3573322977534,0.5457323687637339,0,49.0
2057-10-19,42,158763,587,Employed,Master,17,32013,60,1,3,Rent,637,0.303505577740898,0,2,0.2924676982051729,0,Home,0,29,26,1476,2666,47294,11187,13230.25,0.9539404821243166,5,36107,0.2435129999999999,0.224891893305613,893.0911988128809,0.1156509664452962,1,40.0
2057-10-23,43,46633,625,Employed,Master,23,25978,72,Divorced,0,Mortgage,578,0.126125674831631,3,2,0.2297747832797245,1,Debt Consolidation,0,25,24,4501,1782,40058,5728,3886.0833333333335,0.8696427923284098,3,34330,0.228478,0.2028761943894077,626.5851467110866,0.3099740904623986,0,61.0
2057-10-24,56,29170,586,Employed,Master,29,7816,84,0,1,Rent,557,0.3729857677817292,4,2,0.3813892738873311,1,Debt Consolidation,0,21,18,763,1712,67169,21050,2430.833333333333,0.5861149071875233,7,46119,0.239816,0.2504680919914234,198.0697273339715,0.3106217596163064,0,68.0
2057-10-27,54,80317,641,Employed,Master,31,21678,72,1,1,Other,432,0.4765263463766179,3,0,0.4693424908218113,0,Auto,0,21,13,3012,358,72568,4051,6693.083333333333,0.316740918308612,4,68517,0.216178,0.2091649402654657,530.8298447392294,0.1438544534391318,1,40.8
2057-10-28,21,31993,515,Unemployed,Master,0,18865,48,0,3,Rent,440,0.4670986018214138,1,1,0.3280383497593376,0,Home,0,28,2,7283,269,316716,82549,2666.083333333333,0.8379655365849499,3,234167,0.256365,0.205092,579.1992714153298,0.3822833512638376,0,59.0
2057-11-10,28,75524,581,Employed,Master,8,16461,12,Divorced,0,Own,194,0.2811819161625918,4,0,0.0911762983775736,0,Auto,0,35,26,6651,1938,29678,6501,6293.666666666667,0.801637977739726,7,23177,0.190961,0.1945651698532723,1520.5781906769716,0.2724291389243639,1,40.0
2057-11-16,26,23407,572,Unemployed,Master,7,17899,24,Widowed,4,Rent,367,0.2389698346739151,2,1,0.0763327419062582,0,Debt Consolidation,0,22,19,1215,861,48352,19510,1950.5833333333333,0.6877476815860107,6,28842,0.206899,0.2136366937155588,922.9521374633003,0.6613160870491565,0,55.0
2057-12-04,42,75989,557,Self-Employed,Master,22,16615,60,1,1,Rent,861,0.1943589795546756,0,0,0.0945248667228143,0,Debt Consolidation,0,27,13,1309,356,11540,40180,6332.416666666667,0.783843339239664,7,7773,0.2431149999999999,0.2681381044161157,505.4971167356613,0.2157939359753113,0,52.0
2057-12-09,34,75022,611,Self-Employed,Master,13,18344,36,Divorced,1,Rent,1499,0.1535035114912371,2,1,0.2865271670621499,0,Other,0,22,1,1351,23078,46910,19789,6251.833333333333,0.8458780404601721,2,27121,0.197844,0.1842004158380619,667.0512708787979,0.3464665731458182,0,55.0
2057-12-11,41,87048,636,Employed,Master,19,22518,60,0,2,Own,787,0.3066007920613113,3,1,0.352280913955958,0,Debt Consolidation,0,22,20,6254,429,76843,12532,7254.0,0.7822449882657214,5,64311,0.209518,0.206354418770844,604.5788211048621,0.1918360657712795,1,38.400000000000006
2057-12-19,50,77912,632,Employed,Master,29,9649,36,0,3,Other,326,0.3516798444362816,2,0,0.2866827150613037,0,Home,0,25,17,2717,4006,18772,3086,6492.666666666667,0.9533884786372138,5,15686,0.178649,0.1489499823799701,333.98981813055207,0.1016515789296465,1,39.2
2057-12-27,65,66648,660,Employed,Master,45,28223,84,0,0,Mortgage,461,0.4322170628963854,3,0,0.0531512851403784,0,Home,0,23,1,3963,590,43012,43311,5554.0,0.8227607024840862,2,1349,0.223223,0.2378795891411877,692.646362010392,0.207714505223333,0,49.0
2057-12-30,36,32742,534,Unemployed,Master,16,16054,24,0,3,Own,900,0.505131057925272,2,4,0.3430918484248744,0,Debt Consolidation,0,22,28,5083,6787,446136,29393,2728.5,0.8248949202728529,5,416743,0.224054,0.2270152517624628,838.4239880973461,0.6371354180309129,0,53.0
2058-01-02,41,104981,589,Employed,Master,21,28091,36,1,5,Own,197,0.1954844494653964,3,1,0.0979655298283078,0,Auto,1,22,11,1138,1707,43118,40941,8748.416666666666,0.8072259118816716,3,2177,0.218591,0.2100390167313441,1058.386591164894,0.1434987197109832,1,43.2
2058-01-07,32,45905,588,Self-Employed,Master,11,38297,96,1,1,Other,484,0.5733960390942375,5,2,0.3356509915941415,0,Auto,0,15,8,200,2874,35215,10689,3825.4166666666665,0.8570549339111769,5,24526,0.279297,0.2614590872724755,955.031334279998,0.376176364477943,0,60.0
2058-01-09,55,34286,608,Employed,Master,32,24841,24,1,0,Rent,253,0.4652344737304179,7,2,0.1776124705424992,0,Home,0,18,18,3478,379,103454,56864,2857.1666666666665,0.8479890131286255,2,46590,0.195841,0.2123770071221122,1279.3730844471086,0.5363261101722366,0,49.0
2058-01-13,37,52495,608,Employed,Master,16,23743,84,0,0,Own,276,0.142883134670543,1,1,0.3891783483469733,0,Auto,0,22,4,7676,4022,11698,13734,4374.583333333333,0.7901291372951966,2,6120,0.244743,0.2582759525040824,613.5944256153784,0.2033552358774081,0,53.0
2058-01-25,47,29656,611,Employed,Master,24,17382,36,1,1,Own,479,0.3364335554913949,4,1,0.2505574643883914,0,Home,0,23,28,666,2061,180841,28118,2471.333333333333,0.7871653564015878,3,152723,0.196882,0.1978285055689166,644.0558088556585,0.4544331570767434,0,47.0
2058-02-09,39,60724,628,Employed,Master,18,24779,96,Divorced,1,Other,561,0.4138702124640946,5,2,0.6151031223546052,0,Auto,0,23,21,5678,20331,195892,8973,5060.333333333333,0.8090150069903487,4,186919,0.245779,0.234514390606141,573.746481922544,0.2242434257142238,0,52.0
2058-02-10,54,22011,624,Self-Employed,Master,28,11992,48,0,2,Mortgage,447,0.5356999682938726,5,1,0.1885910676807614,0,Auto,0,20,3,1930,525,64877,100666,1834.25,0.9070844429299176,6,3428,0.194992,0.1745758531583438,348.875153980652,0.4338967719670993,0,56.0
2058-02-11,26,34397,558,Employed,Master,5,22342,48,Widowed,2,Mortgage,223,0.4634112438521257,2,0,0.3015404530791234,0,Home,0,19,5,1911,484,116622,29619,2866.4166666666665,0.5166908081035302,10,87003,0.238342,0.2318766165569942,718.3930721186634,0.3284215735507155,0,56.0
2058-02-15,65,39266,606,Employed,Master,42,30993,24,Divorced,0,Own,320,0.0990123182078787,5,0,0.3615382644929601,0,Education,0,25,5,3025,3052,424435,15915,3272.1666666666665,0.6442354963625057,1,408520,0.2029929999999999,0.2435915999999999,1644.1949752968137,0.6002735115255377,0,47.0
2058-02-20,47,85864,609,Self-Employed,Master,25,45858,60,0,1,Rent,315,0.1616901237651024,5,1,0.3147555356834858,0,Home,0,22,21,4177,521,181158,40971,7155.333333333333,0.8076053096721332,6,140187,0.246358,0.2317170351062325,1297.286540607821,0.2253265453192706,1,38.400000000000006
2058-02-27,66,42265,585,Employed,Master,44,6404,120,1,0,Mortgage,298,0.2036099359801985,3,0,0.5211579911432122,1,Debt Consolidation,0,18,24,4569,930,28714,10115,3522.083333333333,0.4087939827337758,8,18599,0.268904,0.2797080389018962,159.3033651946239,0.1298388828187741,0,71.0
2058-03-02,45,152324,646,Employed,Master,20,23731,60,1,3,Rent,1111,0.1660572685754211,4,1,0.1539614944550278,0,Auto,0,17,9,1236,1275,287512,4591,12693.666666666666,0.861236335612861,5,282921,0.205731,0.2282861184318803,666.6533680081518,0.1400425436313241,1,31.200000000000003
2058-03-20,54,47874,471,Employed,Master,35,12204,84,Divorced,2,Mortgage,486,0.118712016428568,6,1,0.0511309478985625,0,Education,0,27,9,4125,4825,27461,13529,3989.5,0.8356484360299532,4,13932,0.3017039999999999,0.2830317330145089,335.1338681570172,0.2058237543945399,0,51.0
2058-03-26,46,35948,597,Employed,Master,21,16967,48,0,0,Mortgage,566,0.1205482452402755,4,2,0.3361594221699479,0,Auto,0,17,7,2480,898,107484,21726,2995.6666666666665,0.8319885353668125,12,85758,0.213467,0.235788994561969,549.2128618928505,0.3722753516945089,0,53.0
2058-03-29,30,30070,530,Employed,Master,6,14053,48,0,3,Other,454,0.3303773125124003,3,4,0.31409953659129,0,Debt Consolidation,0,17,11,3400,2477,231057,79778,2505.833333333333,0.9851590508538188,3,151279,0.244053,0.1952424,424.0837966121426,0.3504158815878188,0,51.0
2058-04-05,21,84712,517,Employed,Master,0,14786,12,0,2,Rent,811,0.4565794649911383,2,0,0.2842525974959534,0,Home,0,18,21,2752,241,121348,68720,7059.333333333333,0.940182913687016,10,52628,0.221286,0.2409522933502516,1398.8397038226883,0.3130380164070293,1,40.0
2058-04-15,32,85065,609,Employed,Master,10,23939,60,1,2,Mortgage,240,0.4042159909844319,4,0,0.2583424423414123,0,Debt Consolidation,0,32,6,4353,769,25450,173704,7088.75,0.7998965579310536,8,8792,0.224439,0.1795512,607.3089485454093,0.1195286825668008,1,40.8
2058-04-23,45,42569,589,Unemployed,Master,21,32207,36,Widowed,2,Rent,253,0.5098351226151043,2,1,0.0923051756334855,0,Home,0,30,25,9118,3026,23183,15301,3547.4166666666665,0.8074253766359887,7,7882,0.222707,0.2063968897745092,1207.450844581548,0.4116941937790076,0,55.0
2058-05-11,46,26330,603,Unemployed,Master,21,31083,60,1,1,Mortgage,429,0.4334042699761053,3,0,0.5660581211745601,0,Education,0,14,14,5527,893,141396,56420,2194.1666666666665,0.8338940465767545,3,84976,0.2345829999999999,0.1934120697327783,812.1570606294056,0.565662162079486,0,59.0
2058-05-14,47,70638,568,Employed,Master,18,34975,72,1,3,Rent,447,0.2634184880270119,5,4,0.6788930394145001,0,Debt Consolidation,1,24,9,7429,2280,314454,29014,5886.5,0.6038051328834231,4,285440,0.2659749999999999,0.2602476424587925,964.2394201568734,0.2397416835397729,0,59.0
2058-06-02,18,24788,596,Employed,Master,0,11022,36,Divorced,2,Mortgage,393,0.3773155768961778,5,1,0.252952267901917,0,Auto,0,27,24,465,1909,75109,42743,2065.6666666666665,0.9459540682709472,5,32366,0.198022,0.172906137455494,394.5603654937345,0.3812620778572218,0,54.0
2058-06-06,42,33665,600,Employed,Master,18,33539,84,0,2,Rent,574,0.3668523163077609,3,2,0.415450058167393,0,Auto,0,22,7,3306,727,24741,5536,2805.4166666666665,0.7662439879336086,4,19205,0.258539,0.2115285676290693,768.2290129598199,0.4784419472899997,0,55.0
2058-06-14,51,38022,573,Employed,Master,28,32934,120,Widowed,1,Own,391,0.364800229649624,5,1,0.117678272517385,0,Home,0,34,21,5204,1010,96000,4651,3168.5,0.6059904359726896,5,91349,0.301434,0.3285209243533471,938.3362203775328,0.4195474894674239,0,49.0
2058-06-27,34,149298,606,Employed,Master,14,29823,72,1,1,Other,863,0.2129796441737132,2,0,0.1629242004761158,0,Auto,0,26,29,1732,923,198698,2272,12441.5,0.7564632827430421,7,196426,0.2418229999999999,0.2394047622781489,784.0677955096701,0.132384985372316,1,32.800000000000004
2058-06-28,35,129281,643,Employed,Master,12,8440,60,0,3,Rent,407,0.3240636323880949,2,0,0.3624774936403422,1,Auto,0,29,12,2018,684,91022,6416,10773.416666666666,0.8434879149679693,5,84606,0.19194,0.1915812483228801,219.67324067240463,0.0581684771008025,1,47.2
2058-06-29,40,25479,633,Employed,Master,18,23390,96,Divorced,1,Mortgage,589,0.5551075265561759,2,1,0.210058486405919,0,Auto,0,22,3,15042,813,174425,18661,2123.25,0.9129819612876072,3,155764,0.24189,0.2374310380473501,546.0375181930906,0.5345755413602217,0,51.0
2058-07-13,40,59593,540,Employed,Master,16,17168,108,0,2,Rent,527,0.5924767598277483,4,1,0.4052454621794395,0,Education,0,31,23,4396,1034,52607,7313,4966.083333333333,0.9158204611745664,9,45294,0.292168,0.266001035889181,419.894936368408,0.1906723815955044,0,57.0
2058-07-15,32,31564,575,Employed,Master,13,32539,120,1,0,Mortgage,624,0.2568505734719386,5,2,0.2325077648304877,0,Auto,0,23,14,15384,2022,124474,16402,2630.333333333333,0.8838657345294559,5,108072,0.300039,0.2972638391040595,851.2174602199669,0.5608481029856673,0,49.0
2058-08-16,34,85562,565,Employed,Master,10,21886,60,1,1,Rent,506,0.3710546383284872,0,0,0.4117347018709452,0,Education,1,27,6,14796,2389,17185,135024,7130.166666666667,0.8735004538108767,4,7024,0.244386,0.2358995435117455,624.4175011519718,0.1585401231133407,0,63.0
2058-08-20,42,67291,516,Employed,Master,19,37505,84,1,5,Other,319,0.2801070356590355,1,2,0.3952505595544601,0,Debt Consolidation,0,24,6,147,783,49188,2639,5607.583333333333,0.9253872551160692,8,46549,0.304505,0.3077986375809847,1092.1184669722213,0.2516446717044873,0,56.0
2058-08-27,55,78551,671,Employed,Master,33,21198,72,1,1,Own,533,0.2096732087507578,4,2,0.1626900453721906,0,Education,0,23,8,1027,989,62017,5611,6545.916666666667,0.8018734017749348,2,56406,0.200698,0.1870616917787803,491.9802418631047,0.1565831485577173,1,34.4
2058-09-09,35,30814,554,Employed,Master,10,44215,36,Divorced,1,Rent,690,0.3168216346618462,2,2,0.1839024489914023,0,Auto,0,21,20,11308,778,22600,37639,2567.833333333333,0.9530181071594276,6,7453,0.2522149999999999,0.2481555754333533,1753.670434409975,0.9516468232920005,0,51.0
2058-09-14,52,211371,656,Employed,Master,31,34892,96,1,0,Mortgage,469,0.559558947087476,7,0,0.1987342297083231,0,Debt Consolidation,0,16,28,362,545,22863,38461,17614.25,0.7793742132321968,2,8030,0.241892,0.2318616075284787,801.8869141190554,0.0721510659902667,1,34.4
2058-09-16,50,23082,552,Employed,Master,30,18123,60,1,0,Mortgage,646,0.432787524546924,1,2,0.1682805097609534,0,Debt Consolidation,0,20,13,1372,905,37624,17929,1923.5,0.8288614206970798,6,19695,0.2471229999999999,0.2596701382473014,542.2572692404249,0.6177578732729009,0,53.0
2058-09-20,41,56699,532,Employed,Master,21,23044,48,0,0,Rent,329,0.2296328695100501,3,0,0.2941344367929865,0,Home,0,22,18,411,249,166886,7253,4724.916666666667,0.9543502143928564,3,159633,0.252044,0.2486914088469788,762.3919437110611,0.2309864957853354,0,48.0
2058-09-26,38,33773,600,Self-Employed,Master,16,15499,48,0,1,Mortgage,855,0.232913252287758,1,0,0.0868704954045271,0,Debt Consolidation,0,23,13,5942,1249,34046,9006,2814.4166666666665,0.9508401209468724,9,25040,0.210499,0.2187234871807676,487.2392334927039,0.4769156071984262,0,51.0
2058-09-28,41,37633,586,Employed,Master,20,45092,48,1,2,Mortgage,754,0.3505633926553461,2,0,0.5699890262803344,0,Education,0,33,4,2378,839,60073,82434,3136.083333333333,0.5655913017108056,4,8901,0.247092,0.2647340697520328,1532.4151353949228,0.7290670853968345,0,62.0
2058-10-19,43,67086,625,Employed,Master,20,41350,48,Divorced,0,Mortgage,870,0.4345717351906082,2,1,0.6410088815742817,0,Auto,0,29,12,837,1276,54723,20824,5590.5,0.8141140356407558,4,33899,0.22385,0.2278607364291649,1320.4865365694277,0.3918230098505371,0,56.0
2058-10-20,33,49686,573,Employed,Master,11,24286,12,0,3,Mortgage,462,0.0286375277197725,2,2,0.0375011808947835,0,Auto,0,17,4,1611,857,161318,19279,4140.5,0.8947318808628784,8,142039,0.202786,0.219901166899499,2272.917587229185,0.6605283389033172,0,49.0
2058-10-28,35,46721,618,Employed,Master,13,26003,48,1,0,Rent,572,0.1142446628013304,3,1,0.1770822969536383,0,Debt Consolidation,0,29,24,1316,1458,17508,98110,3893.4166666666665,0.7739309006599864,1,9779,0.212003,0.2419646624323689,850.5722783183523,0.3653788947115907,0,47.0
2058-10-30,77,18248,605,Employed,Master,58,24891,60,0,1,Mortgage,402,0.4721767484032075,3,0,0.5265862830431646,0,Home,0,16,3,1593,1638,57699,288872,1520.6666666666667,0.8179785438067805,5,2792,0.227391,0.2230057582173372,691.7228979069738,0.7192390823588165,0,61.0
2058-10-31,38,32227,605,Self-Employed,Master,14,14106,120,1,0,Own,381,0.4678058052300111,4,2,0.1828236293023192,0,Debt Consolidation,0,25,23,4093,1333,174006,10533,2685.583333333333,0.7271260045717101,2,163473,0.266606,0.2132848,285.14466668636175,0.2480446830370912,1,38.400000000000006
2058-11-08,18,52690,518,Employed,Master,0,10147,48,0,5,Rent,774,0.5978901571534003,4,1,0.219294275150847,0,Debt Consolidation,0,25,10,7197,1123,29055,5739,4390.833333333333,0.9399076741704996,1,23316,0.246147,0.2827735001742683,355.2569160456194,0.2571851013958518,0,53.0
2058-11-15,20,41748,529,Employed,Master,0,18023,60,Divorced,1,Mortgage,293,0.0811303934948355,2,1,0.2192144063867993,0,Debt Consolidation,0,30,2,4781,2490,398355,7819,3479.0,0.8327792883056031,4,390536,0.258523,0.2314808627845371,509.6114535413901,0.2307017687672866,1,40.0
2058-12-01,39,20837,629,Employed,Master,16,11003,12,1,1,Own,219,0.3187501364134867,4,0,0.3464457424955362,0,Other,0,22,24,843,4249,62745,57170,1736.4166666666667,0.8729216333989228,6,5575,0.161503,0.1576246764448289,997.0752542702872,0.7003360873083191,0,53.0
2058-12-03,40,50743,573,Employed,Master,21,7778,36,1,1,Mortgage,1040,0.5908635908637058,2,0,0.2392688237255803,0,Auto,0,25,7,2845,2883,52233,18096,4228.583333333333,0.6258996400399404,7,34137,0.206278,0.2223122054278691,297.9765359803602,0.3164124791944568,0,54.0
2058-12-07,62,139616,644,Employed,Master,41,15843,36,0,3,Own,603,0.2370738445040375,2,1,0.0514292006910728,0,Auto,0,26,10,3143,9311,157235,47187,11634.666666666666,0.5128663005552624,6,110048,0.178843,0.1943276175877301,584.213660954167,0.1020410549754326,1,32.800000000000004
2058-12-10,30,50464,576,Employed,Master,7,34246,72,0,1,Own,446,0.150303220077601,3,2,0.3741370572713195,0,Home,0,22,23,14771,1253,101135,4958,4205.333333333333,0.4743850740801112,5,96177,0.261246,0.2573359273171691,937.96603628268,0.3290978209296164,0,51.0
2058-12-12,43,61256,573,Employed,Master,22,17085,60,Divorced,3,Rent,579,0.1726094533356129,2,0,0.2983333181569612,0,Home,0,25,22,2509,467,114467,106807,5104.666666666667,0.8025284346057558,2,7660,0.235585,0.2220931484023977,473.9046372631592,0.2062631521346139,1,40.8
2058-12-27,45,70572,660,Employed,Master,26,19708,60,1,1,Other,150,0.2175206957617459,0,2,0.1616795575726358,0,Auto,0,26,20,1474,243,26159,31726,5881.0,0.7184538119481855,8,7032,0.194708,0.2148771226443365,538.5887330390876,0.1170870146300098,0,44.0
2059-01-04,26,51514,513,Employed,Master,5,26287,24,0,5,Other,253,0.284984309623769,2,1,0.3766527192589443,0,Home,0,16,24,6281,550,76662,184168,4292.833333333333,0.7345839224107288,5,8890,0.244787,0.2709741656592274,1430.7916373847147,0.3922331725087661,0,54.0
2059-01-05,46,162507,589,Employed,Master,22,15107,84,1,0,Other,648,0.2676565741328013,3,1,0.2674708033465045,0,Home,0,26,4,2313,262,35608,22840,13542.25,0.9339995378671212,6,12768,0.245607,0.25973926186239,391.8400702122045,0.0767848821438242,1,42.400000000000006
2059-01-15,36,65895,591,Employed,Master,15,42675,24,1,0,Rent,687,0.440455203450583,4,1,0.4397006212173029,0,Education,0,24,18,678,770,231706,7171,5491.25,0.883301777963375,4,224535,0.2221749999999999,0.2666099999999999,2313.3484638131627,0.5463871548032165,0,53.0
2059-01-21,29,57826,549,Self-Employed,Master,4,14868,48,1,0,Mortgage,357,0.6124154249070357,3,2,0.1845390126279222,0,Home,0,32,20,4014,1306,80599,61616,4818.833333333333,0.7305931417559647,3,18983,0.235368,0.2293983925428535,476.0513453624238,0.1728740729835901,1,44.0
2059-01-26,38,71126,603,Employed,Master,14,49759,48,1,2,Own,327,0.5343173886853626,3,1,0.1569867647505558,0,Auto,0,25,22,288,474,45059,19863,5927.166666666667,0.702428271572311,4,25196,0.243259,0.2382260932865502,1617.358838176613,0.3280418701757354,0,48.0
2059-01-29,51,65737,678,Self-Employed,Master,29,57588,48,1,1,Mortgage,386,0.6124567165655774,5,0,0.279340204245809,0,Education,0,17,15,1204,3762,178248,27825,5478.083333333333,0.6754344794559833,5,150423,0.213588,0.2190158259639013,1811.296463537174,0.4011067977310508,0,47.0
2059-01-31,29,39630,601,Unemployed,Master,7,11701,48,1,2,Mortgage,526,0.404916056730955,3,1,0.2473882648946795,0,Home,0,20,2,7054,197,13003,10607,3302.5,0.9098532675900808,7,2396,0.206201,0.21210682739066,363.6568497793604,0.2693889022798971,0,58.0
2059-02-10,51,36734,588,Employed,Master,27,45592,96,1,3,Mortgage,334,0.0343243441262308,3,1,0.0257172302358648,0,Debt Consolidation,0,24,7,800,587,72162,49017,3061.1666666666665,0.965403459144968,9,23145,0.286592,0.3301175257996013,1354.2857555280043,0.5515170976843266,0,51.0
2059-03-02,54,55278,542,Employed,Master,31,29971,48,1,0,Rent,395,0.3035288052957788,2,1,0.2432259661249817,0,Home,0,20,23,1174,3986,24341,357065,4606.5,0.8435589726246573,0,9024,0.253971,0.2225856256849819,948.4807741775012,0.2916489252529037,0,52.0
2059-03-03,40,34580,618,Employed,Master,17,23166,72,1,0,Mortgage,263,0.1134518261404998,4,3,0.3815214119040896,0,Auto,1,27,1,8769,1491,49315,15879,2881.6666666666665,0.6396053266729828,6,33436,0.229166,0.2196267233907365,581.5586939158331,0.2930799400517639,0,61.0
2059-03-11,42,253770,669,Employed,Master,20,25831,48,Widowed,0,Rent,1011,0.2813298520440273,2,3,0.1496839860179364,0,Other,0,28,25,9429,1043,87684,13108,21147.5,0.6219635193629857,8,74576,0.186331,0.2235972,818.886403500362,0.0865296797966834,1,32.0
2059-03-16,44,19918,544,Employed,Master,20,29937,60,0,0,Mortgage,704,0.4727714576651221,5,1,0.1084483261112173,0,Auto,0,21,24,1076,1722,105369,47982,1659.8333333333333,0.9846917838795785,3,57387,0.262937,0.2776400503163808,927.8555062696388,0.9831441949611238,0,51.0
2059-04-01,47,22589,651,Employed,Master,25,19606,48,0,4,Mortgage,264,0.1441344425426357,3,2,0.5406835740783303,0,Debt Consolidation,0,25,26,4708,2200,40490,20603,1882.4166666666667,0.9180586476184202,7,19887,0.189106,0.1931451329032515,589.4805884572759,0.4533962132669578,0,53.0
2059-04-05,34,88256,517,Employed,Master,9,23107,24,1,1,Own,660,0.4479183935512674,1,1,0.2089659079474967,1,Education,0,21,8,8746,1523,50076,59573,4475.5,0.8645126292353621,5,4842,0.239607,0.2335880690373513,1214.3101378794977,0.4187934617091939,0,65.0
2059-04-08,52,40606,609,Employed,Master,34,27663,72,1,1,Mortgage,298,0.2172415925621329,2,0,0.3876439144086905,0,Auto,0,27,19,396,609,108657,18189,3383.833333333333,0.8469302598984707,6,90468,0.2381629999999999,0.2123776385447163,682.60337911528,0.2897906848589706,0,50.0
2059-04-12,19,170787,604,Employed,Master,0,11486,60,Divorced,1,Other,371,0.2900695783183512,1,0,0.5200881216678162,0,Home,0,20,22,2623,1431,23470,35682,14232.25,0.8692739979005621,5,10775,0.214486,0.2031267467470148,306.3104937867879,0.0475898395395519,1,42.400000000000006
2059-04-18,40,59333,563,Employed,Master,17,23722,60,1,1,Other,686,0.2644545947891471,5,0,0.1304069643984251,0,Home,0,28,3,1689,1233,190629,8905,4944.416666666667,0.7758699436393511,5,181724,0.247222,0.2966664,762.6370151654344,0.2929844130919591,0,49.0
2059-04-20,18,73538,573,Employed,Master,0,40563,12,1,0,Other,698,0.0458731468887218,3,1,0.1366445642555215,0,Education,0,23,15,6823,1381,28231,12931,6128.166666666667,0.6205043189374797,3,15300,0.219063,0.2099882983005966,3776.95122465783,0.7302267493798303,0,49.0
2059-04-24,33,54193,586,Employed,Master,9,23593,60,1,0,Mortgage,435,0.2318427634472307,6,2,0.290171963932004,0,Education,0,26,8,14877,932,156867,18618,4516.083333333333,0.7056559462637572,4,138249,0.235593,0.2607383223353256,707.417103238995,0.252966346924288,0,49.0
2059-04-26,30,45872,550,Self-Employed,Master,10,11608,108,1,0,Rent,337,0.6711568313003776,5,0,0.3267275504455642,0,Debt Consolidation,1,30,17,3781,2443,12334,7104,3822.6666666666665,0.8747018391975222,4,5230,0.2816079999999999,0.2788493518897026,294.3687651763201,0.1651644833910848,0,66.0
2059-06-01,45,55422,547,Employed,Master,20,14819,60,0,1,Rent,642,0.1821453522956168,4,2,0.493454002563079,0,Education,1,28,11,1154,460,102918,18602,4618.5,0.6561122842012302,6,84316,0.246319,0.245525948113518,431.0788737956648,0.2323435907319832,0,59.0
2059-06-05,34,50155,532,Employed,Master,10,16531,108,0,2,Mortgage,599,0.0961795400767351,7,3,0.1166100865577164,0,Auto,0,22,15,3177,1316,19419,15702,4179.583333333333,0.7220856264525286,6,3717,0.295531,0.3364078615587688,488.0719047757812,0.2600909751233052,0,49.0
2059-06-11,33,121658,638,Employed,Master,12,19601,36,1,2,Rent,263,0.1000766740863303,8,2,0.2420979155665936,0,Home,0,26,3,5580,979,30713,20386,10138.166666666666,0.7907294653484626,6,10327,0.185601,0.1967675652474489,725.2191062277628,0.0974751292535892,1,39.2
2059-06-24,35,58058,656,Employed,Master,11,35031,36,0,2,Mortgage,194,0.3950896205190053,2,0,0.2178762669410157,0,Home,0,22,11,367,1741,46513,41570,4838.166666666667,0.8301176435571536,2,4943,0.192031,0.172726323036805,1253.7090415374068,0.2992267818121341,0,46.0
2059-06-25,47,41040,553,Employed,Master,28,33748,36,0,0,Mortgage,430,0.1718050294935575,1,1,0.1221163111223528,0,Auto,0,24,26,3662,3241,79944,22581,3420.0,0.8910943585825201,1,57363,0.242248,0.2492570555461071,1340.4888866940096,0.5176868089748566,0,48.0
2059-07-04,44,277314,577,Unemployed,Master,23,8986,48,1,1,Mortgage,448,0.3654612233802506,5,2,0.0649244023008862,0,Education,0,31,13,1291,199,84152,30476,23109.5,0.8594600641460971,8,53676,0.215486,0.2001857487038867,273.536174681663,0.0312224918185881,1,39.2
2059-07-10,30,33026,575,Employed,Master,6,27294,60,1,3,Rent,292,0.0385063092803496,5,1,0.2589840955220331,0,Debt Consolidation,0,32,10,1244,1062,63433,49063,2752.1666666666665,0.9199289337003212,10,14370,0.244794,0.2345778875651761,776.6264611571274,0.3882855184971092,0,52.0
2059-07-12,34,102471,643,Employed,Master,15,14826,48,0,0,Own,770,0.6464571682612349,1,1,0.6821904067520956,0,Education,0,25,5,1822,626,86994,127581,8539.25,0.3792907123137771,5,10608,0.188326,0.1611027226376566,421.0107907298871,0.1394748708293921,1,46.400000000000006
2059-07-14,18,48814,556,Employed,Master,0,19941,36,Divorced,0,Own,565,0.4426964260011373,1,1,0.3358889949186016,0,Debt Consolidation,0,30,21,1306,989,45862,29016,4067.8333333333335,0.7607395101389794,3,16846,0.2269409999999999,0.2357460965786968,777.8953574257285,0.3301254617345175,0,56.0
2059-07-28,28,167910,587,Employed,Master,4,20774,48,1,0,Rent,552,0.3177982730838418,2,1,0.3173615133683589,0,Auto,0,26,23,1208,579,97325,9534,13992.5,0.6750672809261212,2,87791,0.222274,0.2202043265691147,654.7377242389896,0.0862417526702869,1,40.0
2059-08-03,39,58120,610,Employed,Master,19,11612,36,1,2,Mortgage,726,0.3539922793987302,4,0,0.1318456392216809,0,Debt Consolidation,0,27,23,3535,4143,246717,133475,4843.333333333333,0.4463299455567714,2,113242,0.191612,0.1876973837159826,424.2990534812234,0.2375015251509752,1,34.4
2059-08-19,47,38749,638,Employed,Master,21,33365,60,0,1,Rent,221,0.1745864962581978,1,0,0.5669757766675751,0,Home,0,17,13,1488,2904,328506,96100,3229.083333333333,0.900971513803892,5,232406,0.219365,0.2448189287546724,969.1983425195704,0.3685870631560774,0,51.0
2059-08-29,60,53023,553,Employed,Master,37,11265,24,Divorced,2,Mortgage,197,0.2932985532385479,0,2,0.2082874586045698,0,Auto,0,18,9,2238,593,23126,11750,4418.583333333333,0.8759878280776433,5,11376,0.2097649999999999,0.1869748023640337,566.1987233657441,0.1727247549250123,1,42.400000000000006
2059-09-07,43,34448,545,Employed,Master,24,25994,36,1,5,Rent,221,0.5519798146203795,3,0,0.5228404284146071,0,Home,1,34,20,15953,1318,42017,83298,2870.6666666666665,0.7524314345129705,9,8695,0.2384939999999999,0.2641435075044325,1053.0603602515048,0.443820376306841,0,66.0
2059-09-15,37,92572,630,Unemployed,Master,16,52206,36,1,3,Mortgage,357,0.119112124825734,2,4,0.215989660003176,0,Education,0,22,23,8011,2565,180866,49517,7714.333333333333,0.6849420517107103,4,131349,0.222206,0.2284456860583534,2016.6528831782025,0.3076938447709721,0,46.0
2059-09-20,41,32687,556,Employed,Master,18,20989,48,Divorced,3,Rent,362,0.192819109032043,4,2,0.1044103886014185,0,Home,0,33,5,5449,129,91574,107558,2723.9166666666665,0.6710409384233885,4,10308,0.237989,0.238618464564094,682.6778546147162,0.3835204899616543,0,52.0
2059-09-24,51,32134,578,Employed,Master,30,25786,24,1,1,Own,416,0.5593459849256012,0,1,0.1884376985611817,0,Other,0,23,17,1916,1313,133675,33397,2677.833333333333,0.9168794059163358,3,100278,0.211786,0.2121597851781227,1327.767467568793,0.651185959134422,0,48.0
2059-09-28,26,91228,574,Employed,Master,5,43029,72,1,4,Mortgage,367,0.2574192051358374,3,1,0.206593262689128,0,Home,0,22,16,8796,371,26051,8505,7602.333333333333,0.7821296005030379,4,17546,0.271029,0.2549233329031666,1172.112948783774,0.2024527051497927,0,51.0
2059-09-29,44,56857,481,Unemployed,Master,22,18391,60,0,2,Rent,353,0.3217364575852353,5,3,0.4348668833502753,0,Home,0,19,16,4679,724,134715,12890,4738.083333333333,0.9535249052290002,3,121825,0.282891,0.2821975900783086,575.0595699755718,0.1958723611816814,0,55.0
2059-09-30,24,45498,604,Self-Employed,Master,0,20475,48,1,0,Mortgage,360,0.4312975171826052,4,0,0.3434848689216913,0,Home,0,23,15,3777,1040,24502,13805,3791.5,0.563866917005207,5,10697,0.213475,0.25617,685.9572154546471,0.2758689741407483,0,56.0
2059-10-04,44,35432,578,Employed,Master,22,47399,60,1,2,Mortgage,916,0.5730162111640755,3,1,0.4083217902200791,0,Home,1,22,9,1114,380,343268,33037,2952.6666666666665,0.948005845396999,5,310231,0.263399,0.2788320516263292,1472.4688023741214,0.808919215073647,0,59.0
2059-10-05,45,112983,586,Employed,Master,21,26832,72,0,0,Own,581,0.4935584985279409,5,0,0.5299944439160185,1,Debt Consolidation,0,19,29,7418,1334,19160,8140,9415.25,0.908194710202128,1,11020,0.248832,0.2605236754388682,740.2013152476467,0.1403256753933933,0,70.0
2059-10-14,52,55905,624,Self-Employed,Master,33,11573,60,1,1,Mortgage,408,0.3422327995576499,2,0,0.3763216982659337,0,Home,0,20,16,2604,2144,221472,2678,4658.75,0.8824920562875638,5,218794,0.204573,0.211187191847218,313.86190311486894,0.1549475509771653,1,40.0
2059-10-16,28,110862,635,Employed,Master,6,17165,12,0,1,Mortgage,288,0.64664255815648,4,2,0.0540987158026935,0,Debt Consolidation,0,29,28,7078,915,75528,5878,9238.5,0.8691713436009922,6,69650,0.164665,0.1481135690611728,1547.7563997211682,0.1987071926959104,1,36.8
2059-10-19,44,72770,585,Employed,Master,22,28573,48,1,1,Mortgage,267,0.493006244753776,2,2,0.3893723874810894,0,Debt Consolidation,0,26,7,987,742,35168,5163,6064.166666666667,0.9767145857558572,6,30005,0.231073,0.232836023396936,920.2521236514752,0.1957815787249924,0,56.0
2059-10-21,51,248901,633,Employed,Master,29,31666,12,0,1,Rent,306,0.252315472048688,3,0,0.4036998363266723,0,Home,0,26,8,4879,3890,17567,22733,20741.75,0.5633616093848343,3,4131,0.180166,0.1759199284695933,2896.9934199924714,0.1544225255820975,1,41.6
2059-10-24,40,74990,650,Employed,Master,15,18040,84,1,1,Rent,212,0.5530779203396721,3,2,0.4932076314156981,1,Home,0,22,29,10641,2727,13368,88883,6249.166666666667,0.798466179451317,6,2275,0.21804,0.2385827461019324,443.5364641108941,0.1048998209005297,0,63.0
2059-10-28,18,73166,567,Employed,Master,0,20956,84,0,3,Mortgage,211,0.4420379287817967,3,2,0.2646917735568597,0,Debt Consolidation,0,28,9,4478,980,103325,50638,6097.166666666667,0.8728581970567321,7,52687,0.262456,0.2099648,478.0080261591348,0.113004623922445,1,41.6
2059-11-02,43,63545,643,Employed,Master,17,22080,96,Divorced,2,Mortgage,319,0.5184526883771209,3,1,0.1754980410379873,0,Home,0,17,24,2726,190,29135,19432,5295.416666666667,0.9575807175384468,5,9703,0.23558,0.2761608262547171,572.5877105157806,0.1683696990508988,0,48.0
2059-11-03,28,26902,528,Employed,Master,3,28511,36,0,1,Other,181,0.1940267300546682,5,2,0.4558758931563694,0,Debt Consolidation,0,20,25,2081,467,174803,267425,2241.833333333333,0.9319953238439032,1,7126,0.249511,0.2080520472059527,1071.304419490989,0.5586072795291007,0,57.0
2059-11-04,48,162086,621,Employed,Master,30,38138,36,1,1,Own,184,0.4357175041771058,6,1,0.1417304913811555,0,Home,0,27,17,8582,7296,20409,50136,13507.166666666666,0.8375736495763138,5,3035,0.212638,0.2222657711037294,1460.9816568381343,0.1217858413561789,1,36.8
2059-11-13,50,97864,577,Employed,Master,30,22996,60,Divorced,0,Rent,308,0.3881586677829677,2,1,0.3307101151303962,0,Education,0,20,18,8885,551,193832,17538,8155.333333333333,0.8707027337511273,3,176294,0.239496,0.2486461058947393,673.1389691935983,0.12030642146574,1,39.2
2059-11-18,32,15000,568,Employed,Master,11,9831,36,1,1,Mortgage,268,0.3306364274933845,1,1,0.0732707277281196,0,Home,0,20,25,2264,3005,11940,11332,1250.0,0.9519809543140502,7,5363,0.210831,0.1834302667021526,357.10819677138267,0.5000865574171061,0,52.0
2059-11-26,46,100912,549,Self-Employed,Master,23,15900,96,0,1,Mortgage,540,0.3088843852509537,2,1,0.1737363822209336,0,Debt Consolidation,0,21,26,3639,465,33347,7549,8409.333333333334,0.8860350648084022,6,25798,0.2764,0.3038795583545676,442.7775506646984,0.1168674747104049,1,41.6
2059-12-03,37,84506,435,Employed,Master,14,23550,24,0,2,Rent,444,0.0902273006785374,4,1,0.0948279081971052,1,Home,0,18,21,2946,1165,159799,44512,7042.166666666667,0.8838082139379133,3,115287,0.28105,0.2432145605997095,1248.895937628653,0.2403941880049207,1,44.8
2059-12-07,18,179124,508,Employed,Master,0,18835,36,Divorced,2,Mortgage,265,0.2079423856331383,2,0,0.3846900024054057,0,Auto,0,36,9,4858,537,256193,161784,14927.0,0.7802941655585505,5,94409,0.249835,0.2303697728249149,729.4606560394205,0.0666216022000013,1,40.8
2059-12-09,37,56160,528,Employed,Master,12,12284,36,0,0,Own,352,0.1112927147266189,0,1,0.097962114263205,0,Education,0,19,21,2329,1153,90388,4308,4680.0,0.8496728652483948,8,86080,0.233284,0.2577014408321986,493.427116344365,0.1806468197317019,0,47.0
2059-12-10,34,103317,497,Employed,Master,15,41437,48,1,0,Mortgage,387,0.2219114844923077,2,3,0.4071025953771738,0,Education,0,24,18,1257,761,22525,71597,8609.75,0.811310161368538,4,3711,0.287937,0.294818974529741,1479.5198787715472,0.2167914142421728,0,55.0
2059-12-12,47,66912,654,Employed,Master,29,17687,48,1,0,Rent,477,0.4836879064175619,4,1,0.5664103218206126,0,Home,1,20,28,690,2111,394951,36888,5576.0,0.7752413362616427,3,358063,0.185687,0.1727997337584546,512.9246671997294,0.1775331182208983,1,42.400000000000006
2059-12-16,34,25586,530,Employed,Master,9,11415,84,1,0,Mortgage,512,0.2850322160549985,6,0,0.2060078624491241,0,Education,0,26,21,6942,1122,8064,51889,2132.1666666666665,0.7463478341145564,3,8966,0.271415,0.2657408125502121,300.5189471989555,0.381076657796743,0,54.0
2059-12-19,21,18921,629,Employed,Master,0,47013,48,1,3,Rent,305,0.6422470346782307,2,1,0.2398364989035867,0,Auto,0,28,23,1169,3212,27923,38038,1576.75,0.8016478467723387,6,1529,0.227513,0.2730156,1619.7698794453192,1.2207197586461511,0,53.0
2059-12-20,40,67465,549,Employed,Master,15,22159,48,1,3,Mortgage,450,0.2435734070617195,3,2,0.5907246039870332,0,Education,0,26,6,4245,1951,9218,10296,5622.083333333333,0.8469379298744049,5,10704,0.242659,0.2278291012293912,707.5955535886677,0.2059015288381236,0,60.0
2059-12-23,30,59916,620,Employed,Master,9,21035,60,Divorced,0,Rent,537,0.4247872819613605,2,1,0.5944290549671761,0,Other,0,22,1,2271,696,192368,24432,4993.0,0.529258641403852,4,167936,0.216035,0.2052507403012265,563.4621953183926,0.2204010004643285,0,56.0
2059-12-24,58,30315,629,Employed,Master,35,18217,12,0,4,Rent,740,0.319084336180804,5,2,0.3743587777788975,0,Auto,0,22,9,15498,702,16200,13549,2526.25,0.8533078175148177,3,2651,0.168717,0.1730522105211988,1664.1168090390315,0.951654352910057,0,53.0
2060-01-11,35,15000,624,Employed,Master,16,18240,72,0,2,Rent,278,0.5793077455850358,5,0,0.0556009844251764,0,Debt Consolidation,0,30,11,3887,768,124864,8232,1250.0,0.8539894116338513,8,116632,0.22124,0.2467872562143314,487.7444067712441,0.6125955254169952,0,46.0
2060-01-15,48,82757,585,Employed,Master,24,19809,48,0,3,Rent,540,0.2611233700110507,5,1,0.1022190743129427,0,Education,0,26,23,1153,20540,216860,38741,6896.416666666667,0.9275161657867296,0,178119,0.222309,0.1889109469874186,591.1536611675543,0.164020492937282,1,36.0
2060-01-20,28,29139,578,Employed,Master,8,15781,48,0,2,Mortgage,563,0.3635970592720886,3,0,0.2806233920104873,1,Auto,0,26,8,2122,1938,32137,20725,2428.25,0.7789452689973391,2,11412,0.221781,0.2169650225164781,494.60086493850486,0.4355403541391969,0,67.0
2060-02-02,42,45016,585,Employed,Master,19,18739,48,1,2,Mortgage,356,0.3954679730065539,1,3,0.2727411101225697,0,Debt Consolidation,0,13,11,3498,478,140276,6477,3751.3333333333335,0.9354912119843464,4,133799,0.221239,0.2080619362666373,578.3145544659604,0.2490619924824845,0,49.0
2060-02-16,21,75379,594,Employed,Master,0,29461,60,0,2,Rent,623,0.2547739193747737,2,0,0.5485232210938641,0,Home,0,29,22,1993,141,234283,1836,6281.583333333333,0.8541598669819495,4,232447,0.2374609999999999,0.2581194819459396,878.7992658935914,0.239079732959088,0,54.0
2060-02-27,38,130425,619,Unemployed,Master,13,14081,60,Divorced,0,Mortgage,551,0.1913236368017889,5,1,0.273902512489052,0,Auto,0,18,8,12776,800,77926,43421,10868.75,0.7923331392631345,5,34505,0.209581,0.1983729453719303,371.7867437248182,0.0849027481287929,1,40.0
2060-03-02,49,161939,570,Unemployed,Master,25,18219,84,1,0,Rent,363,0.1829052690875976,1,1,0.0279015286411125,0,Auto,0,22,14,1902,947,25110,9932,13494.916666666666,0.7173993818190916,2,15178,0.258219,0.2795789733050096,496.1562397561008,0.0636651756344871,1,40.0
2060-03-03,23,48733,602,Employed,Master,0,14202,36,1,2,Own,176,0.3980259757681524,0,1,0.5929184912949274,0,Auto,0,26,5,2067,1755,192899,21033,4061.0833333333335,0.7043869521223479,6,171866,0.198202,0.202848003225107,529.8603682785748,0.1738108554643239,1,43.2
2060-03-09,38,20064,486,Self-Employed,Master,16,31751,48,Divorced,2,Rent,664,0.1915324736651375,5,1,0.3184734728914402,0,Home,0,19,20,1348,982,5158,3998,1672.0,0.7971284532486925,5,1160,0.283751,0.2877260160041087,1120.672048968221,1.067387589095826,0,58.0
2060-03-13,34,43276,634,Employed,Master,13,36087,60,0,1,Own,436,0.2311049226714792,5,2,0.1515259694538363,0,Auto,0,19,19,1060,986,16893,51430,3606.3333333333335,0.7577360958954883,9,2668,0.224087,0.2302232205890228,1017.7723954301632,0.4031164789990285,0,48.0
2060-03-27,45,60377,617,Employed,Master,24,11495,60,1,4,Other,516,0.1567713210081425,2,0,0.2573431674800716,0,Auto,0,32,22,8761,1024,35239,15522,5031.416666666667,0.3579301765138349,7,19717,0.207995,0.2259831102747105,321.40209449672847,0.1664346544869858,1,38.400000000000006
2060-03-31,32,29619,605,Self-Employed,Master,6,31047,108,1,0,Own,269,0.6251768509621365,2,1,0.2792705011669256,0,Debt Consolidation,0,29,1,2953,868,35448,4743,2468.25,0.8538784001054587,3,30705,0.273547,0.2816607211339731,793.4933627524781,0.4304642409611984,0,60.0
2060-04-01,47,97849,658,Employed,Master,24,15342,60,1,1,Own,478,0.2323175409071154,0,0,0.1769642914406852,0,Debt Consolidation,0,27,19,3332,267,364514,2050,8154.083333333333,0.6895400735354253,3,362464,0.191342,0.1800443146603048,389.6229496262886,0.1064034930915539,1,29.6
2060-04-10,42,32995,593,Employed,Master,19,10117,96,0,1,Mortgage,212,0.3826715881948991,2,0,0.0756175236494604,0,Debt Consolidation,0,29,16,4132,341,272835,25323,2749.583333333333,0.9272067177594752,3,247512,0.2486169999999999,0.2101227180108469,218.41354531939308,0.1565377343183123,1,37.6
2060-04-12,58,85260,646,Employed,Master,35,29767,72,1,3,Mortgage,369,0.5178731120960098,2,1,0.3900543623586131,0,Debt Consolidation,1,39,3,11933,390,94529,13130,7105.0,0.8020744708829584,6,81399,0.221767,0.2202264272106243,748.3295590318195,0.1572596142198197,0,58.0
2060-04-14,32,32648,621,Employed,Master,12,30776,12,1,0,Other,203,0.189278067345992,3,0,0.1566016652148681,0,Auto,0,13,25,3237,111,36965,13601,2720.6666666666665,0.7513532772374505,1,23364,0.185276,0.1811647172668975,2823.249670123384,1.112319163240646,0,47.0
2060-04-16,36,69634,536,Employed,Master,15,38198,36,1,2,Own,589,0.1497052795011535,2,2,0.2630994239671838,0,Auto,0,22,16,1274,2742,122780,31825,5802.833333333333,0.6069928861489801,8,90955,0.255198,0.2475737894079158,1513.8485893661525,0.3623830753998597,0,49.0
2060-04-19,53,86002,630,Unemployed,Master,31,13940,96,1,2,Mortgage,487,0.0401249753820946,2,2,0.6215409939466556,0,Education,1,25,15,1794,348,25857,27979,7166.833333333333,0.6955683930603911,6,5037,0.23394,0.2216323894104644,311.1642197872279,0.1113691616177151,0,62.0
2060-04-22,37,77895,581,Employed,Master,14,47522,36,Divorced,0,Mortgage,520,0.2123267673953196,1,1,0.3379372898074885,0,Debt Consolidation,0,15,6,984,1445,115590,16292,6491.25,0.8979502391852817,4,99298,0.242022,0.2770641255711885,1958.1505581275544,0.3817678502796155,0,54.0
2060-04-24,50,52719,658,Employed,Master,29,36494,72,Divorced,0,Other,1120,0.4928455387103049,2,2,0.2023510267912815,0,Auto,0,24,27,2836,1487,117844,59343,4393.25,0.6348837340381159,3,58501,0.222494,0.2210228140790483,919.1698118554264,0.4641597477620045,0,45.0
2060-05-03,47,61993,615,Employed,Master,26,46479,36,1,3,Rent,591,0.2524039792044295,7,1,0.0983971483716723,0,Home,0,23,23,4725,377,69981,44026,5166.083333333333,0.9749705113188608,5,25955,0.2239789999999999,0.2260835824198705,1789.7154058263654,0.4608356567663508,0,47.0
2060-05-07,32,122346,527,Employed,Master,10,31851,60,Widowed,3,Mortgage,423,0.1383608659564228,3,0,0.044124041672956,0,Education,0,21,22,4179,876,34131,20672,10195.5,0.9007495210106812,5,13459,0.273351,0.2926728565038096,1016.1994417974915,0.1411602610757188,1,37.6
2060-05-12,53,36468,633,Employed,Master,30,28594,60,Divorced,2,Other,309,0.0668074283637237,0,1,0.5832785473305587,0,Education,0,22,13,1278,721,27147,21118,3039.0,0.6732265322454096,4,6029,0.217094,0.2109446666944598,775.084028006691,0.3567239315586347,0,55.0
2060-05-13,55,112560,645,Self-Employed,Master,33,21706,60,1,0,Mortgage,513,0.241142838171409,3,0,0.0222904293087444,0,Debt Consolidation,0,25,28,1518,177,107368,123892,9380.0,0.6496740432345115,9,1478,0.204206,0.2183830737468164,597.5023092695689,0.1183904380884401,1,39.2
2060-05-14,29,37912,587,Employed,Master,4,26672,72,0,0,Mortgage,352,0.5561757486478038,0,2,0.6056543742459886,0,Auto,0,21,24,4929,228,77263,166105,3159.333333333333,0.9777858621383244,3,2818,0.248172,0.2429716524829472,707.008514852773,0.3351999941504873,0,60.0
2060-05-27,74,21018,664,Employed,Master,55,9862,24,1,0,Rent,595,0.0908176849699268,1,1,0.2247875896278368,0,Home,0,26,22,1472,607,51706,14654,1751.5,0.764935157836789,7,37052,0.152862,0.1720528108204075,488.5729233835242,0.6186542525740931,0,47.0
2060-05-28,43,225337,550,Employed,Master,21,16381,72,1,2,Rent,459,0.1006288097958265,1,1,0.273191456771448,0,Other,0,29,7,1903,7439,174380,127825,18778.08333333333,0.9386937968535276,4,46555,0.2563809999999999,0.266791503303173,458.2850395964104,0.0488487042747392,1,40.0
2060-05-29,41,42513,598,Employed,Master,20,25924,24,1,0,Rent,425,0.2975764356654274,2,0,0.0526547229359858,0,Home,0,25,9,1528,4553,69782,30565,3542.75,0.3482107661186468,5,39217,0.201924,0.2289110773522778,1356.3244872710534,0.5028084079517475,0,52.0
2060-06-04,49,67592,660,Employed,Master,24,12108,12,0,1,Rent,377,0.1460853018385999,4,2,0.6102640423182316,0,Home,0,26,15,4559,1036,62582,21890,5632.666666666667,0.7617869645370537,4,40692,0.147108,0.1493162500857253,1092.4570299106033,0.2608812338579601,1,40.8
2060-06-08,38,46134,579,Employed,Master,16,26188,48,1,0,Rent,415,0.3594918933767023,3,1,0.2955116657796599,0,Other,0,21,26,2161,1175,39105,15255,3844.5,0.7738761001862863,2,23850,0.231688,0.2309514372864724,840.7296509358264,0.3266301602122061,0,53.0
2060-06-12,55,37730,641,Employed,Master,29,8993,60,Divorced,1,Rent,418,0.2955132823306364,3,1,0.2026796447298335,0,Other,0,24,13,1318,115,131639,1038,3144.1666666666665,0.9534844495495348,4,130601,0.193493,0.1871711129583861,231.8857952141734,0.2066957207148179,1,36.8
2060-06-19,52,188730,684,Employed,Master,28,20768,48,1,2,Mortgage,478,0.0309163629553366,4,1,0.0958332593885295,0,Education,0,21,16,2159,1268,157943,11037,15727.5,0.932017877923182,8,146906,0.173768,0.1810607732440631,611.2117660665608,0.069255238662633,1,29.6
2060-07-03,35,33566,598,Employed,Master,11,38556,84,1,1,Mortgage,376,0.6253745981802966,4,0,0.290137309135252,1,Home,0,27,18,1149,2805,200870,22645,2797.1666666666665,0.9178402356001948,5,178225,0.264556,0.2763422419847859,1041.775279881079,0.5068612095147754,0,63.0
2060-07-06,33,27348,614,Employed,Master,10,17587,36,1,0,Rent,1259,0.5251364004263496,2,0,0.358339866492901,0,Auto,1,22,26,337,2737,14581,35793,2279.0,0.8640758991730151,5,2768,0.1955869999999999,0.1815881240633488,637.2141805748901,0.8320378150833218,0,60.0
2060-07-20,18,31706,637,Employed,Master,0,54826,36,Divorced,0,Mortgage,228,0.4021234997489215,1,0,0.2832817063689361,0,Debt Consolidation,0,16,25,921,810,56790,12968,2642.1666666666665,0.9153516663405512,3,43822,0.221326,0.2257081315404242,2110.054493484668,0.8849004580147611,0,51.0
2060-07-22,30,46453,452,Unemployed,Master,6,21162,72,0,3,Own,372,0.2135965671277458,1,2,0.5385674463870699,0,Other,0,15,26,8533,1612,37388,26211,3871.0833333333335,0.8532211039928349,6,11177,0.310162,0.2996605253745371,636.1780469925048,0.2604382184984836,0,62.0
2060-07-31,18,38178,600,Self-Employed,Master,0,16370,12,1,1,Rent,643,0.0756823059668373,6,2,0.3978746848911429,0,Debt Consolidation,0,26,19,4722,1394,234878,1195,3181.5,0.8685013145684426,2,233683,0.18137,0.217644,1530.2844370330306,0.6831005616951219,0,50.0
2060-08-05,53,39284,590,Employed,Master,31,41126,96,Divorced,0,Own,296,0.5637730011637552,1,1,0.5494955282458632,0,Other,0,21,9,7937,1331,41544,40695,3273.6666666666665,0.9148796951197684,5,10283,0.281126,0.2681304758700905,1044.0701562786817,0.4093483829381982,0,61.0
2060-08-14,29,26742,570,Unemployed,Master,1,34620,72,0,3,Mortgage,805,0.1217070050675978,1,0,0.3534994356339165,0,Other,0,19,16,11979,3602,153944,39304,2228.5,0.806990714085965,3,114640,0.26462,0.2732875886569367,982.6385992074148,0.8021712359019137,0,54.0
2060-08-16,18,121087,545,Employed,Master,0,15085,48,1,4,Mortgage,342,0.0749891235874012,1,0,0.2666617349168678,0,Debt Consolidation,0,22,24,14987,152,36614,46216,10090.583333333334,0.6573240371427788,5,2662,0.237585,0.2544988621615296,503.9678689158321,0.0838373601376694,1,39.2
2060-08-22,43,183265,605,Employed,Master,21,23394,48,0,1,Rent,331,0.3007559424473108,4,0,0.1876890131785409,0,Auto,0,33,28,2377,1396,78245,29574,15272.083333333334,0.834991492437464,3,48671,0.215894,0.2148270106550284,730.4989439745291,0.0695058375996199,1,36.0
2060-08-24,40,135776,614,Employed,Master,17,17154,72,0,0,Own,993,0.3300691728956397,2,1,0.148133379494461,0,Debt Consolidation,1,17,14,2022,1299,15418,9943,11314.666666666666,0.7488474884738882,5,5475,0.225154,0.232855396225657,444.1996272930239,0.127020942784559,1,40.8
2060-09-03,36,26785,626,Employed,Master,15,44529,24,1,2,Rent,970,0.5973034029044322,4,1,0.3497089257504313,0,Education,0,28,10,1647,1479,20214,7353,2232.083333333333,0.7707342639787274,1,12861,0.206529,0.2219959147871851,2314.473653752925,1.4714834364396154,0,54.0
2060-09-15,52,15574,626,Unemployed,Master,31,12018,108,1,3,Mortgage,354,0.1328384995117033,3,1,0.4478303401876923,0,Auto,0,24,21,28226,599,65098,55514,1297.8333333333333,0.7366865711965537,2,9584,0.244018,0.259537253644212,288.5407408848445,0.4950872537959506,0,57.0
2060-09-24,50,33764,517,Employed,Master,28,35964,36,Divorced,0,Mortgage,220,0.2499690311422726,3,1,0.5671349538109127,0,Home,0,23,7,3880,393,28936,2409,2813.6666666666665,0.6884682820608142,1,26527,0.262464,0.2414364441680736,1413.6841880062643,0.5806246373674676,0,60.0
2060-10-08,31,26365,620,Unemployed,Master,11,12641,72,0,3,Mortgage,427,0.5967993894403161,1,0,0.4524039735252897,0,Home,0,27,5,3245,384,429630,53751,2197.083333333333,0.9691477271762108,8,375879,0.217641,0.1741128,284.12219974533247,0.3236664667909724,1,44.0
2060-10-12,69,53054,690,Unemployed,Master,48,13040,96,1,2,Rent,691,0.5366184042786181,2,1,0.63251224647578,0,Home,0,17,25,7081,1349,14586,3713,4421.166666666667,0.7574771502832951,6,10873,0.20304,0.210498058657129,281.8269503989476,0.220038515565035,0,56.0
2060-10-15,18,15000,594,Employed,Master,0,15430,96,1,0,Mortgage,470,0.2244179461598258,6,2,0.2154153357280194,0,Home,0,23,27,3440,2779,131037,43164,1250.0,0.8658911333673551,6,87873,0.25343,0.2781370239831888,402.2182292537819,0.6977745834030255,0,52.0
2060-10-19,18,45060,473,Employed,Master,0,13740,60,1,0,Other,427,0.1577666582325716,3,0,0.3406333999683705,0,Auto,0,29,8,1624,167,175881,109165,3755.0,0.8018276449357944,8,66716,0.28224,0.307876163675303,451.205743686635,0.2338763631655486,0,53.0
2060-10-27,42,112054,614,Employed,Master,19,12312,48,0,1,Own,483,0.0918267232657762,6,2,0.212478837456856,0,Education,0,27,1,3638,8371,13234,18239,9337.833333333334,0.7693011139115542,1,10280,0.200312,0.1737884348138511,357.6810244048973,0.0900295597913395,1,40.8
2060-11-21,50,40032,630,Employed,Master,27,16019,60,0,3,Own,440,0.184157567413879,4,0,0.323384638536334,0,Auto,0,34,29,25209,2057,76538,6112,3336.0,0.9538525732834184,11,70426,0.206019,0.2246593706945045,446.6814771399127,0.2657918096942184,0,49.0
2060-12-06,30,104708,634,Unemployed,Master,8,30546,108,1,1,Mortgage,378,0.4786367814843477,4,1,0.174915377641852,0,Auto,0,22,23,11396,420,23113,40321,8725.666666666666,0.8428385498199631,5,6443,0.258546,0.2549827481272644,723.7730954909298,0.1262680706907892,0,50.0
2060-12-08,48,101198,602,Employed,Master,27,37796,36,1,3,Other,1284,0.5461523404038151,2,1,0.342028512400837,0,Debt Consolidation,1,17,2,3353,1857,277136,13337,8433.166666666666,0.7022632511368407,7,263799,0.221796,0.2017461691647116,1407.9998404797986,0.3192157758627402,0,55.0
2060-12-10,53,56075,598,Employed,Master,30,21837,60,0,1,Own,487,0.1894698923735444,2,2,0.1318299023408407,0,Debt Consolidation,0,24,16,908,4517,241975,88714,4672.916666666667,0.7894552091354168,8,153261,0.227837,0.2163087391847432,598.5401339314186,0.2323046207254038,1,36.0
2060-12-18,37,61546,609,Employed,Master,17,49488,60,1,1,Rent,198,0.0521275012089366,3,2,0.382164721271354,0,Home,1,16,12,8302,384,20396,36419,5128.833333333333,0.9320008686525092,2,7051,0.249988,0.2999855999999999,1601.061084371927,0.3507739416446744,0,56.0
2060-12-28,28,68802,564,Employed,Master,4,14723,48,1,3,Own,307,0.2633466981573972,3,3,0.3946474306551625,0,Debt Consolidation,0,32,27,7861,877,113406,8931,5733.5,0.7523124939485223,12,104475,0.2277229999999999,0.2027217568673681,450.1640353562291,0.1320596555954005,1,40.0
2061-01-03,25,49359,585,Employed,Master,0,28966,36,1,1,Own,504,0.307612561476462,0,1,0.098904272892617,1,Home,0,18,5,7066,287,79572,58654,4113.25,0.7778478935345626,2,20918,0.221466,0.2055412695470447,1084.6761088945236,0.3862337832357682,0,65.0
2061-01-09,50,27982,576,Employed,Master,24,7164,36,0,5,Rent,246,0.2808081653630682,5,0,0.1627847352419687,0,Other,0,26,26,4852,762,387770,31071,2331.833333333333,0.9438081064389242,10,356699,0.204164,0.1741230453470224,256.8885922671108,0.2156623224646318,1,36.8
2061-01-17,27,46116,566,Employed,Master,4,21325,96,0,1,Mortgage,607,0.1099342390292496,5,1,0.0825845809595359,0,Education,0,15,29,3219,107,19530,85396,3843.0,0.7817268898583015,0,10354,0.273325,0.3042524004300249,594.4075237072475,0.3126223064551776,0,50.0
2061-01-28,40,43410,588,Employed,Master,17,29187,36,1,4,Mortgage,1034,0.0342273568947961,4,0,0.0650235919845791,0,Home,0,15,27,3834,2108,72400,104141,3617.5,0.8821563631083599,2,2101,0.220187,0.2548429578401254,1167.959006117707,0.6086963389406239,0,50.0
2061-01-31,45,89809,531,Employed,Master,22,13302,36,0,0,Rent,143,0.2395251006513598,5,1,0.0261797685407694,0,Home,0,24,11,2908,1234,23758,42754,7484.083333333333,0.7908671498966117,7,7903,0.232802,0.2364987349658761,519.433155018997,0.0885122633614444,1,39.2
2061-02-16,46,54594,637,Employed,Master,23,15989,48,1,0,Rent,1387,0.1594255483587749,3,3,0.4720211346603993,0,Home,0,13,20,2020,435,51425,52195,4549.5,0.7613284965759153,5,10589,0.192489,0.1986856494564373,485.4320905175095,0.4115687637141465,0,52.0
2061-02-28,58,27846,579,Employed,Master,36,24444,36,0,0,Own,274,0.5123788737790435,2,1,0.1517929508317784,0,Other,0,30,12,1346,6224,45439,15350,2320.5,0.8223020449694365,3,30089,0.219944,0.2410930060165928,960.411223956056,0.5319591570592785,0,53.0
2061-03-01,45,54163,648,Employed,Master,22,11290,60,1,1,Rent,314,0.3140511970254779,2,0,0.5605024716080081,0,Education,0,24,17,3778,1100,32377,84502,4513.583333333333,0.6727221053353801,5,5248,0.19229,0.1808055189699688,287.18675396538146,0.1331950048480434,1,44.0
2061-03-10,55,74248,594,Employed,Master,31,42078,108,1,3,Mortgage,178,0.5462843189551436,4,1,0.0364748459116925,1,Education,1,22,2,7301,2296,131548,26993,6187.333333333333,0.9070100933738572,2,104555,0.290078,0.271322580943532,1044.7901605027262,0.1976279755149325,0,69.0
2061-03-16,34,40489,639,Self-Employed,Master,12,23235,72,Widowed,2,Rent,818,0.3823686686524791,2,2,0.3154582561896516,0,Auto,0,19,17,11551,1212,538083,2744,3374.083333333333,0.7714683095242312,4,535339,0.218735,0.2356793095773858,605.6240354913376,0.4219291270689829,0,47.0
2061-03-20,48,45063,598,Unemployed,Master,25,41599,60,Widowed,0,Mortgage,555,0.3337994881690976,2,1,0.340338725794896,0,Home,0,30,17,653,3371,78800,12614,3755.25,0.9272583386947486,8,66186,0.247599,0.2017333229383088,1106.1349108983518,0.44235001954553,0,56.0
2061-03-23,46,42222,505,Employed,Master,24,30552,84,1,2,Mortgage,330,0.0738926115338329,0,0,0.2559636795039521,0,Auto,0,20,13,11311,713,60544,35313,3518.5,0.8799464656760143,8,25231,0.303052,0.3077233374274924,889.4963389049832,0.3465955205073136,0,52.0
2061-04-11,28,104154,614,Unemployed,Master,4,36636,12,Divorced,0,Rent,406,0.2871244884403865,4,0,0.102311131929966,0,Auto,0,23,6,365,1246,49497,40433,8679.5,0.8554748793537641,6,9064,0.194636,0.1756790644552172,3351.2590244299568,0.4328888789020055,0,51.0
2061-04-20,47,43251,550,Unemployed,Master,23,23218,36,0,3,Mortgage,293,0.4310169625024695,3,0,0.2369701376642812,1,Home,0,15,25,10158,3035,69947,7094,3604.25,0.9139735984418136,4,62853,0.2332179999999999,0.1959470121305617,858.0767974637872,0.3193665249257923,0,67.0
2061-04-23,49,59721,606,Self-Employed,Master,29,26958,60,1,4,Mortgage,304,0.0972346984784072,7,0,0.3358605598713854,0,Education,0,26,22,1851,146,267071,51016,4976.75,0.9613419528727944,6,216055,0.228958,0.2378387004988408,772.1486330265152,0.2162352203800703,1,39.2
2061-05-04,36,22239,571,Self-Employed,Master,12,19546,84,Divorced,2,Mortgage,409,0.1603620259814524,3,2,0.1562102504276465,0,Debt Consolidation,1,22,11,6945,4687,73040,50520,1853.25,0.8976151499692935,7,22520,0.259046,0.2524663274782433,497.8276199523469,0.4893174800768093,0,60.0
2061-05-09,34,172485,639,Employed,Master,14,33353,48,Divorced,1,Rent,349,0.6437223826596221,3,1,0.358401986379004,0,Auto,0,18,1,1385,465,19410,74697,14373.75,0.7678665373710072,4,8161,0.208853,0.2246148130905324,1059.1961115268489,0.0979699877573248,1,44.0
2061-05-11,40,40539,540,Employed,Master,17,22677,60,1,2,Own,303,0.4386564200251986,3,0,0.2694554595166403,0,Debt Consolidation,0,22,6,3570,2920,56969,3084,3378.25,0.820924602819153,8,53885,0.257677,0.2730456237633622,696.5835131024884,0.2958879636209541,0,54.0
2061-05-14,32,58335,624,Employed,Master,9,20475,48,0,4,Mortgage,994,0.5950610475751577,9,1,0.6464038216352647,0,Other,0,26,5,981,2502,59936,26059,4861.25,0.8078349157496544,4,33877,0.203475,0.2307375574674941,657.0815456140949,0.3396413567732774,0,58.0
2061-05-31,33,157300,609,Employed,Master,10,23670,60,1,0,Mortgage,188,0.4241982078820712,5,0,0.3446235888760335,0,Other,0,20,13,7190,2660,14540,8249,13108.333333333334,0.8364670440598555,1,6291,0.2241699999999999,0.2660451337626586,717.1865869972631,0.0690542850856144,1,40.0
2061-06-20,36,45097,532,Unemployed,Master,12,13264,36,1,3,Rent,367,0.3155321230969553,2,1,0.1665165722345092,0,Auto,0,25,21,5895,1522,431732,160048,3758.0833333333335,0.7208467284288324,6,271684,0.232264,0.2434887079581336,522.8173104038785,0.2367742360876897,1,38.400000000000006
2061-06-22,33,121335,632,Employed,Master,8,19742,24,1,1,Mortgage,385,0.2568746155016491,3,0,0.3398313790011031,0,Education,1,25,24,4653,2053,75028,19895,10111.25,0.8869523033405995,4,55133,0.178742,0.1920092215749029,997.09516598435,0.1366888531076128,1,42.400000000000006
2061-07-13,27,38188,511,Employed,Master,2,82633,60,0,0,Rent,602,0.2330823671531187,2,1,0.2550078038785313,0,Debt Consolidation,0,26,26,2941,1105,106607,18860,3182.333333333333,0.8263606094400755,8,87747,0.332133,0.3459130582825352,2911.0849573714413,1.103933683053768,0,51.0
2061-07-16,53,88640,627,Employed,Master,29,43030,24,Widowed,1,Mortgage,465,0.4072437963767372,4,1,0.5054715884198556,0,Auto,0,20,8,1779,3037,53122,15603,7386.666666666667,0.9573992232740932,3,37519,0.20453,0.2109979538418297,2213.2343408398683,0.362576851196733,0,56.0
2061-07-17,48,28409,572,Employed,Master,26,24910,48,1,2,Mortgage,273,0.3678667508459671,0,0,0.444919791025707,0,Debt Consolidation,0,16,6,5595,1249,29255,13647,2367.4166666666665,0.8438953916007658,5,15608,0.23391,0.2588731492208744,838.319650388222,0.4694229224773369,0,60.0
2061-07-31,39,47557,598,Employed,Master,16,17804,24,0,2,Mortgage,449,0.3890607764470536,2,3,0.4992175086056585,0,Home,0,27,13,6851,3627,19877,17973,3963.0833333333335,0.933620757522738,2,1904,0.193804,0.2252042651344027,928.2207026228156,0.347512425751704,0,57.0
2061-08-18,53,77498,569,Employed,Master,29,21276,108,0,4,Mortgage,285,0.4320536582653265,1,0,0.0723814331753119,0,Home,0,30,4,7191,1906,35670,108307,6458.166666666667,0.6983750540499305,2,5169,0.281776,0.2831619435517881,546.0298244194291,0.12867890646253,0,54.0
2061-08-19,24,42657,533,Employed,Master,1,23508,24,0,1,Mortgage,198,0.4188536200514995,2,1,0.2427736562474122,0,Auto,1,26,22,2147,2030,4757,4255,3554.75,0.7786651710103526,5,8481,0.232008,0.2389747575308738,1241.6911581040497,0.4050048971387719,0,60.0
2061-08-22,25,35541,617,Unemployed,Master,5,36742,36,0,1,Mortgage,211,0.4213032077143719,4,0,0.3151622694830862,0,Home,0,23,21,1340,1884,22292,4002,2961.75,0.9356618099899824,5,18290,0.213242,0.1972094961742773,1360.24587995136,0.5305126631050426,0,56.0
2061-08-30,45,82442,616,Employed,Master,25,21371,12,0,1,Own,869,0.3299789979181652,3,1,0.308962851931654,0,Other,0,26,24,9491,7086,118255,10964,6870.166666666667,0.9661064839288688,8,107291,0.178371,0.1546319582660948,1933.5845151189667,0.4079354477260086,1,36.8
2061-09-09,50,143928,618,Employed,Master,26,17121,36,0,0,Rent,919,0.3880156502358082,3,2,0.3675684115517173,0,Home,0,31,8,246,2296,217621,3666,11994.0,0.8900928409774591,6,213955,0.193121,0.1795054393264679,618.5404817675161,0.1281924697154841,1,36.8
2061-09-28,49,126400,608,Employed,Master,25,42653,48,Divorced,3,Rent,784,0.1971491516408019,7,1,0.3860572922499463,0,Auto,0,32,18,4103,351,76452,38763,5618.833333333333,0.8327508803727255,5,37689,0.233653,0.2452349046215397,1402.938804393606,0.3892158166393271,0,48.0
2061-10-10,43,37740,608,Employed,Master,21,29217,60,0,0,Own,620,0.2757586023291419,4,0,0.4590512999775838,0,Home,0,18,24,3353,3921,69601,30465,3145.0,0.9300367255038232,3,39136,0.230217,0.2136029619040327,796.3511000644419,0.4503501113082486,0,54.0
2061-10-25,34,51631,526,Employed,Master,11,13546,48,Divorced,3,Own,188,0.1081050550541753,3,1,0.160188214971585,0,Auto,0,22,26,634,3748,77065,3326,4302.583333333333,0.860677601122111,4,73739,0.245546,0.2631352930367776,459.1272908578849,0.1504043595958749,1,37.6
2061-10-27,61,96669,608,Employed,Master,39,18773,60,0,1,Mortgage,833,0.1548106967972153,5,3,0.0719234247692582,0,Other,0,13,4,8455,309,150569,54823,8055.75,0.8680733952610438,3,95746,0.219773,0.1895195298551745,486.485793079014,0.1637942827271221,1,36.8
2061-10-28,34,95232,637,Employed,Master,10,40416,24,1,0,Other,532,0.3766784859830623,4,0,0.3438504952497453,0,Debt Consolidation,0,29,24,1592,1429,138540,18891,7936.0,0.6788072285285301,5,119649,0.196916,0.2000404825589453,2057.084689065179,0.3262455505374469,1,36.8
2061-11-09,48,93849,564,Employed,Master,24,32749,72,Divorced,3,Mortgage,252,0.2772095378302709,9,0,0.0299054478669268,0,Education,0,26,29,1850,779,29719,8551,7820.75,0.8146963897500691,1,21168,0.265749,0.2705983856322492,924.0056166629072,0.1503699282885793,1,39.2
2061-11-13,49,53263,551,Employed,Master,28,31712,72,Divorced,0,Own,700,0.3735393335675851,3,0,0.2262293310377304,0,Auto,0,27,26,7034,1015,163556,11234,4438.583333333333,0.6900518845153263,7,152322,0.271212,0.2544602845396492,862.9315652436172,0.3521239656595273,0,48.0
2061-11-14,37,53679,607,Self-Employed,Master,17,22745,72,0,0,Mortgage,212,0.3933419614877878,3,1,0.0895217833066349,0,Auto,0,17,17,7612,1911,49176,96109,4473.25,0.8910323429360925,7,9387,0.2342449999999999,0.1967182440232149,540.4889543185147,0.1682197405283663,0,50.0
2061-11-19,60,73611,599,Employed,Master,35,17253,96,0,0,Mortgage,192,0.1388860322986111,2,0,0.6101599910814328,0,Other,0,17,12,17716,150,28614,5614,6134.25,0.4706321404925347,6,23000,0.252753,0.2166868759322616,379.6598559892197,0.0931914832276512,1,45.6
2061-12-01,42,36065,623,Employed,Master,19,12380,60,Widowed,2,Mortgage,238,0.3396718853920133,2,1,0.1813244565368662,0,Auto,0,31,3,5529,1416,56635,41939,3005.4166666666665,0.71758777933578,8,14696,0.20588,0.2369906100727558,353.988212034865,0.1969737569504611,0,51.0
2061-12-15,44,78318,576,Self-Employed,Master,21,12442,60,0,1,Mortgage,468,0.398095154895967,3,0,0.4663023101558429,0,Home,0,25,21,730,474,13286,10683,6526.5,0.7184396916657633,3,2603,0.229442,0.2650244998294042,376.2292403894692,0.1293540550661869,1,47.2
2061-12-22,56,29840,593,Employed,Master,30,36561,48,1,0,Other,678,0.152181733395243,3,0,0.1966518069227567,0,Education,0,14,10,736,576,9673,28180,2486.6666666666665,0.6632089325939488,4,3213,0.235061,0.1949400140205793,1102.731721792146,0.7161119524633295,0,51.0
2061-12-26,43,55687,553,Employed,Master,18,15592,60,1,0,Mortgage,711,0.1809272049062331,4,0,0.4158174156085535,0,Home,0,27,19,3912,4892,27458,411142,4640.583333333333,0.9286697648491616,4,1808,0.2440919999999999,0.2200750575725092,430.70061839808375,0.2460252378612065,1,44.0
2061-12-27,51,56602,561,Employed,Master,29,19082,36,Widowed,0,Other,255,0.4376745145758036,3,2,0.2394478715365163,0,Home,0,17,3,448,590,42717,3848,4716.833333333333,0.9512006734296448,6,38869,0.2235819999999999,0.1894021092635262,698.8934754179701,0.202231753383549,0,56.0
2061-12-28,33,163118,606,Employed,Master,12,14978,48,Divorced,3,Rent,241,0.3554381147054329,4,0,0.721547673312009,0,Auto,0,24,3,905,5820,9115,38669,13593.166666666666,0.789047391770603,6,6209,0.206978,0.2483735999999999,495.2697609775274,0.0541646975301948,1,44.8
2062-01-05,49,50968,648,Employed,Master,26,15263,24,0,1,Own,255,0.370446916639023,4,0,0.2279198016201217,0,Debt Consolidation,1,25,1,2684,1586,65246,32932,4247.333333333333,0.9273190075783184,5,32314,0.166263,0.142723376398349,734.7858449155376,0.2330370063370438,0,59.0
2062-01-06,48,26046,620,Employed,Master,27,12232,24,0,0,Rent,448,0.0611965549456625,3,1,0.2176359043906433,0,Home,0,28,7,20499,1508,308397,24739,2170.5,0.8447743218019889,5,283658,0.177232,0.1801872273937287,610.7822767280408,0.4878057022474272,0,45.0
2062-01-11,28,54247,553,Employed,Master,6,9242,36,Divorced,1,Rent,239,0.2913969899136812,1,1,0.3048991499686156,0,Home,1,19,21,4773,678,172429,51861,4520.583333333333,0.8038127319878706,8,120568,0.217742,0.2015045446216983,344.1747444321951,0.1290043123709392,1,44.8
2062-01-12,44,105048,651,Employed,Master,22,22491,48,0,1,Rent,320,0.3433532409934057,1,1,0.1637334024795243,0,Debt Consolidation,0,26,26,4464,418,148501,12377,8754.0,0.5114127216752742,5,136124,0.191991,0.1985600051767741,682.6849085203527,0.1145401997395879,1,31.200000000000003
2062-01-14,30,21885,499,Employed,Master,5,53165,60,0,3,Rent,378,0.0931415764942694,4,1,0.1941056071978053,0,Education,0,31,8,4131,504,13860,7615,1823.75,0.7705875264714923,5,6245,0.3086649999999999,0.3666586741565769,1943.903776406226,1.2731480610863473,0,52.0
2062-01-17,42,122613,650,Employed,Master,20,25800,36,Divorced,1,Rent,670,0.3167021926954393,1,4,0.7028046468448839,0,Other,0,24,4,4751,596,89690,57482,10217.75,0.7744392927668616,5,32208,0.1858,0.14864,892.6481571755179,0.1529346634215476,1,42.400000000000006
2062-01-24,48,41714,601,Self-Employed,Master,26,14571,36,1,5,Mortgage,835,0.3486713510910593,5,2,0.1416396154814446,0,Debt Consolidation,0,22,15,5865,222,29468,27081,3476.1666666666665,0.6878352544144974,6,2387,0.199071,0.1981085308052521,540.1073092230569,0.3955815244444714,0,51.0
2062-01-25,29,46936,541,Employed,Master,4,14433,96,1,0,Own,340,0.1368893580045062,3,2,0.1360157021466843,0,Home,0,32,16,1088,7173,245645,52293,3911.3333333333335,0.8740907693614005,4,193352,0.278933,0.2803366404331818,378.4003017567323,0.1836714594571498,0,46.0
2062-02-03,53,33380,579,Employed,Master,30,34531,24,1,1,Rent,357,0.0920522662097184,2,1,0.2618038230450598,0,Home,0,26,9,3397,952,163666,22499,2781.6666666666665,0.9723991645632026,3,141167,0.220031,0.1902877695379277,1741.1427880809306,0.7542754181237618,0,49.0
2062-02-09,37,32215,617,Employed,Master,15,29544,72,1,1,Own,465,0.1275508985858042,4,3,0.3018843650862866,0,Home,0,23,10,1272,1427,66297,98294,2684.583333333333,0.8385299754598912,5,8054,0.236044,0.2832528,857.1570884333549,0.4924999242961434,0,51.0
2062-02-10,49,109527,572,Employed,Master,23,24242,72,0,2,Rent,282,0.6566113339390794,3,2,0.1307546339952869,0,Education,0,23,17,3308,2785,69947,29627,9127.25,0.9061280411239884,11,40320,0.253242,0.2585228749190335,665.7461714447301,0.1038369904894387,1,40.8
2062-02-14,58,53580,494,Employed,Master,35,27856,36,Widowed,0,Mortgage,828,0.5030483929394111,3,1,0.2814167982037936,0,Auto,0,22,25,8071,979,291860,8098,4465.0,0.732725683305224,3,283762,0.265856,0.2498739334251363,1107.3639887839538,0.4334521811386235,1,37.6
2062-02-25,56,31900,647,Employed,Master,35,30328,48,Widowed,3,Own,211,0.1844256784479271,4,0,0.2674998009095243,0,Home,0,34,8,12948,578,79514,22639,2658.333333333333,0.7185618550318253,4,56875,0.201828,0.2421936,992.4299381138156,0.4527009171588021,0,48.0
2062-02-27,57,62762,655,Employed,Master,34,17577,48,1,3,Own,243,0.1551698324957643,1,0,0.415989004336142,0,Education,1,26,24,1234,434,148063,17066,5230.166666666667,0.8662196435204825,7,130997,0.185077,0.1994836115395108,534.3910039261563,0.1486359906808877,1,40.8
2062-03-12,39,77042,503,Employed,Master,14,15012,60,0,2,Own,401,0.0906405599311995,3,4,0.0834417483657024,0,Home,0,24,11,1746,1803,896891,18978,6420.166666666667,0.8750558394239624,6,877913,0.268512,0.2847947239508741,471.762850880299,0.1359408401983799,1,32.800000000000004
2062-03-16,36,79757,527,Self-Employed,Master,11,18127,72,1,4,Rent,286,0.5591052027762405,5,0,0.0646889781012309,0,Other,1,25,25,3887,12787,75607,36906,6646.416666666667,0.5936220833788999,6,38701,0.269627,0.2669486744803476,507.3101247889426,0.1193590718992353,0,60.0
2062-04-12,32,29777,604,Employed,Master,5,16332,48,Divorced,2,Rent,399,0.1045360689795952,0,1,0.2208826676797198,0,Education,0,28,13,460,311,79140,105522,2481.4166666666665,0.6789541242161407,4,3763,0.209332,0.2228885442796825,517.1218199932365,0.3691930630996688,0,50.0
2062-04-19,36,36253,560,Employed,Master,13,20192,60,Widowed,1,Mortgage,253,0.438626627022209,5,0,0.1796265660279604,0,Debt Consolidation,0,19,18,4858,980,34740,31563,3021.083333333333,0.8682229006597719,5,3177,0.2451919999999999,0.1961535999999999,530.6522052486282,0.2593944353014519,1,41.6
2062-04-20,39,15598,614,Unemployed,Master,20,10462,60,0,3,Own,461,0.0471199475072,1,2,0.2244316110469733,0,Auto,0,22,10,2932,808,8884,14851,1299.8333333333333,0.7305024279627089,5,4372,0.2084619999999999,0.2172863124985213,287.337177397242,0.5757177925866716,0,53.0
2062-04-21,46,82273,657,Employed,Master,24,22222,36,0,1,Rent,367,0.2220840369050113,5,3,0.1875890945922564,0,Education,0,24,6,3496,1670,24834,39193,6856.083333333333,0.900441019053903,8,2124,0.178722,0.1834313727694793,807.2088803885111,0.1712652579176903,1,36.0
2062-04-24,44,38991,632,Employed,Master,23,20372,36,1,1,Rent,450,0.0582750548138967,6,1,0.5339756922761715,0,Home,0,33,29,25921,78,147298,7596,3249.25,0.9196395615704692,2,139702,0.189372,0.2109712558299323,768.532756994725,0.3750196990058397,1,40.8
2062-04-29,48,58297,603,Employed,Master,27,37796,48,1,2,Mortgage,184,0.3367039125498933,2,2,0.253610893904867,0,Home,0,15,11,7370,3091,404591,47704,4858.083333333333,0.8501849845157077,12,356887,0.231296,0.2715638948067677,1299.0910845832118,0.305283170917861,0,43.0
2062-05-15,33,125669,640,Self-Employed,Master,11,15088,72,0,2,Mortgage,387,0.2216590392181932,3,1,0.5325122888502404,0,Auto,0,20,9,21354,514,126565,3017,10472.416666666666,0.5425908628670743,4,123548,0.210088,0.2202469297872321,379.32418826866177,0.0731754868680736,1,42.400000000000006
2062-05-17,34,137278,602,Employed,Master,9,27374,48,1,0,Mortgage,229,0.2898584679503272,3,5,0.1977847253405903,0,Auto,0,19,13,565,772,143178,39961,11439.833333333334,0.9245378443787312,6,103217,0.221374,0.2255959609627958,870.785092830799,0.0961364611516017,1,32.800000000000004
2062-05-31,37,47665,547,Employed,Master,9,17784,60,1,0,Own,247,0.0281211839431635,3,0,0.3464771493783614,0,Debt Consolidation,1,22,4,4264,630,61616,24354,3972.0833333333335,0.8048280578522253,8,37262,0.249284,0.2353429158901197,506.81355018530473,0.1897778789934681,0,63.0
2062-06-05,61,112493,637,Employed,Master,42,13165,72,0,1,Mortgage,233,0.1475881764371266,5,3,0.0347145125756423,0,Education,0,20,13,1028,803,49182,17854,9374.416666666666,0.6132707110487917,9,31328,0.209665,0.2288182099705802,337.7112832123632,0.0608796582769448,1,36.0
2062-06-11,51,70892,667,Unemployed,Master,27,21585,60,Divorced,1,Own,319,0.2299915579898487,3,0,0.623797975596133,0,Education,0,21,26,1850,615,45111,11092,5907.666666666667,0.4153330948580618,4,34019,0.193085,0.1793726949882577,547.3808035078172,0.1466536371112933,1,44.0
2062-06-12,38,90267,446,Unemployed,Master,19,11840,48,0,0,Rent,635,0.1213516883959676,2,2,0.4676459038578506,0,Other,0,11,28,2729,1516,144848,26831,7522.25,0.8789075152292155,4,118017,0.28384,0.2432588675931126,388.14194360872943,0.1360154134213472,1,42.400000000000006
2062-06-17,53,148638,558,Employed,Master,30,19522,48,Widowed,0,Own,615,0.5886289857930023,3,2,0.3430954168599054,0,Home,0,24,7,1110,1832,8574,12872,12386.5,0.7539687084184846,3,9094,0.235522,0.2504328808476001,647.7648781706107,0.1019468678133944,1,43.2
2062-06-25,58,195846,611,Employed,Master,36,15501,96,Widowed,2,Own,438,0.0650662665828691,3,1,0.472543827825676,0,Home,0,25,17,2247,213,159687,33236,8565.25,0.734584191950007,4,126451,0.2450009999999999,0.2940011999999999,420.9978957535855,0.1002887126182639,1,36.8
2062-07-06,18,159749,605,Employed,Master,0,11101,120,1,2,Rent,139,0.1027282613309496,2,0,0.2606879042923805,0,Home,0,21,29,4576,419,25756,20578,13312.416666666666,0.8487988267144111,4,5178,0.263601,0.2852164919639154,280.59423219987605,0.0315190128664249,1,36.8
2062-07-14,51,43417,672,Employed,Master,31,28904,48,1,0,Own,276,0.3958532711570727,0,2,0.3556326740567909,0,Debt Consolidation,0,23,9,11928,577,353446,8015,3618.0833333333335,0.8990736338063336,6,345431,0.187904,0.1569229637739616,814.5996211869152,0.3014302106143441,1,35.2
2062-07-28,55,51318,572,Unemployed,Master,30,23909,60,Divorced,1,Own,258,0.2252830186275199,1,1,0.4038135774500655,0,Auto,1,24,18,5060,1468,72675,32622,4276.5,0.7051699213981035,5,40053,0.2429089999999999,0.2236201196142557,665.2711114827086,0.2158940983240286,0,65.0
2062-07-31,50,60278,597,Employed,Master,26,31083,60,1,5,Own,317,0.3548113146780177,5,1,0.5556018672779455,0,Other,0,19,16,2017,365,12258,24356,5023.166666666667,0.6781943111188826,9,9788,0.237583,0.2624239935961199,935.1053521963348,0.2492661373362755,0,58.0
2062-08-01,47,55732,610,Unemployed,Master,24,19826,60,1,3,Mortgage,398,0.152508534913467,2,0,0.3304281400282114,0,Other,0,28,9,1880,402,66014,18702,4644.333333333333,0.8173323190672165,3,47312,0.219826,0.2229889920825632,550.9471800935639,0.2043236589593549,0,54.0
2062-08-06,43,63788,570,Employed,Master,24,31585,60,0,0,Rent,394,0.1360366148395253,2,2,0.2431769454501645,0,Other,0,25,14,1672,294,139288,11497,5315.666666666667,0.9934445527249772,9,127791,0.251585,0.2257966100481532,882.7848078097373,0.2401927900814706,0,47.0
2062-08-24,31,151275,580,Unemployed,Master,8,33129,60,1,4,Mortgage,307,0.2890932314280841,3,2,0.4045950954402899,1,Debt Consolidation,0,27,11,1708,167,14171,71378,6978.416666666667,0.8002477186602603,3,3067,0.248129,0.2679238531090579,1007.4979484199368,0.1883662170387174,0,69.0
2062-09-11,35,53818,619,Employed,Master,13,15702,96,1,2,Rent,367,0.1926417372157283,5,1,0.2307370668566449,0,Auto,0,23,11,1002,1582,29226,10363,4484.833333333333,0.7214965426673101,5,18863,0.241202,0.2247613934682467,353.6526430418995,0.1606866051600355,0,48.0
2062-09-13,49,38620,605,Employed,Master,22,13019,96,1,3,Mortgage,196,0.1380331351186288,2,1,0.1031130907920355,0,Home,0,30,5,3654,516,29027,6859,3218.333333333333,0.9130464815407184,13,22168,0.245519,0.2708683095367615,332.9286639440156,0.1643486268080835,0,49.0
2062-09-14,37,68149,581,Employed,Master,15,18205,60,0,2,Mortgage,557,0.7813889589126135,4,7,0.5289545645791915,0,Other,0,32,27,2631,2054,45703,20249,5679.083333333333,0.7763867128204184,7,25454,0.232705,0.1964729373483245,478.7553657308596,0.1823807302934792,1,48.0
2062-09-25,37,101898,608,Self-Employed,Master,15,15087,36,1,2,Other,473,0.2636846878449319,2,3,0.2150838627182833,0,Debt Consolidation,0,25,18,1763,755,28740,144699,8491.5,0.8924989055135211,6,9299,0.1960869999999999,0.1941964267083903,556.2356125120883,0.1212077503988798,1,40.8
2062-09-27,38,105503,648,Employed,Master,14,8046,36,Divorced,1,Rent,949,0.1652766965966044,3,2,0.1511243735438858,0,Debt Consolidation,0,21,9,4601,467,74388,3439,8791.916666666666,0.9351346091427256,9,70949,0.169046,0.1806047842800813,291.1263398978771,0.1410530134571957,1,35.2
2062-10-11,33,21252,466,Employed,Master,10,22283,96,Widowed,1,Mortgage,452,0.2574527278330592,2,1,0.2391994037895282,0,Debt Consolidation,0,22,23,2275,2394,81102,12379,1771.0,0.6096312301474475,4,68723,0.324283,0.3339930117399324,668.0911003738305,0.6324625072692437,0,52.0
2062-10-23,52,137485,626,Unemployed,Master,25,34149,24,0,1,Own,193,0.4771281046142927,0,0,0.202408992016398,0,Home,0,29,12,2703,1183,160736,16960,11457.083333333334,0.5112601977938711,4,143776,0.196149,0.1809520036422948,1706.42938192314,0.1657864682189161,1,37.6
2062-11-04,24,41290,528,Unemployed,Master,1,55740,48,0,0,Other,490,0.5452800700109688,3,1,0.2685646608503579,0,Other,0,18,26,13268,913,26281,13264,3440.833333333333,0.6999613129082969,2,13017,0.28674,0.3133047816366969,2050.335836713636,0.7382908704423257,0,57.0
2062-11-09,43,117630,659,Employed,Master,24,15813,60,Divorced,1,Rent,535,0.0673253148808184,4,0,0.0387613814004654,0,Auto,0,27,4,1242,702,13234,17964,9802.5,0.7511242737969321,3,1211,0.191313,0.211631872233043,429.24764288997113,0.0983675228655925,1,36.0
2062-11-14,46,51769,661,Employed,Master,23,49364,48,1,4,Rent,334,0.1785119134652175,5,0,0.1585956117647056,1,Home,1,33,23,7848,2101,47229,71109,4314.083333333333,0.7056127908940026,3,2291,0.213864,0.2325038898462264,1588.9685051905828,0.4457420862347543,0,61.0
2062-11-15,31,27923,561,Employed,Master,9,24606,72,1,2,Own,487,0.4387862352218808,7,2,0.2866446931372108,0,Home,1,22,10,3696,371,30851,7462,2326.9166666666665,0.967977223342712,5,23389,0.2591059999999999,0.2649020355231818,685.4926263548033,0.50388251678751,0,61.0
2062-11-17,44,239045,635,Employed,Master,23,13332,72,0,1,Rent,438,0.3477820268813413,3,0,0.3996241230588032,0,Debt Consolidation,0,35,28,1002,4317,9419,17669,19920.416666666668,0.9848381656891536,3,3516,0.210832,0.2252754448668943,339.16894935151805,0.0390136894401397,1,39.2
2062-12-01,40,60068,546,Employed,Master,16,16194,48,1,0,Rent,540,0.5952164425088611,4,1,0.141217189150021,0,Education,0,22,21,6655,784,24540,5302,5005.666666666667,0.9374196631697772,4,19238,0.238194,0.2268609830157898,516.2604185312275,0.211012935712438,1,40.8
2062-12-13,37,44947,568,Self-Employed,Master,15,29145,60,1,2,Rent,313,0.0719493900703047,1,0,0.0885376495611234,0,Education,0,20,11,383,1049,407778,8543,3745.5833333333335,0.8553007627473161,6,399235,0.250145,0.2512810986458335,857.6346746572033,0.3125373461162355,0,47.0
2062-12-17,53,66029,616,Employed,Master,32,24227,60,1,2,Rent,298,0.3141559672753112,3,0,0.069757082564132,0,Home,0,22,25,11861,1247,38011,28870,5502.416666666667,0.902864476050462,6,9141,0.221227,0.2131867750107037,659.7722487623358,0.1740639262316259,1,37.6
2062-12-31,42,47594,601,Employed,Master,20,15746,84,0,0,Mortgage,834,0.2704844255385231,3,1,0.1897156808165638,0,Debt Consolidation,0,19,5,3549,2881,64964,16817,3966.1666666666665,0.8123092477136779,0,48147,0.240246,0.2489696051615445,397.5202530166161,0.3105064301424422,0,50.0
2063-01-01,48,72404,619,Employed,Master,24,20063,48,Widowed,2,Mortgage,659,0.1757442587484297,6,0,0.5575765687476406,0,Other,1,26,5,8469,302,10488,12891,6033.666666666667,0.8907051701156395,4,4090,0.205563,0.1808546699504764,590.2470138553437,0.207046077098836,0,62.0
2063-01-08,48,33266,540,Employed,Master,24,18785,48,1,0,Own,666,0.1383036515726735,3,2,0.1853923701117712,0,Other,0,26,1,2789,5770,134850,49723,2772.1666666666665,0.6656508850206162,6,85127,0.243785,0.2169771958761099,588.7632353098359,0.4526290754439377,0,52.0
2063-01-10,19,68337,567,Employed,Master,0,31919,24,0,3,Other,382,0.3455329721306998,0,0,0.4056261727754072,0,Home,0,27,7,3655,107,17131,65376,5694.75,0.691140623788069,4,4129,0.2234189999999999,0.1970325353788979,1619.9196974945685,0.3515377668018031,0,57.0
2063-01-11,46,55445,608,Employed,Master,24,39648,48,0,0,Mortgage,269,0.1571088226889467,3,3,0.4381389777962768,0,Education,0,20,26,6394,1443,50817,2385,4620.416666666667,0.8355171137766955,4,48432,0.230648,0.2551687460773021,1326.069506796967,0.3452220052586095,0,52.0
2063-01-18,31,42483,540,Self-Employed,Master,10,58743,36,1,0,Other,373,0.0424421226856852,6,1,0.3580862847398031,0,Debt Consolidation,0,22,3,6395,1360,117581,60354,3540.25,0.6370278970597236,3,57227,0.2737429999999999,0.2790977383951855,2426.958697828058,0.7908929306766636,0,58.0
2063-01-19,37,87036,572,Employed,Master,16,20891,36,Divorced,4,Mortgage,319,0.182808907862768,3,2,0.190479073577887,0,Home,1,22,23,2659,729,74904,14166,7253.0,0.8864169428197841,3,60738,0.219891,0.1799359495534692,755.1925722748899,0.1481032086412367,1,41.6
2063-01-21,52,182710,633,Employed,Master,26,19173,36,0,2,Rent,248,0.4535848183536967,1,1,0.3957759448491821,0,Other,1,32,29,2017,2501,42976,5655,15225.833333333334,0.8582845332422484,7,37321,0.187673,0.1752114529466883,688.5529014131469,0.0615107811119137,1,44.8
2063-01-29,30,46427,601,Unemployed,Master,8,22377,72,0,0,Mortgage,391,0.4125093312175181,2,1,0.519794225455976,0,Debt Consolidation,0,31,1,2324,8115,10439,9535,3868.9166666666665,0.8251455558078061,4,3092,0.236877,0.2460331988231126,597.3378910624043,0.2554559780461553,0,64.0
2063-02-11,39,57488,602,Employed,Master,15,17953,60,1,2,Own,189,0.6076724508928074,5,0,0.1558300644126075,0,Home,0,15,25,3130,924,174562,5743,4790.666666666667,0.9674071881849148,0,168819,0.221953,0.2144301947236557,490.17371895765376,0.1417701890393098,1,36.0
2063-02-15,43,47762,564,Employed,Master,21,10840,48,1,0,Mortgage,690,0.1055401890273059,1,0,0.0761525529519029,0,Auto,0,20,16,532,971,21289,11331,3980.1666666666665,0.9420041774371728,5,9958,0.2238399999999999,0.2086971640717263,334.9089864703266,0.2575040374700373,1,40.0
2063-02-17,43,17106,603,Employed,Master,18,9587,36,Divorced,2,Mortgage,185,0.131395889798895,2,2,0.3093031644034289,0,Home,0,27,21,1206,172,29985,18636,1425.5,0.8413364343724993,4,11349,0.193087,0.2285008105004567,370.36140574214863,0.3895906038177121,0,52.0
2063-02-22,54,59389,541,Employed,Master,30,15201,84,Divorced,2,Mortgage,761,0.3160213397643753,4,0,0.2615975941996231,0,Auto,1,26,20,17164,565,248014,9303,4949.083333333333,0.7817345178534395,6,238711,0.2697009999999999,0.2540091756847602,388.66730275462953,0.2322990390990849,1,43.2
2063-03-01,32,74799,573,Employed,Master,12,22833,60,1,0,Mortgage,242,0.1738461131086311,7,1,0.1905744243696946,0,Debt Consolidation,0,24,5,1545,418,71964,16517,6233.25,0.6445694542855481,6,55447,0.241333,0.271942428487282,699.866394770586,0.1511035807597298,0,49.0
2063-03-02,46,64098,595,Employed,Master,25,17773,48,1,1,Rent,411,0.3484535456726207,3,0,0.3654573262704381,0,Auto,0,24,17,13808,766,14574,14007,5341.5,0.8265667985452333,3,1591,0.215273,0.222047532873778,561.935025482705,0.1821464055944407,1,43.2
2063-03-09,28,56274,491,Employed,Master,3,20655,72,1,2,Rent,264,0.4870886584184734,2,0,0.2388605353485944,0,Auto,0,28,4,1935,1539,168787,9429,4689.5,0.8422450514430946,6,159358,0.290155,0.2664489900044095,577.4154696047747,0.1794254120065624,0,52.0
2063-03-10,46,80483,615,Employed,Master,27,50331,24,1,3,Other,448,0.3472372617484917,4,0,0.3205451787643736,0,Home,0,19,10,7377,2811,73938,21382,6706.916666666667,0.8284358541048856,6,52556,0.2178309999999999,0.2409632320550928,2663.4755098174355,0.4639204070152606,0,48.0
2063-03-20,40,263496,637,Employed,Master,22,10799,72,1,2,Mortgage,648,0.1546939975046203,3,1,0.2294874712790027,0,Debt Consolidation,0,17,14,13025,1176,62886,80618,21958.0,0.6989315063371381,7,10720,0.207299,0.2194421097124535,270.9795562107165,0.0418516967032842,1,36.8
2063-03-25,61,70609,667,Employed,Master,40,19106,60,Divorced,1,Own,978,0.1963625906119389,5,0,0.1742529769752689,0,Home,0,27,23,3829,3045,24841,10909,5884.083333333333,0.7948351716869266,4,13932,0.190606,0.1601709812312075,464.7943910545769,0.2452029159548347,1,34.4
2063-04-08,64,93957,612,Self-Employed,Master,45,14304,36,1,3,Rent,560,0.3807462990830264,3,3,0.448849237716649,0,Debt Consolidation,1,29,14,779,4099,15111,76166,7829.75,0.953125619892419,2,1627,0.193304,0.2043807016875259,534.7860477078008,0.1398238829729941,1,48.8
2063-04-17,42,50653,631,Employed,Master,15,18907,24,Divorced,1,Rent,422,0.1291345075097539,2,0,0.3013818671612256,0,Home,1,23,28,2163,325,163826,12150,4221.083333333333,0.9308433311316664,3,151676,0.178407,0.1647644759814802,930.0555010336592,0.3203100707244173,0,52.0
2063-04-18,23,34312,537,Self-Employed,Master,3,41306,84,1,0,Mortgage,532,0.3965578477299644,1,0,0.4321790027583766,0,Debt Consolidation,0,19,9,11840,1948,55202,23811,2859.333333333333,0.6253456911837566,9,31391,0.297806,0.3234187710856941,1246.7975854865963,0.6221022098927244,0,61.0
2063-04-20,60,34246,575,Self-Employed,Master,36,27884,60,1,1,Other,552,0.1306845017619553,2,3,0.4823618370298434,0,Education,0,27,18,1431,3015,375222,5221,2853.833333333333,0.8086177337497203,4,370001,0.245384,0.2576231424384162,830.940893921008,0.4845906303525111,0,53.0
2063-04-26,28,24503,583,Self-Employed,Master,3,27782,24,1,2,Rent,433,0.2445071875095997,1,0,0.6626587726368663,0,Home,0,26,6,4219,543,59295,6828,2041.9166666666667,0.9134993276312164,6,52467,0.211282,0.2065362874795403,1422.8740388138222,0.9088882367777767,0,63.0
2063-05-02,19,63609,578,Employed,Master,0,67496,12,1,2,Other,518,0.4887463573828577,3,0,0.4583132766212189,0,Debt Consolidation,0,25,28,7532,4501,190082,22567,5300.75,0.688475623547714,5,167515,0.243496,0.2519168463549683,6421.383608796201,1.309132407451059,0,53.0
2063-05-03,50,78772,556,Employed,Master,28,16489,36,1,3,Mortgage,462,0.3096936724699562,2,1,0.256939793378713,0,Home,0,19,18,935,7070,79746,15066,6564.333333333333,0.7292490863999339,6,64680,0.223489,0.2365507314096179,643.9280243889052,0.168475299505749,1,40.0
2063-05-11,30,69761,588,Unemployed,Master,10,13776,36,1,3,Mortgage,483,0.1931401661779512,3,2,0.3542956205733312,0,Home,1,18,23,8174,85,92260,11819,5813.416666666667,0.9398908546373468,7,80441,0.204776,0.2050546781870474,515.5204188614742,0.1717613713441276,1,48.0
2063-05-14,60,44958,672,Employed,Master,37,16281,84,1,0,Mortgage,613,0.0594167550239252,3,1,0.4500772513249345,0,Debt Consolidation,0,17,24,505,166,28243,78347,3746.5,0.7783340402429275,2,9080,0.205281,0.2058900059598917,367.3353366310354,0.2616669789486281,0,50.0
2063-05-16,46,32797,590,Self-Employed,Master,24,4970,12,0,0,Mortgage,615,0.1345530734243703,4,1,0.2221472560816976,0,Home,1,26,18,868,200,28216,12750,2733.083333333333,0.7601886253109026,4,15466,0.17497,0.2025394933854081,460.9977612591218,0.3936937261063347,0,61.0
2063-05-17,56,114865,537,Unemployed,Master,35,42398,60,0,2,Mortgage,335,0.6452311440162297,2,2,0.2808832248072985,0,Education,0,23,14,181,2441,90066,25762,9572.083333333334,0.763262775824526,6,64304,0.278898,0.2647177313999156,1281.2845329179822,0.1688539972577877,0,54.0
2063-05-30,18,57679,555,Employed,Master,0,29670,48,1,2,Rent,429,0.3902205809897343,3,2,0.5308247597596553,0,Home,1,29,9,1425,6711,8136,39189,4806.583333333333,0.8743626031337883,8,3990,0.24717,0.2853341154861383,1043.1390698889893,0.3062755741026695,0,65.0
2063-06-04,23,20022,574,Employed,Master,1,24320,36,0,4,Other,297,0.197368179273771,4,1,0.2914417060782318,0,Auto,0,19,20,1241,157,183344,21785,1668.5,0.7194007287569368,4,161559,0.22232,0.2017753821138645,906.0198481426748,0.7210187882185645,0,49.0
2063-06-14,45,52342,619,Employed,Master,20,12985,24,Divorced,0,Rent,238,0.0768800177894401,2,1,0.6004617679396416,0,Auto,0,27,14,2439,489,50593,28688,4361.833333333333,0.8169224059835004,5,21905,0.178485,0.1923567433838527,656.0436751909696,0.2049697012397622,1,43.2
2063-06-19,34,32765,607,Employed,Master,9,17360,120,0,0,Other,448,0.1111455564341513,6,2,0.6387587682566147,0,Home,0,19,9,14327,2946,26000,3234,2730.4166666666665,0.681084672932687,4,22766,0.26886,0.264258171671571,412.5089175670844,0.3151566308806657,0,56.0
2063-06-26,35,15000,592,Self-Employed,Master,10,15996,60,1,0,Mortgage,660,0.2134151686827145,0,2,0.1699667743196262,0,Auto,0,30,25,2139,373,30425,115949,1250.0,0.6860432856021786,1,5937,0.224996,0.2386291041179301,458.90042837189367,0.895120342697515,0,55.0
2063-06-27,41,95770,572,Unemployed,Master,17,39689,12,0,0,Mortgage,559,0.1586728510065549,2,2,0.2156538890064251,0,Debt Consolidation,0,21,29,1542,317,73777,11034,7980.833333333333,0.6344236483844531,4,62743,0.218689,0.2624268,3796.184030691947,0.5457054230792876,0,51.0
2063-07-08,49,18929,631,Employed,Master,25,12404,60,1,0,Rent,506,0.2039740455296583,1,0,0.4881279204167386,0,Debt Consolidation,0,26,5,1221,980,170672,19355,1577.4166666666667,0.668255481565981,3,151317,0.201904,0.1935724739279681,324.20977657399453,0.5263097532298554,0,53.0
2063-07-11,34,34831,478,Unemployed,Master,12,24265,72,0,2,Mortgage,260,0.6166004322063569,3,0,0.3554988074941131,0,Debt Consolidation,0,30,19,3633,4040,103163,84597,2902.583333333333,0.7925983125714949,4,18566,0.300265,0.2951816059726247,722.4715649243867,0.3384817771264862,0,60.0
2063-07-31,33,88514,581,Unemployed,Master,9,11302,96,1,0,Mortgage,339,0.2759117572578276,8,3,0.2926486851684128,0,Home,0,27,28,3132,742,16228,9854,7376.166666666667,0.6158578221393464,4,6374,0.255802,0.2500239944649812,273.21745521454176,0.0829994064506688,1,43.2
2063-08-09,32,15000,630,Employed,Master,12,21570,12,1,0,Mortgage,303,0.3524501933172666,4,1,0.4384004120367036,0,Other,0,30,12,5862,284,24095,9448,1250.0,0.9250844367776304,7,14647,0.17157,0.1625662435582991,1959.685019015848,1.8101480152126788,0,55.0
2063-08-10,44,21614,519,Employed,Master,19,11962,60,1,1,Other,647,0.2703247618833557,4,2,0.2822020496751775,0,Other,0,25,10,3602,1563,277884,5699,1801.1666666666667,0.7347094149723713,6,272185,0.257462,0.2421632716825083,345.62605048984824,0.5511017213786518,0,48.0
2063-08-14,37,68070,631,Employed,Master,16,32301,36,Divorced,1,Mortgage,522,0.5632408106832197,1,0,0.2821673908166415,0,Auto,1,26,21,7368,930,78487,6406,5672.5,0.8660436067914202,4,72081,0.201801,0.2092546137493414,1215.7065096295337,0.3063387412304158,0,54.0
2063-09-03,37,24468,483,Employed,Master,16,15395,36,Divorced,0,Rent,267,0.4208815542155757,4,2,0.7253697853702237,0,Auto,0,20,9,708,1055,121609,6030,2039.0,0.7841143171724745,3,115579,0.258895,0.2612730586124086,621.3185984898912,0.4356638540901869,0,58.0
2063-09-23,18,15597,566,Employed,Master,0,15359,36,1,1,Rent,278,0.4388267215519616,5,0,0.4358069133787792,0,Other,0,25,9,785,167,72952,49460,1299.75,0.5000542520918612,8,23492,0.217359,0.1850815398625677,559.1877226237777,0.6441144240229104,0,60.0
2063-09-28,52,162578,627,Employed,Master,29,22607,60,Widowed,1,Mortgage,267,0.4243385921355539,0,2,0.1854287319190238,1,Home,0,25,18,3159,331,47643,4180,13548.166666666666,0.961673925641786,3,43463,0.214107,0.2293137320748141,636.4109299934787,0.0666814154431826,1,46.400000000000006
2063-10-11,47,97156,546,Self-Employed,Master,23,21838,60,Divorced,0,Mortgage,190,0.308312667390956,0,1,0.1814797502907653,0,Home,1,27,7,681,1651,113036,3274,8096.333333333333,0.7025853744468581,1,109762,0.253838,0.2741338754786175,672.2366451631606,0.1064971771373659,1,44.0
2063-10-21,27,15000,601,Employed,Master,4,15620,36,0,3,Mortgage,700,0.2308427448915068,4,1,0.1531775410019122,0,Auto,0,21,1,2562,1153,76995,98083,1250.0,0.875992840492606,5,10904,0.20012,0.2401439999999999,612.9352635097133,1.0503482108077706,0,53.0
2063-10-31,29,15000,544,Employed,Master,6,51812,120,Divorced,4,Rent,191,0.0951673089077706,3,1,0.4309010573666227,0,Debt Consolidation,0,26,28,5836,597,88020,226776,1250.0,0.7496415840719404,3,9285,0.334812,0.3162308248615605,1428.3662667416677,1.295493013393334,0,57.0
2063-11-05,23,60946,577,Employed,Master,3,14046,48,0,3,Mortgage,755,0.0952922848248945,5,3,0.0453895272935701,0,Debt Consolidation,0,23,1,5370,1956,71795,12955,5078.833333333333,0.8473720853125262,5,58840,0.220546,0.2444069229509802,461.3541271085253,0.2394947908854117,0,51.0
2063-11-06,39,95431,550,Self-Employed,Master,19,10652,12,0,2,Own,476,0.28171060697414,3,1,0.5810240675702976,0,Home,0,29,29,1195,2049,51167,64274,7952.583333333333,0.6699652635620031,4,1151,0.200652,0.2165156395998234,995.181927262,0.1849942170483805,1,48.0
2063-11-11,66,45278,657,Employed,Master,41,29296,12,Divorced,2,Mortgage,190,0.2189684364795127,1,0,0.473668365090124,0,Home,0,20,7,874,2331,833098,4653,3773.1666666666665,0.7347921838033624,6,828445,0.165796,0.1411007326827921,2631.920922184886,0.7478919357352055,1,35.2
2063-11-21,32,28441,637,Employed,Master,5,24656,60,1,2,Own,827,0.2238064722475232,1,1,0.38938523578682,0,Education,0,20,28,2838,306,45283,48935,2370.083333333333,0.8603823000360765,5,9457,0.211156,0.2377429788112227,706.0765624085625,0.6468450036532734,0,53.0
2063-11-29,32,107116,610,Unemployed,Master,8,18399,72,Divorced,4,Rent,267,0.4699753269216532,3,0,0.4666555328730808,0,Home,0,25,26,6445,817,69321,16084,8926.333333333334,0.946916605512248,4,53237,0.228399,0.2339954814729571,477.7028611730262,0.0834276329780454,1,43.2
2063-12-02,18,56532,562,Unemployed,Master,0,23431,36,1,4,Rent,262,0.0891434809707779,0,0,0.4731363735732118,0,Debt Consolidation,0,26,12,4005,1740,112471,15781,4711.0,0.8954293161182721,2,96690,0.227431,0.2116442136981937,884.7437877898188,0.2434183374633451,0,56.0
2063-12-03,18,67089,591,Employed,Master,0,23147,36,1,2,Mortgage,324,0.117602877131454,2,0,0.231897281664433,0,Other,0,26,17,3821,702,262604,4610,5590.75,0.5828623672607629,5,257994,0.212647,0.2483020832022564,918.24334881134,0.2221961899228798,0,45.0
2063-12-05,56,117313,602,Employed,Master,35,14001,36,0,0,Own,491,0.4220835100552651,5,2,0.192700932405131,0,Education,0,24,19,1485,336,57165,26271,9776.083333333334,0.8517411326285926,5,30894,0.198001,0.2085193347738548,526.424818862823,0.1040728463712791,1,37.6
2063-12-07,46,109389,563,Employed,Master,22,23632,48,0,1,Other,565,0.2863645036843178,2,1,0.1249561604085895,0,Debt Consolidation,0,41,18,1664,1795,118892,26799,9115.75,0.6645895593870937,3,92093,0.2371319999999999,0.2801790003931596,823.8679939219661,0.152359157932366,1,37.6
2063-12-13,56,45953,619,Employed,Master,33,11951,36,1,1,Mortgage,503,0.1161357070231623,3,1,0.5253191246765759,0,Debt Consolidation,0,24,25,4468,15609,20077,54043,3829.4166666666665,0.6527449939810971,7,10436,0.187451,0.1874469772050707,436.5349944433482,0.2453467658982042,1,44.0
2063-12-20,30,35504,550,Unemployed,Master,8,71900,60,1,3,Mortgage,398,0.4368892003727019,3,2,0.2810406554613638,0,Other,0,17,13,2868,1163,96772,3216,2958.6666666666665,0.7515426751943985,5,93556,0.3019,0.3260424291215436,2442.520172784824,0.9600676564166823,0,55.0
2064-01-01,40,195093,613,Employed,Master,16,17953,24,1,0,Mortgage,359,0.1812446370851952,5,0,0.1096940691655374,0,Auto,1,27,20,1466,545,100480,10897,16257.75,0.8174057073915377,9,89583,0.1864529999999999,0.1817007007892927,897.763368871678,0.0773024169317204,1,38.400000000000006
2064-01-04,45,127696,612,Employed,Master,24,7967,72,1,1,Own,200,0.2979900854953534,5,1,0.5206201509924073,0,Home,0,28,2,3947,673,69392,13016,10641.333333333334,0.7195038064754209,5,56376,0.216967,0.2066913949076019,193.9348857354824,0.0370193164141851,1,44.0
2064-01-06,65,92824,628,Employed,Master,45,40692,72,Divorced,2,Mortgage,440,0.2983359804214148,2,3,0.1710977027818185,0,Education,1,27,6,5683,346,73050,9951,7735.333333333333,0.6179427459913781,4,63099,0.241692,0.2385132588180729,1067.621799202763,0.1949006893737951,0,52.0
2064-01-10,42,19129,664,Unemployed,Master,18,22747,108,Widowed,3,Mortgage,306,0.1490897356580152,4,2,0.2156160033134354,0,Debt Consolidation,0,32,3,2040,664,38722,5446,1594.0833333333333,0.8868305985670394,5,33276,0.2357469999999999,0.2652548092846111,555.1636574732651,0.5402249929258812,0,53.0
2064-01-17,58,31845,625,Self-Employed,Master,35,34202,24,1,4,Mortgage,262,0.3050427373139439,4,1,0.182364324237373,0,Other,0,26,12,5470,1239,193690,11431,2653.75,0.7691855604551481,2,182259,0.196702,0.2064394704393648,1751.5163720090734,0.758743804807941,0,47.0
2064-01-18,18,37098,485,Employed,Master,0,16153,48,1,0,Rent,299,0.4854833794487366,2,1,0.2954334260064263,0,Auto,0,23,7,1649,1273,434522,18347,3091.5,0.7357752979416843,6,416175,0.268653,0.2562602888481622,541.2425615018536,0.2717912215758866,0,49.0
2064-01-22,18,76895,613,Employed,Master,0,29483,36,Divorced,0,Rent,191,0.1091897968443372,2,2,0.2388396448637156,0,Auto,0,21,29,4156,1703,14876,23518,6407.916666666667,0.5325747380974231,5,3105,0.207983,0.176505174124839,1060.7193149894947,0.1953395120602631,1,38.400000000000006
2064-01-25,43,23220,468,Employed,Master,22,26744,48,Divorced,2,Mortgage,332,0.2068002455192517,2,1,0.3111377565288017,0,Home,0,21,13,3908,799,101845,93571,1935.0,0.8623158654124349,2,8274,0.287744,0.3159647443180903,987.9348396829402,0.682136868053199,0,56.0
2064-02-08,30,43525,622,Employed,Master,7,13833,24,1,0,Rent,420,0.0813537465024717,4,2,0.3909150135091762,0,Home,1,16,6,640,767,29920,14915,3627.0833333333335,0.9065681183457884,3,15005,0.177833,0.1715644116627221,684.9751129882457,0.3046456371248466,0,59.0
2064-03-03,27,300000,562,Employed,Master,5,27113,120,0,0,Own,637,0.5300084436191052,6,1,0.1995728629715236,0,Home,0,19,22,5404,745,42970,40695,25000.0,0.954776703739278,7,2275,0.3011129999999999,0.2886594910728308,692.1416217343864,0.0531656648693754,1,39.2
2064-03-18,56,48462,612,Employed,Master,34,18267,60,1,3,Other,627,0.2630791059319201,7,1,0.0968310355876097,0,Auto,0,28,25,2436,217,154993,3263,4038.5,0.8981736713997432,1,151730,0.217267,0.1854621444985449,469.3066484560181,0.2714638228193681,1,35.2
2064-03-24,42,89433,608,Employed,Master,20,19845,48,Divorced,0,Rent,338,0.5619730496288103,3,4,0.3171511356541303,0,Home,1,20,10,5817,1048,86764,37297,7452.75,0.6181171436578115,5,49467,0.210845,0.2097381396447556,614.234743421725,0.1277695808153668,1,45.6
2064-04-05,50,77495,593,Employed,Master,27,19283,96,Divorced,0,Rent,507,0.5689047834678959,1,2,0.2685695507715291,0,Home,0,29,14,2457,3171,28728,15503,6457.916666666667,0.9158595131005306,3,13225,0.257783,0.2311941944516241,442.3257652833565,0.1470018605510068,1,42.400000000000006
2064-04-08,57,39458,607,Employed,Master,38,11450,60,0,3,Other,306,0.0932431419734902,1,2,0.0406682256103615,0,Home,0,21,22,2159,1533,72666,32613,3288.1666666666665,0.725790482727024,2,40053,0.2129499999999999,0.1871419485841043,295.2215775187558,0.1828440095855104,1,37.6
2064-04-09,44,45989,646,Self-Employed,Master,22,20605,60,0,1,Mortgage,319,0.369309112132806,1,0,0.1904578890224818,0,Home,0,29,1,16580,1385,115173,66468,3832.4166666666665,0.943414634023366,5,48705,0.2026049999999999,0.2236237058608002,573.3410885897987,0.2328403110108413,0,55.0
2064-04-23,42,109225,609,Employed,Master,21,11974,72,1,1,Rent,811,0.2862731340294687,3,0,0.4496498095738868,0,Home,0,24,10,40226,836,44128,79852,9102.083333333334,0.8577501299281558,7,3674,0.222474,0.2258718776354705,305.0477645074354,0.1226145403899219,1,41.6
2064-04-30,48,23846,644,Employed,Master,22,23348,48,Widowed,2,Own,319,0.2944922587773402,3,3,0.2593276688420409,0,Home,0,33,2,8113,839,32154,22789,1987.1666666666667,0.6889291286793207,4,9365,0.196348,0.1717782238665595,675.8574397448274,0.5006411673629929,0,55.0
2064-05-03,43,87191,656,Self-Employed,Master,19,25118,36,Widowed,0,Other,249,0.1294292869353819,1,0,0.2639367367363643,0,Home,0,21,18,13992,1795,200736,1226,7265.916666666667,0.894740592579459,4,199510,0.182118,0.2108292994790369,947.3921875339952,0.1646581212557252,1,34.4
2064-05-07,33,15000,618,Employed,Master,10,32929,72,0,0,Mortgage,151,0.2413302242718732,3,0,0.5680176651228638,0,Education,0,20,1,11104,7034,18138,12531,1250.0,0.5079315145835244,6,5607,0.238929,0.2483923565564914,883.7686887099509,0.8278149509679606,0,61.0
2064-05-15,34,60249,573,Employed,Master,11,32032,12,Divorced,3,Rent,1135,0.2938921056186177,8,4,0.5472149770663225,0,Debt Consolidation,0,28,6,1187,1227,46742,23916,5020.75,0.6446110274295981,9,22826,0.210532,0.2140917616318739,2988.914396425613,0.8213741764528433,0,60.0
2064-05-19,37,150576,593,Employed,Master,19,12011,72,1,0,Rent,487,0.034731879617458,1,2,0.6119852744280847,0,Auto,0,24,1,460,550,233681,75080,12548.0,0.6954685148023801,4,158601,0.230511,0.2046848327062419,290.9683747421208,0.0619993923128881,1,44.0
2064-05-30,38,128512,581,Employed,Master,15,36292,12,Divorced,0,Mortgage,887,0.379782427304726,5,1,0.1455312087397398,0,Education,0,22,24,3423,890,122901,12347,10709.333333333334,0.731676363161714,9,110554,0.210792,0.1977854028084027,3358.0460842683865,0.3963875203188856,1,35.2
2064-06-02,50,82585,483,Employed,Master,26,44016,72,0,2,Rent,406,0.3830499228437374,0,0,0.1288148601450084,0,Debt Consolidation,0,22,7,3073,735,109936,43441,6882.083333333333,0.8265459059229874,9,66495,0.3175159999999999,0.3204450643335424,1382.7348753453446,0.2599118302856951,0,48.0
2064-06-05,45,65519,504,Employed,Master,23,42124,72,1,2,Mortgage,302,0.3773562060084494,3,1,0.6269724544735499,1,Home,0,21,29,11614,4902,16516,10396,5459.916666666667,0.9695363997969828,1,6120,0.3051239999999999,0.3183785315614224,1317.589205320509,0.2966325869418964,0,70.0
2064-06-08,20,66252,509,Employed,Master,0,18431,96,1,0,Own,655,0.0699987256018745,7,0,0.3853528905214259,0,Debt Consolidation,0,32,7,1780,3267,129764,8204,5521.0,0.7010732017534864,4,121560,0.298931,0.3346923139164025,553.5250499393521,0.2188960423726412,0,50.0
2064-06-10,19,106578,599,Employed,Master,1,35904,48,0,0,Other,370,0.4177618670518888,3,3,0.20231548555321,0,Home,0,24,14,615,1079,352098,94394,8881.5,0.8108512141456022,5,257704,0.231404,0.2597423073187483,1210.065708630323,0.177905275981571,0,46.0
2064-06-14,35,182889,645,Employed,Master,11,43704,72,1,2,Rent,1834,0.4931240398213358,1,3,0.4056653906920321,0,Debt Consolidation,0,14,16,12375,1459,77355,8361,15240.75,0.6635478367996758,6,68994,0.236204,0.2079972765935016,1067.1923594907385,0.1903575847311148,1,40.0
2064-06-16,31,104132,611,Employed,Master,9,14710,84,1,2,Rent,931,0.1803870711602132,3,1,0.2220491340538126,0,Education,0,25,25,10773,1545,28791,33298,8677.666666666666,0.7969884002260279,5,9342,0.23421,0.217018316601489,341.89213667224635,0.1466859912425283,1,37.6
2064-06-22,24,100349,549,Employed,Master,4,27856,60,0,0,Own,415,0.0388658883215189,6,0,0.0584629132963123,0,Home,0,29,12,510,192,49180,20087,8362.416666666666,0.915004583250455,6,29093,0.258356,0.2513438210960185,819.8065102077165,0.1476614427895903,1,38.400000000000006
2064-06-27,41,40344,563,Employed,Master,16,18026,48,1,3,Own,427,0.2262479121616495,4,1,0.3110817101205658,0,Home,0,30,12,12592,9392,21984,15475,3362.0,0.9675581104803734,5,6509,0.2315259999999999,0.2231360217335568,571.0019782775438,0.2968477032354383,0,55.0
2064-06-29,42,15000,591,Employed,Master,20,24747,48,0,1,Mortgage,718,0.1607053120243253,1,0,0.4000167899758152,0,Home,0,23,3,1263,1614,69821,9752,1250.0,0.5218255883233553,6,60069,0.224247,0.2076101830627647,763.1306524539447,1.1849045219631555,0,58.0
2064-07-02,29,66989,586,Employed,Master,6,15136,36,1,2,Mortgage,321,0.2057610065543013,2,1,0.0802434171727485,0,Home,0,25,4,1893,1137,312675,76456,5582.416666666667,0.5350329465445772,6,236219,0.207136,0.2106887526406376,570.7852164159741,0.1597489527682409,1,39.2
2064-07-03,41,81144,587,Employed,Master,20,24331,36,Divorced,2,Other,587,0.127096863718595,6,0,0.2567937485815555,0,Auto,0,24,15,2856,2496,21429,3150,6762.0,0.7788151618421936,9,18279,0.215831,0.2262298125269456,937.07179664898,0.2253877250294262,1,40.0
2064-07-06,43,111405,599,Employed,Master,21,32675,48,0,0,Own,258,0.2560513046214546,4,0,0.1112457848369435,0,Auto,0,28,19,3218,1901,105938,9156,9283.75,0.8594295438608116,2,96782,0.228175,0.2524574013999174,1087.892410837508,0.1449729269785925,1,37.6
2064-07-13,41,72203,554,Self-Employed,Master,18,16852,108,1,2,Rent,818,0.3621431872114568,0,2,0.0169679721971998,0,Home,0,21,7,530,915,114953,19394,6016.916666666667,0.565667880340225,5,95559,0.284852,0.2795533500413331,428.18962281774935,0.2071143231418776,0,52.0
2064-07-19,42,21356,602,Employed,Master,19,10176,72,0,5,Other,627,0.0879142404562701,5,2,0.3790840350843459,0,Auto,0,21,3,10151,4787,14938,11962,1779.6666666666667,0.78583758067033,5,2976,0.224176,0.2209145423550246,256.23616722235033,0.496293032715312,0,55.0
2064-07-27,52,71701,662,Employed,Master,33,28867,24,1,1,Mortgage,276,0.1066447444534141,5,1,0.1741813760508902,0,Home,0,16,8,27954,5623,63731,19318,5975.083333333333,0.8295497572941771,6,44413,0.172867,0.1684388517199338,1425.085390531524,0.2846965131083009,1,35.2
2064-08-03,26,95560,568,Employed,Master,3,16166,48,Divorced,4,Rent,282,0.1397892598137543,2,1,0.4466034619881097,0,Other,1,27,11,2147,418,127464,28113,7963.333333333333,0.5601879092235549,6,99351,0.227166,0.2248938113103063,513.6319659789184,0.0999119254054732,1,46.400000000000006
2064-08-07,50,38197,545,Employed,Master,27,127011,24,0,5,Mortgage,418,0.2737523690297952,3,1,0.1327604368456698,0,Other,0,23,15,11841,1688,173889,45871,3183.083333333333,0.8585369996436786,9,128018,0.329511,0.3203733396168625,7235.419792420458,2.4044044691741626,0,47.0
2064-08-13,36,44911,519,Self-Employed,Master,13,16883,96,Divorced,5,Rent,677,0.166073212585839,3,2,0.1717652976712236,0,Debt Consolidation,0,19,27,961,2276,8044,53920,3742.5833333333335,0.9386150959847248,7,5185,0.292383,0.2615043265348924,421.0710615387992,0.293399228217265,0,53.0
2064-08-18,44,70159,588,Employed,Master,24,27439,60,0,0,Mortgage,382,0.1745484800989344,4,5,0.2947102513299527,0,Auto,0,17,3,440,979,68368,14991,5846.583333333333,0.82852242203645,6,53377,0.238439,0.2241395151650405,764.3074506879854,0.1960645021772805,1,41.6
2064-08-28,42,49903,624,Employed,Master,18,15629,72,1,0,Rent,740,0.3095275874953557,1,2,0.3214938705021634,0,Home,0,24,7,66354,1156,160534,76413,4158.583333333333,0.6458218234220152,2,84121,0.218629,0.2051809657672801,379.0671579629404,0.2690981683577197,0,51.0
2064-08-31,34,50328,624,Self-Employed,Master,9,11982,36,Divorced,5,Rent,539,0.0790691700352529,5,1,0.1817967418707083,0,Home,0,18,3,2170,1961,296853,14298,4194.0,0.8833772975243569,5,282555,0.184982,0.2037765542544782,447.6030466719138,0.2352415466552012,1,36.8
2064-09-01,28,42471,594,Employed,Master,4,40085,36,1,3,Mortgage,346,0.4317539229150708,2,0,0.3782749372985675,0,Debt Consolidation,0,30,1,29404,2175,1739999,3110,3539.25,0.7871689515383985,8,1736889,0.228085,0.2037740273439933,1497.4216413424356,0.5208509264229527,1,41.6
2064-09-06,32,58379,612,Employed,Master,12,19787,36,Divorced,3,Mortgage,396,0.0938951591852957,4,2,0.2646738485241064,0,Home,0,23,19,3449,4276,22821,17323,4864.916666666667,0.949914776790886,2,5498,0.198787,0.2104794993326154,745.9637886540304,0.2347345015133586,0,48.0
2064-09-07,25,84860,581,Employed,Master,0,11671,12,1,1,Mortgage,615,0.23229011116126,6,1,0.3563895028046478,0,Home,0,20,18,1345,1001,24954,20175,7071.666666666667,0.8922646140839312,7,4779,0.186171,0.2234052,1094.253592550279,0.2417044910511825,0,53.0
2064-09-08,69,108130,666,Self-Employed,Master,49,14401,48,1,1,Rent,746,0.4626860386582507,3,0,0.3616333839001983,0,Education,0,26,20,1729,460,58554,24096,9010.833333333334,0.8979070915435058,6,34458,0.176401,0.2050752605717393,442.1312078133618,0.131855863254974,1,40.8
2064-09-20,24,49816,581,Employed,Master,1,21951,84,1,1,Rent,326,0.3958535591463373,1,0,0.2358194464073987,0,Debt Consolidation,0,28,16,2871,109,12681,74831,4151.333333333333,0.5799112543566185,5,2876,0.256451,0.2431948549670205,546.10077530195,0.2100772704276417,0,53.0
2064-09-23,42,43552,634,Employed,Master,18,22856,24,1,2,Own,353,0.4636535484385819,4,0,0.3907458621899757,0,Debt Consolidation,0,15,7,78,3161,36111,15727,3629.3333333333335,0.7094864723576461,7,20384,0.180856,0.1779802046671072,1138.83595999967,0.4110495848639796,0,54.0
2064-09-26,51,40561,645,Employed,Master,28,13811,84,1,0,Mortgage,186,0.3462207250831642,4,2,0.2988622789128148,0,Education,0,27,3,2137,1888,481097,32326,3380.083333333333,0.9547382412809392,5,448771,0.216311,0.2398682157180284,340.6825712578598,0.1558194042329902,1,37.6
2064-09-27,40,40538,604,Employed,Master,21,13962,108,1,1,Rent,182,0.1435240341008171,1,1,0.1777151528759082,0,Other,0,16,23,5210,1741,27152,72089,3378.1666666666665,0.6292203725575272,4,5046,0.256962,0.2378846824324159,314.5319465072276,0.146982667079943,0,47.0
2064-09-29,35,34717,554,Employed,Master,13,33338,36,1,0,Own,371,0.2594155082156438,3,0,0.1094487453397986,0,Home,0,24,19,2256,543,25403,21598,2893.083333333333,0.9541269971160916,5,3805,0.241338,0.2137587831022332,1262.4544871101286,0.5646067876061164,0,51.0
2064-09-30,37,20008,610,Employed,Master,15,19345,24,0,0,Mortgage,237,0.7016007001434372,4,1,0.1951148707041643,0,Debt Consolidation,0,19,27,1195,1214,239011,5353,1667.3333333333333,0.8782882657081538,3,233658,0.1893449999999999,0.205163074614173,989.4654681211445,0.7355850468539452,0,47.0
2064-10-01,48,22026,524,Employed,Master,27,20290,48,1,0,Rent,699,0.3124680821876648,4,4,0.3815352580500705,0,Other,0,24,9,1350,735,47705,134679,1835.5,0.7931225657118147,2,8348,0.25329,0.2671865780528694,692.3531672811833,0.7580240628064197,0,57.0
2064-10-31,24,29166,582,Employed,Master,2,27137,72,1,0,Rent,697,0.0899161508895713,4,1,0.7457323580657463,0,Debt Consolidation,0,20,26,2589,487,22792,28427,2430.5,0.9493774473515552,4,10994,0.251137,0.2721786937925196,768.3543532157555,0.6029024288071407,0,59.0
2064-11-03,52,161029,578,Employed,Master,29,20075,72,0,0,Own,217,0.0829050162857002,1,0,0.1396817154376618,0,Auto,0,26,23,956,434,98803,32796,13419.083333333334,0.7991295880594775,3,66007,0.246075,0.2417398713138472,530.6334473535501,0.0557141966244751,1,36.0
2064-11-07,36,68243,617,Self-Employed,Master,13,32778,108,1,0,Mortgage,193,0.2079757833189466,2,0,0.0596033400048148,0,Home,0,22,28,3002,1125,208057,249984,5686.916666666667,0.8691066845815139,5,10169,0.269278,0.2844197291480514,844.1418488808247,0.1823733157476942,0,50.0
2064-11-11,30,38667,496,Employed,Master,9,16430,72,1,5,Rent,1068,0.1115338819112666,1,3,0.3302120611858737,0,Auto,0,35,11,6228,1473,118745,29756,3222.25,0.6308901497291026,5,88989,0.2834299999999999,0.2743014298807087,467.3891472669323,0.4764959724623888,0,52.0
2064-11-12,47,59391,650,Self-Employed,Master,25,13496,72,0,0,Other,278,0.1153768299741603,6,1,0.1750818679409734,0,Other,0,23,13,1204,2280,14234,38508,4949.25,0.9623339585818268,7,2325,0.203496,0.1931075890954791,317.89813091162296,0.1204017034725711,1,36.8
2064-11-13,45,82615,576,Employed,Master,23,13253,48,0,1,Mortgage,323,0.2580949416224506,4,0,0.0994259200250475,0,Auto,0,22,12,6835,1028,147435,8520,6884.583333333333,0.8775246373628237,3,138915,0.220253,0.2009635775641908,403.9742995515981,0.1055945239317215,1,36.0
2064-11-21,43,49987,581,Unemployed,Master,20,27461,36,0,3,Own,1222,0.2537190413960675,5,0,0.2464844801926234,0,Education,0,38,12,2777,612,355932,22698,4165.583333333333,0.8236026838977343,14,333234,0.221961,0.2038866975185193,1025.995601281501,0.5396592557140459,0,50.0
2064-11-28,36,36973,622,Employed,Master,13,14247,36,1,3,Own,309,0.0121762189287254,2,0,0.2683544362207137,0,Auto,0,26,5,1475,783,361810,33488,3081.083333333333,0.9483328997528532,7,328322,0.188247,0.2113021500918559,537.7096721273298,0.2748090786662688,0,45.0
2064-12-06,68,186525,629,Employed,Master,46,16774,72,1,0,Rent,309,0.2378883104697025,2,0,0.1750008540908345,0,Auto,0,17,18,4074,5393,67518,23967,15543.75,0.5895135487384214,4,43551,0.217274,0.1917712931473179,393.8241325566849,0.0452158669919861,1,36.0
2064-12-12,33,58945,613,Employed,Master,9,20655,12,0,2,Own,553,0.3094633837222477,2,2,0.2253701475688647,0,Home,0,31,4,3010,1094,29275,59618,4912.083333333333,0.8309920188508315,5,3377,0.179155,0.1556437005826378,1869.790507572614,0.4932307420624543,0,52.0
2064-12-14,50,55627,629,Employed,Master,28,20067,84,Divorced,0,Mortgage,196,0.0783305943522034,2,1,0.6964127057330738,0,Home,0,25,23,932,2600,102405,1629,4635.583333333333,0.848035260662615,5,100776,0.230567,0.22421458881105,475.32434019307664,0.1448198191942208,1,40.0
2064-12-16,60,32894,668,Unemployed,Master,35,19015,48,0,3,Other,177,0.3500027622804285,2,3,0.4825160826395915,0,Debt Consolidation,0,24,26,8036,8200,546408,215023,2741.1666666666665,0.8045904810253172,3,331385,0.180015,0.1601001741929859,538.9879999167551,0.2611982732109522,1,38.400000000000006
2065-01-01,25,38546,593,Self-Employed,Master,1,45097,48,1,1,Other,329,0.4131909087323812,6,0,0.2910639909628266,0,Other,0,28,10,1623,2126,204819,39653,3212.1666666666665,0.979005107758424,5,165166,0.243597,0.2664305810475201,1536.9100552963585,0.5808883065313211,0,53.0
2065-01-16,46,105921,588,Employed,Master,24,27115,72,1,0,Mortgage,566,0.1643261124362949,3,4,0.3946755452811653,0,Other,0,27,26,2133,1995,396723,24580,8826.75,0.8943721506211099,6,372143,0.248115,0.2620567837537251,750.5893706304196,0.1491590189628594,1,36.8
2065-01-18,61,104402,690,Unemployed,Master,41,25143,60,Widowed,1,Mortgage,361,0.0552740788258581,7,3,0.347063594224905,0,Debt Consolidation,0,39,23,38635,260,50652,14269,8700.166666666666,0.9188779428423028,3,36383,0.185143,0.1832711876935525,642.949620640925,0.1153942975009204,1,39.2
2065-01-27,31,56833,564,Employed,Master,8,42827,48,0,3,Own,281,0.3192615254301969,5,0,0.2353037087713672,0,Home,0,25,23,2980,347,31134,10641,4736.083333333333,0.7017070456607284,3,20493,0.2558269999999999,0.2281806170600179,1368.402841779228,0.3482630531795038,0,52.0
2065-01-30,53,121900,625,Employed,Master,33,14190,24,1,0,Rent,261,0.1761213936649501,2,1,0.7284445258679169,0,Education,0,12,21,15214,2243,65561,4358,10158.333333333334,0.7396254351896234,7,61203,0.17669,0.1627265728240741,696.6366041748336,0.0942710356857916,1,40.0
2065-02-01,49,27825,589,Employed,Master,30,21389,60,0,1,Mortgage,381,0.2311179518595454,2,1,0.2024529951527147,0,Education,0,32,16,34235,511,48920,15975,2318.75,0.7220699048179459,4,32945,0.231889,0.2388751139382703,613.9222690610106,0.4290769893524574,0,54.0
2065-02-02,40,41555,566,Employed,Master,19,26485,72,0,1,Other,619,0.0982174884507701,2,1,0.1700194412340019,0,Home,0,16,24,2443,687,19071,5659,3462.9166666666665,0.670518827624114,5,13412,0.2584849999999999,0.2620139858631098,733.0794655482313,0.3904452794267543,0,50.0
2065-02-04,40,51924,542,Employed,Master,16,22082,72,0,0,Rent,725,0.4313864575308634,1,1,0.1572155597413239,0,Debt Consolidation,0,15,26,10910,857,196071,48176,4327.0,0.7884021581492089,7,147895,0.266082,0.3035973688640316,669.4480417849594,0.3222667071377304,0,47.0
2065-02-05,27,46278,493,Employed,Master,6,33213,36,Divorced,5,Mortgage,489,0.1455016715290762,7,2,0.3488736740871376,0,Other,0,21,17,10602,2160,152861,33417,3856.5,0.8580131356044274,9,119444,0.271713,0.3204498346963083,1447.401838440704,0.5021137918943872,0,50.0
2065-02-07,23,98796,602,Self-Employed,Master,0,25561,48,1,1,Mortgage,400,0.2332124749008951,4,2,0.2083339053105222,1,Home,0,19,11,832,240,148962,18745,8233.0,0.662948817458702,4,130217,0.219561,0.2285410381830489,817.2258128068972,0.1478471775545848,0,59.0
2065-02-09,59,47995,619,Employed,Master,37,39933,48,0,0,Mortgage,309,0.2281877226591901,3,1,0.1817983445641793,0,Auto,0,13,11,10082,101,40221,5346,3999.5833333333335,0.6026343122372593,5,34875,0.225433,0.2109453900526797,1238.584557114233,0.3869364451582621,0,48.0
2065-02-15,52,112287,503,Employed,Master,33,26720,36,0,2,Own,323,0.2599562800568177,1,0,0.147847953608734,0,Home,1,18,15,2523,1413,100758,19170,9357.25,0.7928237379763176,6,81588,0.26022,0.2239553754380445,1025.9245609982106,0.1441582260811895,1,42.400000000000006
2065-02-19,42,43081,618,Employed,Master,20,26653,108,0,2,Own,796,0.2693883864813094,3,2,0.5114353193303869,0,Debt Consolidation,0,26,14,3441,764,186499,15677,3590.083333333333,0.5956172856531683,3,170822,0.262653,0.2963758598327591,709.1351586448733,0.4192479725108163,0,52.0
2065-02-28,50,61928,626,Employed,Master,27,8031,48,1,3,Other,392,0.2242081752986164,1,4,0.0336110238110751,0,Auto,0,30,14,1530,1373,114076,103471,5160.666666666667,0.6446803326693684,2,10605,0.190031,0.1693300353311167,231.4565708844173,0.1208093084002875,1,37.6
2065-03-06,55,187230,569,Employed,Master,35,15712,60,0,3,Mortgage,390,0.2894454202201572,5,1,0.1187631381117523,1,Auto,0,35,10,4344,1881,42960,41301,15602.5,0.6375965529777343,7,1659,0.236212,0.2834544,492.4855731859014,0.0565605238382247,1,48.0
2065-03-17,35,44578,634,Employed,Master,12,16590,48,0,0,Other,235,0.1238068871187014,6,3,0.2153007191904987,0,Home,0,22,14,16299,493,171828,25963,3714.8333333333335,0.8264059394985513,5,145865,0.19459,0.1835340650452829,490.4002681219095,0.1952712821899347,1,36.0
2065-03-20,35,15000,620,Employed,Master,12,48307,72,1,0,Mortgage,322,0.3236984676283291,4,0,0.1589042168665701,0,Home,0,24,6,1472,836,73360,30600,1250.0,0.813886140747301,5,42760,0.253307,0.2463581020743019,1290.479740601086,1.2899837924808688,0,51.0
2065-03-23,28,64249,583,Employed,Master,6,28528,24,0,3,Rent,389,0.5459030384781107,1,0,0.3454151307799922,0,Other,0,27,16,13380,622,159178,29611,5354.083333333333,0.6652825646750171,2,129567,0.212028,0.1802385251259411,1424.5635879998172,0.3387253195535776,1,40.8
2065-03-29,31,82726,446,Self-Employed,Master,9,13870,36,1,2,Other,133,0.530435285580908,5,0,0.1191559349398638,0,Debt Consolidation,0,16,17,2247,987,53310,3555,6893.833333333333,0.7590666778992131,6,49755,0.27587,0.2643327956111468,562.0371466642208,0.1008201261993889,1,42.400000000000006
2065-04-07,48,29175,611,Unemployed,Master,26,12080,72,1,3,Mortgage,492,0.1608425221381701,2,2,0.0978662743693787,0,Education,0,21,17,2790,836,59492,50966,2431.25,0.6370465596349749,1,8526,0.22158,0.2046054487359014,292.5840104932659,0.3227080762954307,0,51.0
2065-04-09,53,50449,652,Employed,Master,31,43417,12,0,3,Mortgage,366,0.140311409421972,5,2,0.2262533568006387,0,Debt Consolidation,0,22,15,1833,286,14586,4739,4204.083333333333,0.9645391438696116,5,9847,0.182417,0.1761742442416443,3972.5694676945823,1.0319894073685305,0,45.0
2065-05-04,60,79217,619,Unemployed,Master,37,20316,84,0,1,Mortgage,275,0.24302032349262,3,0,0.1813042009023343,0,Home,0,21,16,1414,115,187664,183728,6601.416666666667,0.8198978064406865,6,3936,0.235816,0.2409209989178555,502.4974144671964,0.1177773580621123,0,50.0
2065-05-10,61,107621,662,Employed,Master,39,10543,48,0,5,Rent,318,0.0791153198568291,2,1,0.5177985924274929,0,Home,0,22,29,2273,581,179537,16843,8968.416666666666,0.7464657821397975,3,162694,0.174543,0.2053335175035314,323.83090297208184,0.0715656873255682,1,36.8
2065-05-21,55,109531,592,Employed,Master,31,9596,72,1,2,Own,290,0.3447448413672225,0,1,0.5477399522299362,0,Other,0,24,29,8757,5529,45110,3734,9127.583333333334,0.8498536708777056,6,41376,0.228596,0.2413483264399143,253.41828297273184,0.0595358336514117,1,45.6
2065-05-24,34,27365,589,Employed,Master,11,12967,72,1,4,Mortgage,303,0.2365898252155502,5,4,0.2177588375412759,0,Debt Consolidation,1,24,24,350,818,47617,41092,2280.4166666666665,0.9097571210297236,5,6525,0.233467,0.2385226440642953,340.2180282475763,0.2820616239346215,0,60.0
2065-05-29,43,18855,651,Employed,Master,25,17017,12,1,4,Other,294,0.476763960439276,4,0,0.0733716424204196,0,Debt Consolidation,0,28,6,2000,8194,10194,15077,1571.25,0.740775507461169,6,9109,0.156517,0.1252136,1516.093367168766,1.1520085073468678,0,49.0
2065-06-09,33,36116,585,Self-Employed,Master,11,31127,84,0,1,Mortgage,228,0.0890124175190536,3,0,0.3784433173180722,0,Debt Consolidation,0,16,20,2991,830,240605,125555,3009.6666666666665,0.9532886187510128,4,115050,0.263627,0.2870962417277439,863.1663442602216,0.3625538855665816,0,53.0
2065-06-10,36,53012,498,Employed,Master,10,57450,60,1,0,Own,1059,0.0597250138130324,2,1,0.1515955997304196,0,Education,0,23,11,3209,1982,60785,22312,4417.666666666667,0.697869191802754,7,38473,0.3134499999999999,0.2849138276613772,1805.8220300401213,0.6484921217928291,0,49.0
2065-06-13,41,64906,593,Self-Employed,Master,18,18548,60,Divorced,1,Rent,221,0.2671655764608866,7,2,0.3240139059853752,0,Auto,0,24,11,1626,2811,164287,22809,5408.833333333333,0.7644856143842507,3,141478,0.227048,0.2274579764823312,520.1714991806681,0.1370298275994209,1,42.400000000000006
2065-06-27,36,25729,596,Unemployed,Master,16,13218,36,0,1,Own,888,0.367229258588014,3,1,0.2236183549921624,0,Education,0,21,19,312,801,33240,7751,2144.083333333333,0.6674881709966616,3,25489,0.200218,0.2345936193222456,514.8351468624192,0.6542820071650289,0,57.0
2065-06-28,36,53910,606,Employed,Master,14,26895,24,1,0,Mortgage,594,0.0266037200613251,1,1,0.1071819840303505,0,Debt Consolidation,0,16,1,15858,3720,19578,22853,4492.5,0.9864727288229908,4,2032,0.198895,0.2027596652598181,1372.471178453474,0.4377231337681634,0,50.0
2065-07-09,18,58835,534,Employed,Master,0,29090,48,0,0,Own,217,0.2947475320746821,1,1,0.2673659022565924,0,Home,1,23,29,2268,1303,43249,3573,4902.916666666667,0.914604393357832,1,39676,0.25709,0.2394272388940817,947.4665179808786,0.237504856221136,0,58.0
2065-07-13,28,52839,534,Self-Employed,Master,5,18681,72,0,0,Rent,369,0.1632948065393201,2,0,0.3313666065805885,0,Auto,0,19,16,476,1003,15611,181910,4403.25,0.8212989690340958,4,5593,0.266681,0.3028336568002537,565.4193178871508,0.2122112798244821,0,56.0
2065-08-07,33,23629,637,Unemployed,Master,9,14354,72,Divorced,0,Mortgage,769,0.4258633969923673,4,1,0.2429007021233516,1,Auto,0,20,10,1113,689,85444,24531,1969.0833333333333,0.5948813171167555,6,60913,0.210854,0.1890675711306127,334.7836442628535,0.560557100645573,0,65.0
2065-08-08,43,273222,632,Employed,Master,24,22375,12,0,1,Other,990,0.274178938829393,0,1,0.4421385344179192,0,Debt Consolidation,0,26,14,3518,430,16565,14004,22768.5,0.6774974753667137,1,2561,0.171375,0.1665200708753124,2037.0130049691652,0.1329474056248398,1,40.8
2065-08-10,60,48916,599,Employed,Master,39,23663,36,Divorced,0,Own,99,0.4275845009959071,5,1,0.3105602169021368,1,Debt Consolidation,0,26,16,10664,1156,166187,4543,4076.3333333333335,0.9619028960961488,2,161644,0.209163,0.2012345633665689,880.891084478715,0.2403854160958496,0,64.0
2065-08-18,40,28082,648,Employed,Master,15,26109,36,1,1,Mortgage,390,0.0288188441933432,2,3,0.121416034445004,0,Other,1,34,12,711,1268,95851,9277,2340.1666666666665,0.9663806742779212,6,86574,0.187109,0.1835845750449492,948.6044459455584,0.5720124404012072,0,52.0
2065-08-21,45,87199,518,Employed,Master,23,11618,24,Divorced,5,Mortgage,599,0.1612225198856139,4,1,0.3702328432094206,0,Other,0,22,8,2919,243,18645,34791,7266.583333333333,0.804013467524063,9,8675,0.227618,0.2201023481776091,602.7791225626773,0.1653843446685412,1,42.400000000000006
2065-08-27,47,134766,552,Employed,Master,24,44899,24,0,0,Rent,641,0.5876323551630562,4,2,0.5865715745704029,1,Home,0,21,3,2025,1643,127530,99027,11230.5,0.7621052449888982,6,28503,0.2438989999999999,0.2187528230933467,2326.512897099426,0.2642369348737301,0,72.0
2065-09-04,27,63040,569,Employed,Master,4,15642,60,1,0,Rent,1148,0.5517447889806644,2,3,0.3088621336640575,0,Home,0,22,14,1503,3023,114915,12397,5253.333333333333,0.9604265642961188,3,102518,0.236142,0.2300720264380305,441.02008090591255,0.3024784417968107,0,51.0
2065-09-06,34,111311,495,Self-Employed,Master,10,26069,48,Divorced,3,Mortgage,536,0.3367257500966175,0,1,0.137712212649757,0,Home,0,20,16,1165,888,36651,2188,9275.916666666666,0.4564937297787459,5,34463,0.273569,0.3130639407812524,958.5510790367946,0.1611216586720228,0,52.0
2065-09-14,42,27905,564,Employed,Master,20,21793,48,0,3,Own,182,0.1334286107434782,3,1,0.1457193952073446,0,Home,0,24,5,4163,359,75448,69130,2325.4166666666665,0.9568668953658294,2,6318,0.234793,0.2593565946155413,734.0126145030782,0.3939133264302791,0,53.0
2065-09-16,21,33371,518,Employed,Master,0,38869,60,Divorced,1,Rent,495,0.3385671791494842,5,1,0.3279665918267976,0,Other,0,31,23,5027,723,29559,18106,2780.9166666666665,0.4474569509395821,9,11453,0.284869,0.2820374751316654,1215.000380274667,0.6149052939167541,0,55.0
2065-09-17,37,116188,564,Employed,Master,13,25360,12,Divorced,2,Rent,747,0.3677308904815942,4,0,0.2609379190154935,0,Debt Consolidation,0,30,2,1254,1339,46456,22894,9682.333333333334,0.8985214044880734,4,23562,0.20836,0.166688,2308.968380369461,0.3156231328918092,1,44.0
2065-09-24,38,26863,566,Employed,Master,15,29467,24,1,0,Mortgage,449,0.4309999542438505,3,1,0.514160308473093,0,Home,0,17,8,3543,1240,23490,46307,2238.583333333333,0.8576676711435139,4,10510,0.2214669999999999,0.2570702731420858,1583.1710571017902,0.9077933471772132,0,62.0
2065-09-28,21,56748,539,Employed,Master,0,12971,60,Divorced,4,Mortgage,186,0.3320184311984331,5,0,0.2473081735945347,0,Debt Consolidation,0,35,7,3308,1147,39725,101650,4729.0,0.8223857389848159,3,3617,0.248471,0.2515452401866222,381.89197896544334,0.120087117565118,0,53.0
2065-10-05,47,73619,581,Employed,Master,25,25100,84,Widowed,1,Mortgage,356,0.5687104768791205,2,2,0.2035541373943852,0,Home,0,28,4,1987,470,182742,21903,6134.916666666667,0.9646628751994446,5,160839,0.2596,0.2262940092695504,597.7838728924389,0.1554681057160416,1,41.6
2065-10-06,54,29431,621,Employed,Master,31,23897,36,1,0,Other,248,0.4224298594849819,1,4,0.2615664131424775,0,Other,0,13,14,9731,1749,88588,18296,2452.583333333333,0.8379396339784937,6,70292,0.198397,0.1714705300271967,853.7431804195357,0.4492174294123349,0,50.0
2065-10-07,35,23694,572,Employed,Master,14,15039,36,Divorced,0,Mortgage,671,0.0803141338533481,2,0,0.2771432196234689,0,Other,0,18,3,11945,1162,153012,11891,1974.5,0.9456535117945468,4,141121,0.214039,0.2167134140482474,571.7923735317485,0.6294213084485939,0,52.0
2065-10-12,49,63456,605,Employed,Master,26,32296,12,1,3,Mortgage,190,0.3889682447489794,6,0,0.1613189908072636,0,Home,0,24,14,3194,688,29860,30531,5288.0,0.6692877393252726,6,10865,0.194796,0.1882380914619078,2973.5738078346085,0.5982552586676643,0,47.0
2065-10-14,30,15000,613,Unemployed,Master,8,19740,36,Divorced,2,Own,517,0.4859717364512103,3,0,0.2085437968986047,0,Debt Consolidation,1,23,1,2817,623,112482,49107,1250.0,0.8513067783793743,12,63375,0.19824,0.237888,772.2691994463468,1.0314153595570774,0,63.0
2065-10-18,18,38660,619,Employed,Master,0,14837,60,0,0,Mortgage,886,0.2488761497078348,1,0,0.3495216096310969,0,Debt Consolidation,0,22,4,4125,460,230945,32215,3221.6666666666665,0.6272632898323309,5,198730,0.210337,0.2134930965768217,404.3115977387527,0.4005105838816615,0,51.0
2065-11-08,44,145017,596,Employed,Master,21,31273,12,1,4,Mortgage,430,0.2252137131237046,3,0,0.4715470576027358,0,Education,1,19,24,1881,2562,41257,147868,12084.75,0.8112928823154271,2,1623,0.198273,0.2152325479737235,2919.806345222317,0.2771928542354883,1,48.0
2065-11-09,32,42576,515,Employed,Master,8,22414,36,Divorced,0,Rent,662,0.6794487808011087,4,0,0.1315530534928307,0,Education,0,18,14,743,337,400820,16060,3548.0,0.8531257311579296,4,384760,0.249914,0.2294488213225483,866.9959300167125,0.4309458652809223,0,47.0
2065-11-11,29,60280,511,Unemployed,Master,4,23622,12,1,1,Mortgage,662,0.4737277156378717,4,2,0.416002742368331,0,Auto,0,20,1,1874,664,70995,2067,5023.333333333333,0.9210766520580802,5,68928,0.233122,0.1864976,2172.97611385615,0.564361535605073,0,62.0
2065-11-20,18,39929,571,Employed,Master,0,18144,36,0,0,Rent,272,0.1984194688208879,3,0,0.1095275346747928,0,Debt Consolidation,0,24,24,7351,1947,327152,5983,3327.4166666666665,0.7869181118520578,8,321169,0.217644,0.1741152,650.6052064731488,0.2772737227999144,1,35.2
2065-12-02,58,29146,548,Employed,Master,35,30115,36,1,2,Mortgage,478,0.435308657745821,3,1,0.0900556667803186,1,Education,0,18,27,3212,69,23577,227421,2428.833333333333,0.7196491342537958,5,6161,0.241115,0.2275317447644368,1161.872628706921,0.6751688583161686,0,65.0
2065-12-08,43,144684,536,Employed,Master,21,23921,84,1,0,Rent,560,0.2191515439575003,2,1,0.1848877206282326,0,Debt Consolidation,0,24,6,2384,1092,13539,17366,12057.0,0.7980981313233291,7,2082,0.280921,0.2247368,567.3890947442561,0.0935049427506225,1,40.0
2065-12-15,37,76180,533,Employed,Master,15,24350,36,1,1,Mortgage,429,0.4007087945632596,4,1,0.1458309469120924,0,Home,0,40,23,16262,2275,18537,26964,6348.333333333333,0.719409043100585,4,2845,0.24285,0.2605314637752065,981.7661133428212,0.2222262189566009,1,40.8
2065-12-17,48,72598,521,Employed,Master,23,19226,36,1,3,Rent,157,0.4060932594100584,7,1,0.2671680294410453,0,Debt Consolidation,0,27,11,4737,388,11751,21137,6049.833333333333,0.7449670407019695,6,5006,0.243726,0.223197412547523,737.4336749626569,0.1478443497004309,1,42.400000000000006
2065-12-22,29,197429,652,Employed,Master,9,19936,48,1,1,Own,435,0.0704133957187721,4,0,0.5000635781824039,1,Debt Consolidation,1,24,13,3693,1168,133051,61401,16452.416666666668,0.9415783507489492,6,71650,0.188936,0.2117328754439833,619.1917441119116,0.064075191229976,1,52.0
2065-12-23,60,42991,667,Employed,Master,37,16330,24,1,3,Mortgage,370,0.566979533712925,2,2,0.083323598629269,0,Education,0,20,20,4627,214,13200,12648,3582.583333333333,0.8389927820283222,5,4409,0.15783,0.1434297026590032,786.6988301739661,0.3228672504032842,1,36.8
2065-12-29,44,48534,621,Employed,Master,22,33954,48,1,1,Mortgage,591,0.1773799719394072,6,0,0.3921211250810167,0,Home,0,21,14,3377,5864,25541,98048,4044.5,0.8583392780526456,10,1335,0.218454,0.2106699472533316,1052.6330922726645,0.4063872152979761,0,51.0
2065-12-30,46,143954,534,Self-Employed,Master,27,23732,48,1,2,Mortgage,228,0.207492686446711,3,1,0.0911563454310974,0,Auto,0,32,13,1866,753,39136,62261,11996.166666666666,0.8963228150049248,11,6966,0.251732,0.2505558551610968,787.6208955069478,0.0846621194692983,1,40.8
2066-01-03,26,56609,571,Employed,Master,3,8046,24,0,5,Rent,293,0.59224099858579,3,0,0.5162604277652012,0,Auto,0,22,8,1042,165,15551,8797,4717.416666666667,0.710235982093052,5,6754,0.197546,0.1774695280116067,400.7062558489855,0.147052148424947,1,48.0
2066-01-06,51,62944,562,Employed,Master,27,12011,72,0,3,Mortgage,661,0.1957985696668187,3,1,0.3775248096245307,0,Education,0,31,20,2423,2093,273701,12831,5245.333333333333,0.9214264300671968,4,260870,0.2460109999999999,0.255924226936142,327.92237611523,0.188533752436813,1,37.6
2066-01-13,21,107038,604,Employed,Master,0,21817,24,0,0,Rent,411,0.1004431918162198,3,1,0.49447557308558,1,Auto,1,24,8,8313,3351,22239,238256,8919.833333333334,0.718454667828715,16,6127,0.194817,0.212262070761929,1123.506267145649,0.1720330649465403,0,70.0
2066-01-23,26,148658,527,Employed,Master,2,27287,60,1,2,Own,782,0.1120719845342599,3,1,0.1240157647734974,0,Education,0,26,2,498,1229,31839,127105,12388.166666666666,0.7794830020991497,9,6387,0.268787,0.3090954903846876,898.1324010609713,0.1356239745774304,0,51.0
2066-02-01,69,73117,669,Employed,Master,48,36550,48,1,2,Mortgage,217,0.4476473134544579,2,2,0.482333025724967,1,Home,0,16,21,6422,1136,45080,7472,6093.083333333333,0.8928318052095835,4,37608,0.19705,0.1903513394405892,1093.527063876384,0.2150843821069875,0,63.0
2066-02-09,33,76216,585,Employed,Master,9,41313,48,Divorced,0,Rent,168,0.1315050287832042,6,0,0.2370657053284373,0,Home,0,28,2,547,211,35960,8444,3485.5,0.784945564773433,3,27516,0.243813,0.2465775879235243,1361.9463391882944,0.4389460161205836,0,55.0
2066-02-20,41,30672,467,Employed,Master,18,19113,96,1,3,Mortgage,581,0.1201581711907555,3,0,0.3557778808571881,0,Home,1,23,10,3823,5328,56086,18534,2556.0,0.597484900631875,7,37552,0.320613,0.307314594122575,536.8535052126235,0.4373448768437494,0,60.0
2066-02-28,53,74299,685,Employed,Master,33,8306,24,1,1,Mortgage,598,0.2062451920709659,4,3,0.1399845926103225,0,Debt Consolidation,0,18,24,4806,401,114786,12089,6191.583333333333,0.7783473636175534,5,102697,0.140806,0.1315277617956967,395.4786794308167,0.1604563204507436,1,32.0
2066-03-08,25,47501,628,Employed,Master,4,16677,48,Divorced,3,Mortgage,393,0.3877665872363691,3,0,0.1537820066385537,0,Education,0,18,27,5818,617,171293,6403,3958.4166666666665,0.8175944511691403,10,164890,0.197677,0.2095986475271211,516.0549511527075,0.2296511528985177,1,35.2
2066-03-09,48,83652,582,Employed,Master,26,41187,36,0,0,Own,666,0.3928500430232139,2,1,0.6523066469790105,0,Debt Consolidation,0,20,20,14523,973,131355,57268,6971.0,0.8462746562071805,4,74087,0.235187,0.2343196141657441,1603.6249585389944,0.3255809723911912,0,55.0
2066-03-10,40,99407,613,Employed,Master,19,37830,120,1,0,Own,515,0.2575309815192642,2,1,0.4212900505856308,0,Debt Consolidation,0,25,3,4388,868,157614,30134,8283.916666666666,0.7697775004419555,7,127480,0.28633,0.2772235934139639,934.2287188986372,0.1749448693430406,0,51.0
2066-03-11,37,81278,504,Employed,Master,12,51304,84,0,1,Own,706,0.3815191584852234,5,0,0.2116555071863003,0,Auto,0,23,9,4426,714,25643,45833,6773.166666666667,0.897656320970348,3,9188,0.324304,0.2781019957129931,1392.1634307083025,0.3097758454747856,0,52.0
2066-03-13,39,42771,628,Employed,Master,18,14480,36,Divorced,3,Rent,232,0.0819118347059043,2,0,0.15020054589636,0,Debt Consolidation,0,20,26,27792,406,28198,98402,3564.25,0.6122956672925599,6,9999,0.18548,0.156222189874972,506.37727938958767,0.2071620339172582,1,37.6
2066-03-17,42,40966,633,Employed,Master,20,14760,120,1,1,Rent,276,0.3627198662075058,1,1,0.3253240085615208,0,Auto,0,34,10,960,2508,49515,19842,3413.833333333333,0.6134798356002101,4,29673,0.25326,0.2598011997637553,346.03156890683994,0.1822091204140526,0,52.0
2066-03-20,27,35408,508,Employed,Master,6,12853,84,1,1,Mortgage,703,0.4689037042825558,2,1,0.1395124394245976,0,Education,0,29,22,2887,334,59975,111712,2950.6666666666665,0.8170237240612106,4,6622,0.283853,0.2567321585558398,330.8832323513629,0.3503897082076467,0,52.0
2066-03-31,43,164362,587,Unemployed,Master,19,13872,48,1,4,Mortgage,773,0.4638198852207648,3,0,0.266460800449174,1,Debt Consolidation,0,27,4,3171,2398,77103,81020,13696.833333333334,0.7675171243981764,10,7102,0.215372,0.1723768078772759,401.9849901041184,0.0857851564306191,1,55.2
2066-04-09,27,80237,521,Self-Employed,Master,7,12447,48,0,3,Own,379,0.261117459839088,1,0,0.5324604790352586,0,Home,1,15,25,16579,1201,17780,47168,6686.416666666667,0.5225103925472594,6,2084,0.246947,0.2138487061991454,388.01128659073953,0.1147118591060093,1,52.8
2066-04-19,52,173686,632,Employed,Master,28,15145,24,0,0,Mortgage,595,0.2565918669282495,2,1,0.3116554698601462,0,Home,0,33,7,1990,2165,128074,8316,14473.833333333334,0.8755958256545254,3,119758,0.174145,0.1755026677033657,752.8136017243602,0.0931207076027562,1,36.8
2066-04-27,54,26424,542,Employed,Master,31,53427,60,1,4,Mortgage,292,0.0702246003137198,2,0,0.1592012332617431,0,Education,0,24,12,3156,2427,55602,70296,2202.0,0.7237516099923459,10,7634,0.287427,0.2926935636375911,1704.644689371722,0.906741457480346,0,51.0
2066-05-24,32,46149,505,Employed,Master,11,14132,72,Divorced,2,Mortgage,412,0.2221840895865155,1,1,0.0236669650079851,0,Auto,0,20,19,5090,637,30972,10450,3845.75,0.951870901149128,7,20522,0.276632,0.247754130928011,378.7309634929726,0.2056116397303445,1,40.8
2066-06-05,28,77496,588,Self-Employed,Master,5,11501,72,0,0,Own,322,0.5250056451990138,3,1,0.1266379948557212,0,Other,0,19,28,2529,1876,76510,34426,6458.0,0.6023181765503605,6,42084,0.232501,0.2332977965036074,298.1227712227687,0.0960239658133739,1,43.2
2066-06-15,38,25611,619,Employed,Master,16,27620,120,1,0,Mortgage,714,0.451679620631432,4,1,0.3308921755213753,0,Debt Consolidation,0,35,21,7662,767,28743,8596,1250.0,0.8764669568494389,6,20147,0.27312,0.2435543815805683,615.8277934888233,1.063862234791059,0,54.0
2066-06-17,21,86018,566,Employed,Master,0,29208,36,0,1,Rent,574,0.2408853814713621,2,2,0.3049095401663254,1,Education,0,23,20,1243,4242,165741,50972,7168.166666666667,0.87428654047028,6,114769,0.231208,0.2626238515090717,1180.8947271374586,0.2448177907606489,0,61.0
2066-07-01,27,99584,500,Employed,Master,3,12569,12,1,0,Own,332,0.25004789098001,11,1,0.3073822970573955,0,Home,0,23,14,1736,1057,45155,14453,8298.666666666666,0.8285135446920859,3,30702,0.227569,0.244944063528505,1191.5289196690171,0.1835871930835095,1,42.400000000000006
2066-07-06,39,24045,628,Employed,Master,15,11451,36,1,1,Other,196,0.6373530542209789,3,0,0.1328728461345397,0,Debt Consolidation,0,28,26,3860,957,28862,3152,2003.75,0.7536973541091124,4,25710,0.182451,0.2189412,436.6919007531292,0.3157539117919546,0,51.0
2066-07-07,48,39206,529,Self-Employed,Master,22,36295,36,1,1,Mortgage,497,0.5241671876724903,3,1,0.0671002395837321,0,Debt Consolidation,0,21,10,6697,2985,68960,119359,3267.1666666666665,0.9793462861709508,5,3443,0.256795,0.2241047849023582,1393.841713567845,0.5787405132585355,0,55.0
2066-07-13,60,20453,606,Employed,Master,37,14570,12,0,3,Rent,289,0.3981776202560014,3,0,0.2422240490483801,0,Debt Consolidation,0,25,28,1307,1545,51651,144329,1704.4166666666667,0.8818636911639308,2,7678,0.17657,0.1800886936686517,1335.8389981242678,0.9533109068347536,0,51.0
2066-07-14,47,81586,631,Employed,Master,23,24264,24,0,2,Mortgage,235,0.3725147835790406,3,1,0.646287553256762,0,Debt Consolidation,0,24,22,3510,237,85097,4023,6798.833333333333,0.9153173134970254,4,81074,0.183764,0.1976642150255268,1232.1688181291856,0.2157971443329766,1,41.6
2066-07-26,38,60177,608,Employed,Master,17,22053,48,1,1,Rent,434,0.3819963108414512,3,3,0.2731800254122252,0,Auto,1,16,22,2331,4509,14886,102273,5014.75,0.8258958574778463,5,4376,0.213053,0.1773146683776148,644.7164883036786,0.2151087269163325,0,55.0
2066-08-14,39,51234,643,Employed,Master,16,10272,48,1,0,Mortgage,763,0.1163943457505388,1,0,0.2213910906416856,0,Auto,0,20,11,13948,953,220193,4599,4269.5,0.9298695906582816,3,215594,0.183772,0.1496558713643163,285.6982920581004,0.2456255514833353,1,35.2
2066-08-15,21,27725,485,Unemployed,Master,2,50454,36,1,0,Rent,422,0.0180937708030393,4,1,0.2832334980799921,0,Education,0,27,25,10080,3209,61194,191633,2310.4166666666665,0.7398067002069209,5,8213,0.292954,0.2725147965191512,2066.6084607241205,1.0771253932800522,0,56.0
2066-08-19,48,63735,572,Employed,Master,24,70354,60,Divorced,0,Mortgage,172,0.1445475020163718,4,1,0.2162784867970815,0,Other,0,21,3,2811,1723,31146,13748,5311.25,0.798938535270059,6,17398,0.289354,0.2658241042297169,2130.757508243837,0.433562251493309,0,54.0
2066-08-20,57,47030,511,Employed,Master,35,15823,24,0,2,Rent,404,0.3638111162831029,2,1,0.0817293886952603,0,Home,0,21,25,5801,5246,40365,6059,2196.833333333333,0.7140487077039893,2,34306,0.235323,0.2606261079629269,852.9570146709202,0.5721676722574555,0,51.0
2066-08-28,40,47742,594,Employed,Master,20,22358,36,0,1,Rent,563,0.3070342700906672,3,0,0.4401489927390278,0,Debt Consolidation,0,29,26,4557,2109,142190,13769,3978.5,0.9451017706043008,5,128421,0.210358,0.2236409445108019,858.0791908616326,0.3571896923115829,0,53.0
2066-08-31,25,31614,528,Self-Employed,Master,3,12435,108,0,0,Mortgage,401,0.3864561238033615,4,0,0.1347563557793093,0,Education,0,27,21,8219,1027,43726,28124,2634.5,0.9609505168057252,6,15602,0.293435,0.2770504976549173,313.76341252898857,0.2713089438333606,0,54.0
2066-09-01,50,53576,651,Employed,Master,27,13704,108,0,2,Rent,297,0.3284423086796529,3,2,0.2393115136296047,0,Debt Consolidation,0,14,28,335,471,44665,28190,4464.666666666667,0.8489773314563286,7,16475,0.233204,0.2567733387923234,326.4018698130723,0.1396301037359427,0,46.0
2066-09-04,36,47634,583,Employed,Master,13,57138,60,0,4,Rent,527,0.5513566989629111,2,3,0.0597209567560764,0,Education,0,27,3,11284,289,37486,5460,3969.5,0.6512549591137973,5,32026,0.270638,0.3195323099250939,1917.7417403923955,0.6158815317779054,0,55.0
2066-09-06,40,20094,614,Employed,Master,16,48299,84,1,4,Mortgage,508,0.2832502584764538,2,1,0.6196656345808411,0,Other,0,16,5,1373,2648,25247,33636,1674.5,0.8765918523993629,0,8954,0.266299,0.2998705639368767,1380.5919357400478,1.1278542464855466,0,59.0
2066-09-11,42,93547,620,Employed,Master,24,10017,60,0,0,Rent,252,0.1725480991163516,7,2,0.3916459162419427,0,Home,0,18,1,3424,642,279125,95834,7795.583333333333,0.680710744473654,5,183291,0.205017,0.2000335830877791,265.4079514335554,0.0663719351470668,1,39.2
2066-09-14,25,33433,561,Employed,Master,3,59928,72,0,0,Own,302,0.1632336680267543,3,2,0.2190151807700691,0,Debt Consolidation,0,21,3,2076,334,26343,10803,2786.083333333333,0.5949807630849725,3,15540,0.294428,0.3140740428284703,1857.60448253288,0.7751399452754631,0,55.0
2066-09-15,19,104641,599,Unemployed,Master,0,29200,48,1,1,Mortgage,618,0.1593007717831294,7,2,0.0818411524731423,0,Home,0,29,6,1560,372,49461,45210,8720.083333333334,0.919798071047036,10,4251,0.2247,0.17976,857.3838332634386,0.1691937768098667,1,42.400000000000006
2066-09-16,32,42086,561,Employed,Master,11,16793,48,1,1,Mortgage,580,0.0659180713289767,2,1,0.5285147530241858,0,Home,0,26,10,303,621,124397,27514,3507.1666666666665,0.7443236369895899,6,96883,0.231293,0.2672193586597262,573.0566296663493,0.3287715524401509,0,56.0
2066-09-29,42,36687,631,Employed,Master,23,38311,36,1,1,Rent,425,0.3242555558096424,2,1,0.4443482951351754,0,Auto,1,22,20,13013,7179,285187,15745,3057.25,0.9083662935528316,6,269442,0.207811,0.2090219440039997,1441.446351743008,0.610498438708973,0,54.0
2066-10-07,53,42958,649,Unemployed,Master,31,20893,96,1,0,Mortgage,710,0.3740779464646996,3,0,0.4467492374212353,0,Home,1,21,9,1610,3024,116795,18797,3579.833333333333,0.8666271819331919,4,97998,0.231393,0.2763776587940398,542.1148480053606,0.3497690343140818,0,62.0
2066-10-10,45,84989,615,Employed,Master,20,17112,60,Divorced,0,Rent,676,0.4093327867349032,4,2,0.1410804744622014,0,Debt Consolidation,0,31,29,739,609,220644,40283,7082.416666666667,0.9184691048227484,9,180361,0.2146119999999999,0.2287373871039931,481.1548122569411,0.1633841761531879,1,34.4
2066-10-13,27,24838,575,Employed,Master,3,26064,24,1,3,Own,835,0.7422402266223275,3,2,0.3080565747880425,0,Education,0,30,28,1689,7019,28152,16510,2069.833333333333,0.8749091744853698,4,11642,0.213564,0.2359504834829165,1372.769985260071,1.0666414293872637,0,58.0
2066-10-21,48,35502,444,Unemployed,Master,23,54998,84,1,1,Rent,385,0.3549021380218526,4,0,0.5105704053839614,0,Other,1,24,19,5487,4340,276745,22284,2958.5,0.8842748105908645,6,254461,0.357998,0.3770939014965518,1867.0943840635568,0.7612284549817666,0,62.0
2066-10-22,33,79372,644,Employed,Master,12,9216,36,1,0,Mortgage,230,0.3231452486270196,2,1,0.2907622447394175,0,Education,0,23,27,1736,902,42059,26286,6614.333333333333,0.8001412068427609,5,15773,0.172216,0.1801977346569214,333.2719010432566,0.0851592855480406,1,39.2
2066-10-25,38,85894,496,Employed,Master,15,24195,12,1,0,Mortgage,238,0.3589345107075886,5,1,0.1478021575843795,0,Other,0,26,22,2372,4774,40641,25634,7157.833333333333,0.8329240906835755,4,15007,0.241195,0.2369598719933383,2284.311255195356,0.3523847423841511,1,39.2
2066-10-28,38,52775,483,Employed,Master,14,16559,60,0,0,Mortgage,404,0.2217488754990958,2,0,0.056216713870664,0,Education,0,21,10,22259,332,40896,9108,4397.916666666667,0.6536563337127559,7,31788,0.280059,0.2945039320796344,530.1632796069069,0.2124104093848011,0,50.0
2066-11-01,45,62048,618,Employed,Master,23,16083,108,1,5,Mortgage,282,0.6027859824201788,1,1,0.3085648638460093,0,Education,1,25,10,3615,1831,41228,4475,5170.666666666667,0.950302490773894,4,36753,0.252083,0.2614101744597795,388.2247248954023,0.1296205630922,0,59.0
2066-11-04,37,23769,611,Self-Employed,Master,12,11978,48,0,0,Own,204,0.5186127612446955,1,2,0.1273341248151377,0,Home,0,26,22,2556,2721,40095,187168,1980.75,0.6903855511501406,3,8879,0.201478,0.1977228819280115,363.04324681001816,0.2862770399141831,0,53.0
2066-11-17,37,103302,598,Employed,Master,16,33067,36,1,0,Mortgage,260,0.3414703885614706,4,1,0.530720830346948,0,Home,0,28,10,1335,2341,74451,29813,8608.5,0.7487135179448456,3,44638,0.2190669999999999,0.2082280605142902,1242.7951041780025,0.1745710755855262,1,45.6
2066-12-12,45,21740,568,Unemployed,Master,20,48512,60,1,4,Own,372,0.2888865027150601,7,1,0.1543779802456258,0,Other,0,26,7,2409,1629,321792,33940,1811.6666666666667,0.8829042574548016,4,287852,0.269512,0.2684167568910635,1476.742610329835,1.0204651022979772,0,50.0
2066-12-25,18,59455,532,Employed,Master,0,18303,60,1,1,Own,907,0.6543145953978136,5,0,0.476429847352363,0,Home,1,25,3,5578,949,126064,38103,4954.583333333333,0.8612801213925069,4,87961,0.257303,0.252167093484624,539.5451340463256,0.2919610059466135,0,65.0
2066-12-28,48,73593,626,Employed,Master,24,17879,48,1,0,Mortgage,915,0.0839169000782835,3,0,0.5763641604693144,0,Debt Consolidation,0,20,19,2165,109,71433,40578,6132.75,0.858025599787963,4,30855,0.199879,0.2294929940672238,572.5517287756591,0.2425586773919789,0,54.0
2067-01-03,36,130172,434,Employed,Master,15,11477,36,1,1,Rent,210,0.5313511697837897,3,3,0.11035623875613,0,Debt Consolidation,0,43,16,1566,285,22251,54112,10847.666666666666,0.7388256431116423,5,4122,0.279477,0.2435595661892137,452.42325832937735,0.0610659673351606,1,39.2
2067-01-07,29,25720,609,Self-Employed,Master,7,20781,24,1,1,Own,575,0.1570737181609045,1,2,0.2182110789719603,0,Home,0,24,6,1364,354,70108,7889,2143.333333333333,0.9718701742526052,4,62219,0.1912809999999999,0.2004956695409845,1058.168941214108,0.7619761778603924,0,53.0
2067-01-13,50,45139,620,Employed,Master,32,33018,36,1,1,Other,346,0.526049026586676,3,1,0.0625087045311862,0,Auto,0,25,20,3628,4350,66441,28107,3761.5833333333335,0.6936145223041755,4,38334,0.208018,0.2201488982537042,1261.226733544725,0.4272739937202131,0,49.0
2067-01-14,19,83864,487,Employed,Master,0,9653,120,0,1,Own,323,0.5971523961896268,2,2,0.1163553468035666,0,Debt Consolidation,0,28,18,836,175,25278,47002,6988.666666666667,0.7625735316590189,4,1418,0.321153,0.3678144026056184,303.99423571732353,0.0897158593509477,0,50.0
2067-01-23,50,126414,559,Employed,Master,24,51030,36,1,3,Mortgage,173,0.1441025457144159,0,1,0.7845949711873293,0,Debt Consolidation,0,29,2,1149,479,144128,192231,10534.5,0.7770603380159596,6,3343,0.25653,0.2539539409191285,2039.6304900694568,0.2100365931054588,0,59.0
2067-02-04,38,118996,511,Unemployed,Master,13,17315,120,Divorced,0,Rent,369,0.142735630676642,2,4,0.2150588810203003,0,Auto,0,24,18,6582,716,33308,7019,9916.333333333334,0.8558013157716293,2,26289,0.316815,0.3568465395282315,530.6632281434453,0.0907253919267987,0,53.0
2067-03-03,49,37272,659,Employed,Master,27,52879,60,0,0,Rent,717,0.2979223637048521,4,0,0.1740783786581543,0,Auto,0,24,22,19469,734,20203,23628,3106.0,0.9385955567487884,10,4403,0.228379,0.248399229332909,1547.1099932463335,0.7289471967953426,0,45.0
2067-03-04,21,22196,533,Employed,Master,0,9101,72,1,3,Own,174,0.479330973694995,3,0,0.3224351138464214,0,Debt Consolidation,0,22,2,2028,100,35248,39290,1849.6666666666667,0.8613100458386312,1,3559,0.2576009999999999,0.2395876690893005,239.3727333932788,0.2234849883185864,0,61.0
2067-03-19,38,35167,592,Employed,Master,18,19625,60,1,0,Mortgage,594,0.1810917398977455,2,1,0.1814309660874294,0,Education,0,20,4,514,1109,68663,8680,2930.583333333333,0.8541388280521215,3,59983,0.228625,0.246684713901933,572.211591857831,0.3979452072196653,0,51.0
2067-03-22,25,36883,563,Unemployed,Master,2,9555,24,1,2,Rent,604,0.2900070543534162,3,1,0.3190790973895301,0,Home,0,26,11,385,1409,411730,12322,3073.583333333333,0.8863938219383384,3,399408,0.2030549999999999,0.2009709161760724,486.7627175098772,0.3548830791995913,1,41.6
2067-03-25,50,35566,637,Employed,Master,28,19196,60,1,2,Mortgage,246,0.0268502092691534,5,0,0.177766287414776,0,Auto,0,16,27,1552,444,23314,15370,2963.833333333333,0.9279708186433012,1,7944,0.205696,0.2113986480549408,520.8277289173449,0.2587283570547191,0,47.0
2067-03-29,53,38135,587,Employed,Master,31,29310,84,0,0,Rent,177,0.1077224347723874,5,0,0.1863635456820878,0,Debt Consolidation,0,19,1,463,2186,35400,9317,3177.9166666666665,0.8991244086059427,7,26083,0.26081,0.28933906467163,817.1518919270031,0.3128313282581366,0,54.0
2067-04-03,42,59087,606,Unemployed,Master,19,22635,96,Widowed,1,Rent,598,0.3038962139946172,3,0,0.4211783776923923,0,Home,0,33,2,2283,895,20810,4371,4923.916666666667,0.8178700650071575,4,16439,0.254635,0.2332550475938542,522.2472087079306,0.227511406984534,0,60.0
2067-04-06,34,30865,469,Employed,Master,14,20082,36,Divorced,2,Mortgage,621,0.2003207138169343,0,2,0.637750484818017,0,Other,0,19,2,1187,386,79800,14743,2572.083333333333,0.6409760089629166,5,65057,0.270582,0.2976566352026082,849.9370723745521,0.5718854647171432,0,61.0
2067-04-07,43,32660,598,Unemployed,Master,21,31915,36,1,0,Mortgage,596,0.3384196591804103,5,0,0.1019268383453882,0,Education,0,28,11,4889,1080,22248,16950,2721.6666666666665,0.8869480347018924,3,5298,0.217915,0.2196554979527571,1218.27959319922,0.6666060967051636,0,54.0
2067-04-14,43,141438,518,Employed,Master,20,16521,36,0,2,Own,435,0.0447914807684032,2,0,0.6760524538003583,0,Auto,0,29,28,9211,1053,17531,50663,11786.5,0.7436213882927313,6,7095,0.242521,0.2269401259414977,636.891503806617,0.0909423071994754,1,44.0
2067-05-01,18,99127,449,Employed,Master,0,59474,60,1,0,Rent,446,0.5389215179499148,2,2,0.2010092539463085,0,Debt Consolidation,0,19,3,2910,434,11883,15412,8260.583333333334,0.6951279556154621,6,5156,0.339974,0.3558008360846165,2132.886157342403,0.3121917730599012,0,55.0
2067-05-03,24,38432,627,Employed,Master,1,24603,60,1,1,Rent,194,0.4189933786182331,5,0,0.3413364317642544,0,Debt Consolidation,0,19,15,2125,2147,152441,11647,3202.6666666666665,0.8417332384764032,6,140794,0.216103,0.2253943388346235,687.0754006671947,0.2751068070359684,0,49.0
2067-05-08,50,48561,638,Unemployed,Master,29,11704,36,Divorced,0,Other,459,0.2958441872977035,3,0,0.1003614990548396,0,Education,0,28,26,1199,1867,70546,11233,4046.75,0.7503630526068039,2,59313,0.177704,0.1753135291759032,420.38115772368815,0.2173055310369279,1,39.2
2067-05-11,35,46605,444,Employed,Master,10,36459,48,0,0,Mortgage,658,0.0961755647082937,4,1,0.2725634883635781,0,Auto,0,30,17,2058,145,98935,29964,3883.75,0.9638556802607356,5,68971,0.309459,0.3046114657381881,1322.5391956312633,0.5099553770534312,0,50.0
2067-05-24,48,20122,590,Employed,Master,26,22636,72,0,2,Mortgage,655,0.2818863863744923,1,1,0.4214926069662155,0,Debt Consolidation,0,22,22,5368,179,141156,31763,1676.8333333333333,0.8751941913676178,2,109393,0.242636,0.2457876010975369,603.9120616770043,0.7507675549211833,0,54.0
2067-06-04,39,15855,517,Employed,Master,14,19635,24,Divorced,1,Own,462,0.2028802404153835,4,0,0.5399256946502582,0,Home,0,16,1,79,1622,204441,14608,1321.25,0.8231558120547897,5,189833,0.236135,0.265365152179516,1063.1476320532165,1.1543217650355468,0,60.0
2067-06-07,45,40395,641,Employed,Master,24,30897,24,1,1,Own,472,0.522814426948768,3,0,0.2578950005979215,0,Debt Consolidation,0,23,12,2852,1109,74147,21061,3366.25,0.5742060718610525,3,53086,0.185397,0.2149960495391935,1595.2546488694695,0.6141120382827983,0,49.0
2067-06-10,24,48873,593,Employed,Master,6,35034,36,1,1,Mortgage,206,0.1916913526188085,3,1,0.2698473215814628,0,Home,0,24,19,6452,609,64987,3014,4072.75,0.6772996569165538,5,61973,0.223534,0.2291791045042272,1354.6578999436351,0.3831951138527126,0,50.0
2067-06-25,44,91099,597,Employed,Master,24,21796,12,0,5,Own,587,0.2746641666321067,1,0,0.3648309476025245,0,Home,0,21,23,1784,26294,53914,93065,7591.583333333333,0.6756663246849289,7,4305,0.188296,0.1848485853160936,2003.290011025519,0.3412055031592688,1,42.400000000000006
2067-07-04,18,24635,590,Employed,Master,0,18945,36,0,1,Own,607,0.084758751116213,4,1,0.5365946290714438,0,Other,0,27,8,1715,893,126575,4813,2052.9166666666665,0.8452358582461548,7,121762,0.208945,0.2128517553746432,716.5310816866677,0.6447076509129293,0,56.0
2067-07-06,43,38501,557,Employed,Master,18,17043,48,0,2,Own,280,0.481827512136482,4,1,0.3657473676679751,0,Debt Consolidation,0,20,1,7793,1993,81999,142968,3208.4166666666665,0.9014466977242144,3,10944,0.233543,0.2162488917744273,533.493363966073,0.2535497874754649,0,60.0
2067-07-11,40,88366,637,Self-Employed,Master,15,43142,24,0,1,Own,381,0.2865168206869101,5,0,0.2807193212122779,0,Debt Consolidation,0,20,6,1934,421,38855,47573,7363.833333333333,0.608477309143362,7,9379,0.199642,0.1917642827725613,2178.4283998692745,0.3475673992081943,0,53.0
2067-07-14,31,50971,551,Employed,Master,9,27436,60,1,3,Mortgage,276,0.2933607162255892,5,1,0.3167628095307772,0,Education,0,22,6,6128,2941,35746,9115,4247.583333333333,0.9349188997803978,8,26631,0.256936,0.3083231999999999,901.7252602227676,0.2772694889775208,0,56.0
2067-07-22,44,15631,609,Employed,Master,23,23800,48,Divorced,1,Mortgage,709,0.1983895556814708,0,0,0.4811533493059299,0,Auto,0,24,18,1055,704,39041,33490,1302.5833333333333,0.9434861066019594,7,5551,0.2143,0.1961212380619052,719.3332737464052,1.0965388833060496,0,54.0
2067-07-31,36,56292,591,Employed,Master,15,23780,36,1,0,Other,281,0.398222975098765,5,0,0.1839331205921645,0,Education,0,24,4,4796,1031,22313,3923,4691.0,0.8358408143204334,4,18390,0.21328,0.2177205003664958,905.3671092496314,0.2529028158707379,0,53.0
2067-08-06,49,88570,669,Employed,Master,27,27809,72,0,2,Mortgage,305,0.0797949904732504,2,0,0.089335098813419,0,Debt Consolidation,0,24,13,2975,2291,131982,8854,7380.833333333333,0.9335731937504016,1,123128,0.208309,0.1947378823818243,657.6490953537556,0.1304255294596936,1,30.4
2067-08-11,18,39699,554,Unemployed,Master,0,37952,60,0,1,Own,540,0.3233073426136686,1,0,0.170063838098324,0,Debt Consolidation,1,32,24,10107,1148,43447,51661,3308.25,0.9371422556058482,4,5019,0.2659519999999999,0.2992116358607223,1226.0389206238676,0.5338287374363689,0,60.0
2067-08-26,53,39261,652,Employed,Master,29,22415,48,Divorced,3,Rent,267,0.5079230273193944,3,0,0.0719537448893186,0,Home,1,25,21,5340,264,75182,66372,3271.75,0.6556780106231743,5,8810,0.191415,0.1886862264204084,668.6581952356146,0.2859809567465774,0,52.0
2067-08-31,59,103457,609,Employed,Master,35,22205,72,0,0,Mortgage,260,0.4392602296509689,5,0,0.5947189559410537,0,Education,0,33,2,2389,1087,36614,7653,8621.416666666666,0.8955613519444324,0,28961,0.232705,0.2216361488757926,560.0841914626309,0.0951217442758979,1,47.2
2067-09-29,59,46556,661,Employed,Master,34,24567,72,0,1,Rent,201,0.4285247948898833,4,0,0.3295456591327615,0,Home,1,31,21,1746,2761,79343,17440,3879.6666666666665,0.8712314638349173,9,61903,0.209067,0.2301060422063134,632.096043460971,0.2147339230503405,0,54.0
2067-10-06,35,42150,641,Self-Employed,Master,11,64371,84,1,0,Rent,260,0.0897582103300119,6,2,0.6957555916606217,0,Home,0,34,21,7430,201,39275,12264,3512.5,0.658884819686943,6,27011,0.268871,0.271626843431304,1719.386399858966,0.5635263771840473,0,58.0
2067-10-12,54,72451,609,Self-Employed,Master,32,7609,24,Divorced,4,Other,311,0.0872114313306414,2,2,0.4275113958436978,0,Auto,0,30,1,6646,582,226117,75242,6037.583333333333,0.8246912611055183,9,150875,0.178109,0.1666452013972258,374.9807889923577,0.1136184382259498,1,44.0
2067-10-19,34,33628,636,Employed,Master,12,16908,60,1,1,Rent,483,0.20108867015675,3,1,0.2878105041485094,0,Debt Consolidation,1,27,17,591,2190,116448,40592,2802.333333333333,0.8201362240397951,7,75856,0.203908,0.2056920435199777,453.3303804224894,0.3341252695691052,0,54.0
2067-10-24,45,27697,606,Employed,Master,23,20055,60,0,2,Own,544,0.4405856124312222,6,2,0.14300606180375,0,Debt Consolidation,1,29,14,997,615,38292,21304,2308.083333333333,0.75450577612205,4,16988,0.222055,0.2538605291739339,593.1884551264604,0.4926981789189271,0,56.0
2067-10-31,51,17014,616,Unemployed,Master,31,18033,84,0,0,Rent,484,0.1774691061044984,1,2,0.2128015419787167,0,Education,0,32,4,12916,979,41666,121975,1417.8333333333333,0.8269587904092647,0,4408,0.235033,0.2465598129738096,452.4857995253875,0.660504854490693,0,56.0
2067-11-01,40,39257,623,Employed,Master,16,29636,48,0,2,Rent,541,0.2344108830018494,1,1,0.4466260040858956,0,Other,0,27,21,5022,1693,244236,16050,3271.4166666666665,0.7103111446474334,4,228186,0.213136,0.1940382886372902,892.4475733281764,0.4381733418228117,0,50.0
2067-11-03,52,39998,632,Employed,Master,31,32969,24,1,1,Other,156,0.3499639375914417,4,0,0.1187330832611354,0,Education,0,21,3,25216,8344,151345,17485,3333.1666666666665,0.8377174182691287,3,133860,0.191969,0.1569450341906127,1609.4564780587414,0.5296634265889519,0,47.0
2067-11-04,34,66671,598,Employed,Master,14,32877,60,0,0,Rent,1269,0.4806988262292764,5,1,0.334139005011832,0,Auto,0,21,2,694,533,61436,5830,5555.916666666667,0.8744188560191227,3,55606,0.238877,0.2264682746849393,920.1591894113328,0.3940230425962712,0,57.0
2067-11-06,40,123874,524,Employed,Master,17,12922,48,1,2,Mortgage,349,0.1278146378815047,3,0,0.4196281989847631,0,Debt Consolidation,0,29,12,2190,275,19741,12715,10322.833333333334,0.9760001270658768,4,7026,0.245922,0.2630100680184641,437.88619409362167,0.0762277340614129,1,42.400000000000006
2067-11-12,49,81565,607,Employed,Master,26,43926,72,0,1,Rent,220,0.1863397370208995,3,2,0.3627198736324211,0,Debt Consolidation,0,32,12,9986,2953,34052,31102,6797.083333333333,0.9207402888454996,5,2950,0.255426,0.2059924764715772,1067.465391942529,0.1894143897910911,0,49.0
2067-11-13,45,59932,600,Unemployed,Master,24,26763,72,1,0,Mortgage,554,0.3230237430607234,3,1,0.4762941879708516,0,Auto,0,28,8,1870,1438,40047,19167,4994.333333333333,0.7977365431556596,5,20880,0.241763,0.2208558150150721,673.8107528482903,0.2458407701091151,0,57.0
2067-11-18,37,34542,589,Employed,Master,13,51208,36,1,0,Own,149,0.4507477405877628,3,2,0.5340640417750505,0,Home,0,22,23,5504,511,96495,31616,2878.5,0.6356667512168135,4,64879,0.241708,0.2168556942869983,1947.3368368225904,0.7282740444059719,0,58.0
2067-12-09,35,61026,637,Employed,Master,14,18113,72,0,5,Rent,214,0.1840582073887915,1,3,0.3358209369375365,0,Home,0,24,6,1031,8175,99588,7492,5085.5,0.8790696327079395,7,92096,0.214613,0.2342749547600451,470.58261295037096,0.1346146127126872,0,50.0
2067-12-10,42,46540,556,Employed,Master,17,16169,84,Divorced,0,Other,357,0.2833061870335833,5,2,0.2469713874576813,0,Home,0,23,25,1099,446,18777,5726,3878.3333333333335,0.6566487787126314,3,13051,0.263169,0.3024046601990531,464.93736043557175,0.211930561349954,0,53.0
2067-12-11,31,82173,587,Employed,Master,9,32435,72,Divorced,1,Other,309,0.0751176924480741,2,0,0.4342358228419384,0,Home,0,26,28,1814,1504,24859,69499,6847.75,0.7886978450188311,2,3954,0.253935,0.2304510714922758,835.2076488912511,0.1670924973737725,1,43.2
2067-12-19,33,98341,553,Employed,Master,11,9378,36,0,0,Rent,417,0.2557493163070765,4,0,0.4773169559208812,0,Home,0,33,21,614,3516,13947,107167,8195.083333333334,0.7364310364643599,9,10386,0.217878,0.2042081238693883,350.5341234994926,0.0936578790330982,1,44.0
2067-12-20,55,53881,564,Employed,Master,35,59467,60,1,1,Other,344,0.3506737505284097,2,0,0.445447400122869,0,Home,0,23,12,2141,937,57280,9199,4490.083333333333,0.8190256777010747,6,48081,0.2824669999999999,0.2979435172832444,1916.45450455054,0.5034326396059183,0,56.0
2067-12-21,29,32021,569,Employed,Master,4,24350,12,1,4,Rent,863,0.501582906244922,0,3,0.2087926685681821,0,Education,0,26,25,6721,4128,111993,174448,2668.4166666666665,0.952908107054534,4,1862,0.20485,0.2187863167129167,2277.6010653075928,1.1769530240683026,0,54.0
2068-01-22,52,47142,679,Employed,Master,29,26227,96,Widowed,3,Own,439,0.1709611432462252,3,0,0.2268289902386241,0,Auto,0,22,22,1554,383,28858,40833,3928.5,0.8387037361955386,7,2311,0.221727,0.2384072800318443,613.9420108397753,0.2680264759678695,0,46.0
2068-02-03,24,25620,583,Employed,Master,3,21177,36,0,1,Own,399,0.0507651162783183,4,1,0.0415148131971239,0,Auto,1,24,28,3063,724,36472,12933,2135.0,0.566689722245538,8,23539,0.214677,0.2576124,850.5433264002561,0.5852661950352488,0,57.0
2068-02-16,52,80783,657,Employed,Master,27,19464,48,1,2,Mortgage,504,0.3898951029360725,3,1,0.4000448724854915,0,Auto,0,26,23,4707,409,21820,23491,6731.916666666667,0.582173062874145,4,5138,0.185964,0.1902238212909625,582.2058107043212,0.1613516424056033,1,39.2
2068-02-23,30,38117,636,Employed,Master,10,21487,48,0,1,Own,348,0.5549091090916255,4,1,0.6040791458150041,0,Home,0,18,25,2383,3524,69136,22330,3176.4166666666665,0.6580348246014784,5,46806,0.198487,0.1751324189977135,625.7284986584111,0.3065493607550681,0,57.0
2068-03-03,38,23757,553,Employed,Master,16,13886,72,1,3,Mortgage,727,0.4157453165872629,4,1,0.3246932096804407,0,Debt Consolidation,0,21,12,3536,1213,87701,58260,1979.75,0.7478705102999506,4,29441,0.252386,0.2595618911221711,382.2381567560472,0.5602920352347757,0,57.0
2068-03-07,53,67954,661,Unemployed,Master,34,14112,84,0,4,Mortgage,186,0.50278658773098,0,0,0.2664281810599617,0,Auto,1,22,21,16149,241,160863,7701,5662.833333333333,0.6864280036491225,9,153162,0.208612,0.187153681048225,302.55018382865484,0.0862730995370965,1,41.6
2068-03-14,34,37385,530,Employed,Master,8,23342,36,1,3,Other,303,0.300471260002377,3,0,0.3564868469210879,0,Home,0,17,7,3987,1682,92210,36552,3115.4166666666665,0.9218460182714168,8,55658,0.243342,0.2448233525875588,921.6950967318056,0.3931079620377603,0,54.0
2068-03-21,53,18469,616,Self-Employed,Master,29,11584,36,1,2,Other,1492,0.2724824303167966,5,3,0.1385965022199691,0,Home,0,22,6,916,1027,66675,30141,1539.0833333333333,0.8746765854133408,5,36534,0.188584,0.1862776291460544,422.4463678678976,1.2438874012894456,0,54.0
2068-04-06,40,126599,629,Employed,Master,18,29533,84,0,0,Rent,238,0.1461494227771996,5,1,0.0368549549403205,0,Auto,0,16,13,2037,6029,15364,8437,10549.916666666666,0.787185993113081,8,6927,0.240033,0.2489277169715845,745.5049940267896,0.0932239585488153,1,35.2
2068-04-09,35,130907,579,Employed,Master,15,43875,48,Divorced,1,Mortgage,196,0.5986407124323044,3,1,0.4399342764550119,0,Auto,0,17,26,1663,5834,75637,17554,10908.916666666666,0.6144157102626121,5,58083,0.249375,0.2417502198322497,1434.6541173685046,0.1494790149374904,1,42.400000000000006
2068-04-12,41,56430,581,Employed,Master,20,19328,48,0,1,Rent,592,0.2246005547133404,4,2,0.5613009656728264,0,Home,0,27,24,10648,2097,72442,14592,4702.5,0.881493038344839,1,57850,0.223828,0.2651713981112377,657.3240180348854,0.2656723058022084,0,56.0
2068-04-23,18,15000,532,Employed,Master,0,21789,24,1,3,Other,617,0.341748546852327,5,1,0.1695237943104534,0,Auto,0,30,29,2759,154,82926,23758,1250.0,0.9637480617073372,6,59168,0.230789,0.2350736152462956,1146.6578199206328,1.4109262559365063,0,50.0
2068-04-28,40,111434,668,Employed,Master,19,31096,120,Divorced,5,Own,754,0.2574487780758695,3,3,0.4466520558424414,0,Education,0,30,4,1917,721,39126,91513,9286.166666666666,0.9383676474092328,6,8730,0.252096,0.2392425864763935,683.9659720145299,0.1548503299188251,1,41.6
2068-04-30,46,87308,609,Employed,Master,28,18201,108,0,1,Mortgage,348,0.0789784604495196,3,1,0.4571450273072972,0,Auto,0,33,21,7006,1336,137253,43145,7275.666666666667,0.8082952258057399,7,94108,0.2587009999999999,0.2908164435985458,477.0204838812468,0.1133944862621404,1,39.2
2068-05-07,41,37926,642,Employed,Master,15,15550,108,0,2,Mortgage,578,0.1064599150941826,10,1,0.0799998901132796,0,Home,0,23,15,5592,2483,40065,27361,3160.5,0.9369532467912088,7,12704,0.23955,0.2601878595674307,374.0412645803086,0.3012312180288906,0,47.0
2068-05-11,39,86834,596,Self-Employed,Master,18,38064,36,0,3,Mortgage,672,0.5423580198708791,1,1,0.0810277790589539,0,Home,0,32,4,4789,388,50643,12847,7236.166666666667,0.7282940559280009,4,37796,0.225064,0.2397525867186981,1492.864872865949,0.2991728870533591,0,56.0
2068-05-12,30,76093,605,Employed,Master,9,11976,60,Divorced,0,Mortgage,339,0.2395367307273208,3,3,0.124042816255278,0,Auto,0,24,13,1769,110,112273,148048,6341.083333333333,0.6741936772302839,5,1673,0.214476,0.2241084936985583,333.5676925417965,0.1060651086236783,1,37.6
2068-05-17,50,28515,530,Employed,Master,29,5894,48,1,4,Own,200,0.7031349661544647,2,0,0.3246105391048333,0,Home,0,17,22,256,546,39688,35696,2376.25,0.852382322536649,4,3992,0.235894,0.2382576375104503,191.5879264692622,0.1647923940954286,1,46.400000000000006
2068-05-30,53,60712,598,Employed,Master,29,7319,72,1,2,Other,606,0.269865458820187,2,4,0.4068788823087481,0,Debt Consolidation,0,21,26,22555,4495,98434,7022,5059.333333333333,0.7425816868754384,6,91412,0.223319,0.2264397090334285,186.70613867815635,0.1566819354351343,1,43.2
2068-06-02,28,43387,493,Employed,Master,5,14507,72,0,3,Own,385,0.4696079215482538,3,0,0.4865021645059658,0,Auto,0,35,2,5236,422,42599,13569,3615.5833333333335,0.7924028880307012,3,29030,0.283007,0.2524893465965849,392.99651457746825,0.2151786981107156,0,62.0
2068-06-05,74,110160,641,Employed,Master,55,18358,12,1,2,Rent,167,0.3058544541842532,6,0,0.4227137115227892,0,Education,0,27,6,5846,588,33128,8699,9180.0,0.6341025007813599,4,24429,0.162858,0.148241305075605,1655.438994840993,0.1985227663225482,1,43.2
2068-06-10,35,78123,510,Employed,Master,11,24498,60,1,1,Mortgage,348,0.0714674099305218,0,2,0.6699070919874581,0,Education,1,23,12,1049,2541,520531,32334,6510.25,0.9609414456159676,2,488197,0.274498,0.2721502853470771,751.206127033653,0.1688423834773861,1,45.6
2068-06-22,30,104619,515,Employed,Master,10,136565,36,Widowed,1,Other,638,0.1523048382224203,4,0,0.3745554919455698,0,Home,0,17,24,1723,2007,108716,16437,8718.25,0.9317216864772132,7,92279,0.3640649999999999,0.328440454414289,6012.16852914635,0.7627870879071316,0,50.0
2068-06-24,33,92396,611,Self-Employed,Master,13,25411,60,0,3,Own,544,0.1473079099867356,2,1,0.3088255514781097,0,Auto,0,29,12,1051,421,186226,40346,7699.666666666667,0.9474170775320258,6,145880,0.2249109999999999,0.2307664753662514,717.4675277819517,0.1638340440428527,1,38.400000000000006
2068-06-25,42,42899,523,Employed,Master,16,34287,108,1,4,Own,591,0.3896295857038652,4,0,0.2059528273982429,0,Other,0,29,22,9081,6260,108168,51647,3574.9166666666665,0.5713573417597236,9,56521,0.317787,0.2741137583708762,858.0550491248882,0.4053395321452402,0,51.0
2068-06-29,34,58598,608,Employed,Master,9,43423,72,0,0,Mortgage,463,0.5231181383018827,2,1,0.6430697752833407,0,Home,0,21,9,7931,7097,129495,22410,4883.166666666667,0.949978186836623,4,107085,0.254423,0.2473072805842156,1162.528490387478,0.3328840896387203,0,53.0
2068-07-03,50,77107,636,Unemployed,Master,27,14828,48,1,2,Rent,226,0.1336554830286612,0,0,0.3463704119877891,1,Home,0,22,11,9105,4479,38494,12146,6425.583333333333,0.9728945334616266,5,26348,0.191828,0.1534624,415.2814939627661,0.0998012881781575,1,52.0
2068-07-07,32,57933,547,Employed,Master,8,23681,48,1,1,Own,364,0.3973689021607003,4,1,0.3037407144985657,0,Home,0,22,16,1065,1103,45033,72924,4827.75,0.8034573933681731,6,8695,0.245181,0.2497737334949955,784.8951321967743,0.2379773460093779,0,54.0
2068-07-15,40,42629,593,Employed,Master,19,10379,36,1,2,Rent,206,0.6486768350455844,3,0,0.0473621473488352,0,Education,0,29,28,2629,1001,3871,57694,3552.4166666666665,0.7767615701200957,6,10626,0.198879,0.196602748829763,383.92658634320986,0.1660634553031626,1,42.400000000000006
2068-07-21,57,30980,619,Employed,Master,33,12625,48,1,2,Mortgage,530,0.3047360035528205,4,2,0.2210862445744367,0,Debt Consolidation,0,28,20,1251,2527,30564,16286,2581.6666666666665,0.8398319858946143,8,14278,0.198125,0.2015428338955341,385.22188113213696,0.3545081527948884,0,50.0
2068-07-25,48,70409,536,Employed,Master,23,58308,108,1,1,Own,392,0.3033739511282504,6,2,0.1438175448882324,0,Debt Consolidation,0,39,8,1954,352,31497,25963,5867.416666666667,0.8524612936131397,2,5534,0.335308,0.3550174350185832,1802.356902795248,0.3739902971714266,0,51.0
2068-07-28,28,105848,570,Unemployed,Master,4,20336,48,1,2,Own,350,0.3240691149024529,3,1,0.0284701171137751,0,Debt Consolidation,0,23,10,18728,276,94969,75341,8820.666666666666,0.9093190776745432,5,19628,0.230336,0.2132828718175901,633.3147098796117,0.1114785023671239,1,41.6
2068-07-29,18,51706,621,Employed,Master,0,31874,36,1,1,Own,179,0.4244671152336656,3,0,0.545175761235815,0,Auto,0,19,21,1930,1093,235600,9901,4308.833333333333,0.8596217032238929,3,225699,0.206374,0.1804644742424025,1153.0642654270137,0.309147317238312,1,41.6
2068-07-31,49,137201,676,Employed,Master,27,17109,84,1,2,Mortgage,514,0.2332082899770873,5,0,0.378513130536308,0,Debt Consolidation,0,23,2,2823,632,49412,12714,11433.416666666666,0.7526299940270283,2,36698,0.2041089999999999,0.1926375834196367,372.3777874683439,0.0775251889535799,1,40.0
2068-08-02,48,51571,575,Employed,Master,28,27994,48,1,1,Rent,328,0.4042031413269013,3,1,0.2763924286682145,1,Home,0,21,1,2040,1475,67210,2060,4297.583333333333,0.8380658548422947,15,65150,0.235494,0.1883952,834.6551339207751,0.2705369608316554,0,67.0
2068-08-14,38,35848,607,Employed,Master,14,21750,24,1,2,Mortgage,471,0.5899565683389755,2,1,0.3222602821704253,0,Home,0,27,15,14027,52572,66599,29238,2987.333333333333,0.9472501077304536,9,37361,0.1932499999999999,0.1906675534460614,1097.0929754145548,0.5249139618660639,0,53.0
2068-08-15,34,65072,584,Employed,Master,11,13421,84,0,0,Rent,373,0.32067439656168,3,0,0.176296900176552,0,Home,0,20,28,19225,1788,294414,179740,5422.666666666667,0.6806472550238369,8,114674,0.246421,0.2787080937212704,364.7223301796654,0.1360441966153796,1,36.8
2068-08-17,39,87847,627,Employed,Master,13,22570,108,0,1,Mortgage,355,0.1688694294482792,6,2,0.2172613152950648,0,Home,0,34,28,1476,268,95979,42510,7320.583333333333,0.6665777294514461,8,53469,0.25407,0.2478658261912162,523.7626513748439,0.120039976510275,1,36.0
2068-08-23,42,249177,532,Employed,Master,19,25489,60,Widowed,4,Mortgage,305,0.2209908311253481,4,0,0.6114888868925776,0,Education,0,25,5,3098,519,386338,22150,20764.75,0.7585468188484485,5,364188,0.264489,0.2702987340478698,778.7701322911928,0.0521927849981913,1,41.6
2068-08-24,53,24687,628,Employed,Master,30,28917,36,Divorced,2,Other,547,0.2916076662006407,4,1,0.1761203927996656,0,Home,0,32,2,3725,2589,61944,22258,2057.25,0.589473325401384,5,39686,0.199917,0.2298103366305359,1119.0831847301497,0.8098593679572971,0,53.0
2068-08-27,28,51897,535,Employed,Master,6,12676,48,1,1,Own,298,0.0792512705643371,4,2,0.3425055725054711,0,Debt Consolidation,0,19,8,1511,2757,151682,33276,4324.75,0.7366880749468206,7,118406,0.240176,0.2452567617851965,416.9532892474728,0.1653166747783045,1,40.0
2068-08-30,53,66824,570,Employed,Master,32,19282,72,0,1,Mortgage,1037,0.3173364480899187,4,1,0.3847316935297125,0,Other,0,23,20,17852,1402,195996,97443,5568.666666666667,0.8895039497630128,2,98553,0.249282,0.2772471162261729,552.0991880665882,0.2853643938824233,0,52.0
2068-09-04,35,44504,584,Employed,Master,13,19567,72,1,1,Other,1352,0.6037566277291609,3,1,0.1690682154128189,0,Education,0,28,21,18187,1274,321871,5656,3708.6666666666665,0.7053311186041035,5,316215,0.242567,0.2568708633785916,535.3593318741699,0.5089050867897277,0,47.0
2068-09-05,44,80473,597,Employed,Master,19,26774,60,1,2,Own,323,0.3345226962138858,3,1,0.3695381603233786,0,Debt Consolidation,0,24,19,6784,1047,19153,302053,6706.083333333333,0.9169230675967752,7,2960,0.2332739999999999,0.2282069677675236,752.0160610166192,0.160304608156766,1,42.400000000000006
2068-09-12,40,21353,498,Employed,Master,16,12125,48,1,0,Own,256,0.3143933759226543,4,0,0.5697458944118358,0,Home,1,20,11,1614,541,197423,39665,1779.4166666666667,0.7561931847330368,5,157758,0.258125,0.2819237587375752,423.91803702017353,0.382101645869062,0,62.0
2068-09-14,44,149104,560,Self-Employed,Master,20,25894,48,1,4,Rent,313,0.0986218324940091,9,0,0.1320827304347258,0,Auto,1,31,24,6638,455,132974,103361,12425.333333333334,0.7729614386159916,4,29613,0.240894,0.2370048222270946,839.9100266307606,0.0927870501097832,1,44.8
2068-09-23,19,84602,578,Employed,Master,0,26772,72,0,4,Rent,482,0.4668953907907757,3,1,0.3139875125563263,0,Education,0,17,19,6246,2699,89784,31542,7050.166666666667,0.7532749358039217,4,58242,0.252772,0.2867451985392579,782.6767807026282,0.1793825366827207,0,52.0
2068-09-26,37,36948,563,Self-Employed,Master,11,13149,36,1,2,Mortgage,239,0.1491070782337381,3,0,0.1222252131174855,0,Debt Consolidation,0,26,14,4913,949,207530,14055,3079.0,0.8985235274203734,4,193475,0.2166489999999999,0.251718413393486,523.9977358347802,0.2478069944250666,0,49.0
2068-09-27,55,223638,637,Employed,Master,33,14075,48,Widowed,4,Own,349,0.1112722329696091,6,1,0.2756173958260359,0,Home,0,35,25,3428,336,4723,31694,18636.5,0.9382410628207988,3,9094,0.190575,0.2023928764454447,430.10383757546913,0.0418052658801528,1,36.8
2068-09-29,38,33386,604,Self-Employed,Master,18,31949,60,1,3,Own,548,0.0719953231318801,2,0,0.1356870143765859,0,Auto,0,19,23,420,1810,45774,35597,2782.1666666666665,0.7058167747978048,5,10177,0.234949,0.2386019725422591,916.5170099102744,0.5263944203834928,0,50.0
2068-10-03,46,67031,609,Self-Employed,Master,25,10470,48,1,1,Mortgage,672,0.1639543386857967,3,0,0.2978463495203012,0,Education,0,13,24,6464,853,627696,13710,5585.916666666667,0.8005815980667519,7,613986,0.20097,0.2368358011749181,339.51230663041275,0.181082598791081,1,34.4
2068-10-05,39,222378,642,Self-Employed,Master,21,30431,24,1,0,Own,154,0.2367353412368001,5,0,0.1994034935437429,0,Debt Consolidation,0,22,26,7722,475,23993,4637,18531.5,0.9113737834204634,3,19356,0.1844309999999999,0.1888326980620286,1532.259333930201,0.0909942170860535,1,38.400000000000006
2068-10-13,30,82222,616,Employed,Master,8,23887,84,Divorced,4,Rent,197,0.2991785448158992,2,0,0.1998560590777335,0,Debt Consolidation,0,27,17,8378,1559,84962,34730,6851.833333333333,0.6048827401401357,8,50232,0.240887,0.2190923074286723,558.2373762086083,0.1102241311875568,1,35.2
2068-10-21,33,51129,592,Employed,Master,10,35165,96,0,0,Own,593,0.3233573432705507,7,0,0.3949112444346281,0,Home,0,19,12,418,292,45003,18952,4260.75,0.6467896261724432,4,26051,0.274165,0.2234364594588633,789.0157396590806,0.3243597347084623,0,54.0
2068-10-23,70,73173,607,Unemployed,Master,48,18166,84,1,3,Mortgage,157,0.1937621283012638,0,1,0.5732212251171159,0,Education,0,18,18,18270,1941,41429,16625,6097.75,0.8491518214518796,5,24804,0.239666,0.2017471018245703,405.3110186946855,0.092216148365329,1,45.6
2068-10-24,41,55917,590,Employed,Master,16,26430,72,1,3,Mortgage,312,0.6716429516411195,4,2,0.3467300017998718,0,Home,0,34,13,1939,1482,94551,3997,4659.75,0.7847774319172222,7,90554,0.24643,0.2393475144944574,694.7716339047213,0.2160570060421098,0,54.0
2068-11-03,45,35987,567,Employed,Master,21,41822,48,0,1,Other,529,0.4177821014219217,2,1,0.3991354176593396,0,Debt Consolidation,0,18,5,4990,467,699837,6696,2998.9166666666665,0.7268604440500597,6,693141,0.253322,0.3039864,1515.55474924362,0.6817644424632072,0,50.0
2068-11-18,56,53579,620,Employed,Master,35,10961,72,0,1,Other,394,0.512060623966666,5,0,0.1103896819223834,0,Home,1,28,24,4433,603,88921,29060,4464.916666666667,0.6862348081143969,3,59861,0.215961,0.1829329495897663,251.8169918014821,0.1446425633479121,1,41.6
2068-12-06,34,36997,421,Employed,Master,12,13501,48,Divorced,3,Mortgage,165,0.3856149229924245,5,2,0.3650847611396422,0,Home,0,21,23,3462,3137,86417,19129,3083.083333333333,0.7399555609455619,3,67288,0.2980009999999999,0.3373802441988496,515.9029820351714,0.2208513064416589,0,53.0
2068-12-10,67,101544,614,Unemployed,Master,46,15401,12,1,4,Mortgage,360,0.2997058829192474,3,1,0.128675218066816,0,Education,0,27,17,5895,4852,30658,10993,8462.0,0.9449849893153346,8,19665,0.173401,0.1825926516313438,1413.8645616693625,0.2096271049006573,1,39.2
2068-12-12,55,77961,543,Employed,Master,36,19096,24,1,1,Rent,448,0.3184006006840605,0,1,0.0493142881587123,0,Home,0,19,24,979,3598,198013,12500,6496.75,0.9599429395122846,4,185513,0.222596,0.2091562551579324,980.469178967742,0.2198744262851029,1,36.8
2068-12-15,24,133711,605,Employed,Master,0,4342,60,1,2,Mortgage,366,0.3604592893742731,3,0,0.1511924612563997,0,Auto,1,19,15,5394,1249,325717,18591,11142.583333333334,0.8634309855698288,5,307126,0.206842,0.2141907277155182,118.49158072771392,0.0434810821004447,1,36.0
2068-12-17,57,35605,546,Employed,Master,34,34446,48,0,0,Rent,455,0.1624456799594985,2,0,0.3507730274255889,0,Auto,1,22,10,4053,249,155077,3039,2967.083333333333,0.3977516065474782,3,152038,0.256446,0.2364908554814787,1116.3308385781552,0.5295877001246415,0,56.0
2068-12-26,18,29448,579,Unemployed,Master,0,4934,36,0,4,Rent,475,0.4250637525265114,2,0,0.1965077319364924,0,Home,0,19,24,12767,1094,78237,34860,2454.0,0.9545526957062156,8,43377,0.200434,0.2386558584593563,193.22684942795115,0.2723010796364919,0,56.0
2069-01-01,31,83939,547,Employed,Master,11,18678,48,1,3,Other,497,0.1918447019480729,2,1,0.3268686890458485,0,Auto,0,21,8,1634,414,394761,40204,6994.916666666667,0.9616552422634168,0,354557,0.240178,0.2373448884257297,606.1987009653068,0.1577143450789702,1,37.6
2069-01-02,29,94982,512,Employed,Master,5,22655,60,1,1,Own,145,0.3345925412768195,2,0,0.2473753323404141,0,Debt Consolidation,0,27,19,381,308,27240,5992,7915.166666666667,0.8273945157201005,0,21248,0.271655,0.2639704938711242,683.6367785446331,0.1046897448204459,1,40.8
2069-01-07,25,49659,555,Employed,Master,5,22861,72,0,1,Mortgage,374,0.5531613304382386,0,0,0.2092782486687272,0,Debt Consolidation,0,16,7,4981,480,9972,33172,4138.25,0.9293628008116116,3,4404,0.2603609999999999,0.3019347365619906,690.6080101837026,0.2572604386355833,0,55.0
2069-01-08,33,91223,659,Employed,Master,10,14877,48,0,3,Mortgage,505,0.6122513180629451,8,1,0.6967357481679858,0,Auto,0,21,20,16648,548,65699,12071,7601.916666666667,0.8845242166214526,11,53628,0.180377,0.1928166427786377,447.0382603823372,0.1252366083617952,1,40.8
2069-01-11,39,97436,549,Employed,Master,18,13516,24,1,1,Mortgage,559,0.3540326540523046,6,1,0.4450117181866404,0,Home,0,24,6,13157,1609,77385,14516,8119.666666666667,0.9001253017125698,4,62869,0.2140159999999999,0.218559484375495,700.2240243854749,0.1550832165998778,1,44.0
2069-01-12,63,163787,624,Employed,Master,39,16269,60,0,3,Mortgage,632,0.1236447542558595,3,1,0.3487684929422509,0,Home,0,21,10,2893,625,12951,66972,13648.916666666666,0.7197113174974525,2,3701,0.209269,0.2250527798277191,454.0183630212019,0.0795680997652708,1,38.400000000000006
2069-01-15,38,34566,593,Employed,Master,13,17312,60,1,0,Mortgage,201,0.3408140239288582,4,0,0.2541562106832439,0,Debt Consolidation,0,25,1,2233,640,41389,11849,2880.5,0.6544656650163565,5,29540,0.225812,0.2427392610831042,500.7873882319884,0.2436338789210166,0,57.0
2069-01-20,42,22750,558,Unemployed,Master,20,14418,60,0,5,Mortgage,286,0.2810731959921921,2,0,0.0615467119243025,1,Debt Consolidation,0,18,16,2333,1714,20209,211635,1895.8333333333333,0.7424595124283465,9,6410,0.2404179999999999,0.2257227501961295,402.9149080929955,0.3633836877853164,0,67.0
2069-01-23,75,37554,687,Employed,Master,54,50362,72,1,4,Mortgage,495,0.2778964532797811,1,0,0.279310121662322,0,Home,0,25,28,5384,1206,50774,3178,3129.5,0.6251003748457143,4,47596,0.221862,0.2170807166779418,1256.6899580804543,0.5597347685190779,0,47.0
2069-01-24,32,37345,580,Employed,Master,9,15130,60,0,1,Mortgage,292,0.2207686365848702,2,2,0.2415319608904959,0,Home,0,16,20,16705,2181,47355,30981,3112.083333333333,0.845615544919066,3,16374,0.23013,0.2620735754107912,454.858496030489,0.2399866636059946,0,53.0
2069-02-03,18,46802,620,Employed,Master,0,14047,36,1,2,Rent,539,0.3940576740920989,3,1,0.268556765517175,0,Debt Consolidation,0,20,29,867,1259,148081,13668,3900.1666666666665,0.9199664320983651,8,134413,0.189047,0.1583946185234861,492.7382278192246,0.2645369585451625,1,36.8
2069-02-06,25,44808,497,Employed,Master,6,38829,36,0,0,Mortgage,354,0.5672866326663392,3,0,0.1403566015324556,0,Home,0,17,16,3786,281,47550,10934,3734.0,0.9789180814559364,5,36616,0.275329,0.2681423829577144,1581.3351584055974,0.5183007922885906,0,52.0
2069-02-18,27,19599,555,Self-Employed,Master,5,13838,48,1,2,Mortgage,517,0.5237424601443162,3,1,0.2047641728744735,0,Home,0,27,24,2609,340,23617,57596,1633.25,0.7353832165189111,7,2575,0.231338,0.2262221560973849,440.6689503704475,0.5863578450148155,0,58.0
2069-02-21,35,55527,654,Employed,Master,16,10924,120,1,0,Mortgage,145,0.194845933430209,3,0,0.14320679286555,0,Auto,0,24,15,2924,2341,144504,35080,4627.25,0.9109552799355908,3,109424,0.238924,0.2284430577011398,232.10840663448096,0.0814973054480481,1,31.200000000000003
2069-02-24,35,79340,648,Self-Employed,Master,12,30011,84,1,0,Mortgage,612,0.1951268289799026,2,0,0.4672851276115017,0,Debt Consolidation,0,24,12,1787,3362,17800,5211,3606.1666666666665,0.8111455757262395,6,12589,0.231011,0.1977488301654721,662.3682453503748,0.3533858424043189,0,55.0
2069-02-28,37,37869,586,Self-Employed,Master,15,15285,60,0,0,Own,442,0.6286869953367286,5,0,0.1142137079732796,0,Education,0,23,28,3499,271,73219,16123,3155.75,0.9696862268980898,5,57096,0.227285,0.272742,469.2407156344099,0.2887556731789305,0,54.0
2069-03-03,38,59583,607,Self-Employed,Master,16,13579,84,1,0,Rent,309,0.4840316715638537,2,0,0.2088389661492695,0,Auto,0,33,5,112128,397,112525,12363,4965.25,0.7006603520330518,6,100162,0.235079,0.2361264829551627,331.7546764114686,0.129047817614716,1,40.8
2069-03-06,49,20052,678,Unemployed,Master,25,17204,60,0,3,Own,299,0.0707090621836027,2,1,0.3444591221219669,0,Home,0,27,11,1913,1163,10248,5747,1671.0,0.7339771107417233,7,4501,0.1832039999999999,0.1650223767638434,422.9726786654404,0.4320602505478398,0,52.0
2069-03-10,35,193876,584,Employed,Master,15,18326,108,1,0,Own,213,0.6299917338393181,1,3,0.4388056078833003,0,Auto,0,28,4,5256,552,78197,50438,16156.333333333334,0.4924142614000417,5,27759,0.271326,0.279592267232034,465.6926097208246,0.0420078365380443,1,47.2
2069-03-18,28,130901,581,Employed,Master,6,29989,72,1,1,Own,273,0.1306856947314338,6,1,0.1415049254598754,0,Debt Consolidation,0,31,17,1861,775,61060,12370,10908.416666666666,0.8621571443673334,5,48690,0.2544889999999999,0.2035911999999999,724.5776170947393,0.0914502670349109,1,37.6
2069-03-28,41,69683,561,Employed,Master,17,28948,60,1,0,Rent,590,0.0959985891387649,4,2,0.0947042254261144,0,Debt Consolidation,0,15,2,9397,2311,70600,9673,5806.916666666667,0.8590904609216178,6,60927,0.253448,0.2689070840117395,882.046683164429,0.2534988476095051,0,51.0
2069-03-30,36,90624,635,Employed,Master,15,24879,60,1,0,Rent,275,0.1147897126461601,1,1,0.5322205902435881,0,Education,1,19,13,485,431,13621,12778,7552.0,0.4474672750109809,1,3449,0.2123789999999999,0.2095221183247727,672.3919123477525,0.1254491409358782,0,59.0
2069-04-11,49,32827,492,Employed,Master,27,31312,24,1,1,Rent,437,0.500870523502579,3,2,0.494135755066694,0,Debt Consolidation,0,18,16,1735,2132,11619,191416,2735.583333333333,0.5191806627587222,1,9128,0.260312,0.2382063460672135,1652.6979854646802,0.7638948373465794,0,58.0
2069-04-12,20,18775,590,Employed,Master,0,18770,60,0,1,Mortgage,623,0.2112368053327585,3,1,0.0203200485116114,0,Home,0,26,24,9694,6112,204147,9204,1564.5833333333333,0.8414597148030025,5,194943,0.22877,0.223637592583038,522.2964700881726,0.7320137225596842,0,48.0
2069-04-13,54,51317,663,Self-Employed,Master,28,18582,60,1,0,Mortgage,408,0.1293158517055925,3,2,0.2252111385923672,0,Home,0,22,14,2429,2002,289435,3514,4276.416666666667,0.8276604873791806,6,285921,0.1920819999999999,0.2080288680424523,500.6473323657573,0.2124786715589197,1,33.6
2069-04-16,42,35384,584,Employed,Master,20,7644,96,1,3,Mortgage,289,0.1806047141130002,5,1,0.170520347574208,0,Home,0,20,13,844,1819,44737,9383,2948.6666666666665,0.621137479465076,1,35354,0.250644,0.2684512579875115,194.2249001866845,0.1638791205697551,0,50.0
2069-05-01,48,15000,666,Employed,Master,27,21964,36,Divorced,0,Own,196,0.6877153873307505,2,0,0.1902527031157851,0,Debt Consolidation,0,23,25,771,5127,110795,20808,1250.0,0.7629651633676529,2,89987,0.173964,0.1831080127287309,797.479888174155,0.794783910539324,0,46.0
2069-05-12,54,47492,664,Employed,Master,30,30550,60,Divorced,4,Other,803,0.448180559670491,2,0,0.1820417615197226,0,Education,0,23,23,1464,1033,8354,7247,3957.6666666666665,0.6723200655093666,2,1107,0.20355,0.1635943464173557,748.7636618980673,0.3920905403599934,0,46.0
2069-05-26,33,99180,489,Employed,Master,11,16658,120,1,2,Own,199,0.3072764325221575,2,3,0.0843090465178912,0,Home,0,15,15,5059,3287,262558,13679,8265.0,0.6904851180708579,6,248879,0.327158,0.3121133038399892,454.11011079696726,0.0790211870292761,1,36.0
2069-05-27,27,34507,608,Employed,Master,6,45477,48,1,2,Rent,663,0.1120719199769298,3,2,0.2074128286685259,0,Debt Consolidation,0,20,18,2730,286,43225,95626,2875.583333333333,0.8178886586518174,3,6664,0.236477,0.2397824484754936,1482.0867755489423,0.7459657839449187,0,49.0
2069-06-19,35,17565,593,Employed,Master,12,39711,120,1,3,Other,831,0.2229241102355062,2,2,0.2908604948204701,0,Home,1,18,11,10224,354,110345,67076,1463.75,0.913142448784645,10,43269,0.298211,0.2905322131218138,1019.1897159521128,1.2640066377128012,0,60.0
2069-07-05,35,38313,522,Self-Employed,Master,14,7706,96,1,1,Own,459,0.1359336890818148,5,1,0.1066469930731583,0,Debt Consolidation,0,18,21,6535,639,142350,154632,3192.75,0.8353359744570651,7,10726,0.281706,0.2815623420387482,202.68076283221689,0.2072447773337144,0,53.0
2069-07-12,31,50083,603,Employed,Master,3,11762,24,1,2,Rent,682,0.1857254564819188,2,2,0.1432014890219212,0,Other,0,13,25,4488,1847,11894,4816,4173.583333333333,0.8645697987499349,4,7078,0.1852619999999999,0.1858801334124696,590.5544888298542,0.3049069318123565,0,46.0
2069-07-17,28,22432,574,Employed,Master,3,26434,48,1,1,Rent,405,0.1156889614596822,2,1,0.4273788251923704,0,Auto,0,21,14,895,1146,28864,38827,1869.3333333333333,0.7081679736071053,6,3366,0.234434,0.2486720107890821,874.518762355402,0.6844786531858428,0,57.0
2069-07-20,18,53763,577,Employed,Master,0,56355,60,1,2,Own,844,0.4093996125595401,2,0,0.513153495739275,1,Other,0,31,25,930,374,25513,45930,4480.25,0.7032558353143264,1,4126,0.272855,0.2725946846762451,1729.5686680295992,0.5744252369911499,0,71.0
2069-07-27,39,74154,575,Employed,Master,19,13572,60,1,0,Other,490,0.4562320834861935,4,0,0.3878541566956698,0,Home,0,17,15,9429,1711,137916,22062,6179.5,0.8184612261984369,4,115854,0.231072,0.2499440322452852,398.3116297931873,0.1437513762914778,1,40.8
2069-08-01,36,28422,584,Unemployed,Master,15,14095,60,0,3,Own,244,0.5358878206113358,4,2,0.4176863887413146,0,Auto,0,28,18,6737,1560,111191,53039,2368.5,0.8787630729576379,7,58152,0.227095,0.1890865098016156,364.9239656259209,0.2570926601756052,0,60.0
2069-08-05,46,119717,642,Employed,Master,21,13872,36,Divorced,0,Rent,693,0.2111490883882225,4,3,0.0701005976247863,0,Home,0,22,11,2304,707,102681,21795,9976.416666666666,0.9099539878361552,5,80886,0.177872,0.1749157538166241,497.975065576175,0.1193790421319787,1,35.2
2069-08-20,36,98724,504,Employed,Master,15,14150,36,0,0,Mortgage,211,0.0090184253198995,2,0,0.1439975737818781,0,Home,0,20,17,50919,7648,67434,218828,8227.0,0.8075649844495266,1,9102,0.2471499999999999,0.2258202482793046,544.6647612110781,0.0918518003173791,1,38.400000000000006
2069-08-22,52,78392,645,Employed,Master,29,10546,12,1,1,Rent,413,0.1288415278434882,3,2,0.0729626343169237,0,Home,0,28,19,1983,3085,59780,75702,6532.666666666667,0.8827840276472272,5,10290,0.153046,0.1753029322071637,964.5013193495898,0.2108635553652806,1,36.8
2069-08-26,43,21488,648,Employed,Master,21,54317,48,Divorced,0,Own,85,0.3531196977397118,2,1,0.3091883111966722,0,Home,0,20,17,3364,699,146987,16371,1790.6666666666667,0.7469124924641785,4,130616,0.225317,0.1802536,1596.28173705163,0.9389138516669564,0,49.0
2069-08-31,53,61005,610,Employed,Master,31,24670,24,Divorced,4,Mortgage,499,0.8032506124628376,5,0,0.2485324398068794,0,Home,0,14,14,6955,477,150399,55319,5083.75,0.6164252540951001,4,95080,0.1946699999999999,0.2175485336583305,1276.849476431929,0.3493188052976501,0,50.0
2069-09-13,23,23605,566,Unemployed,Master,2,15796,72,Widowed,1,Own,636,0.2188350112810344,3,1,0.2158998166547206,0,Education,1,22,10,7228,1360,233443,181972,1967.0833333333333,0.8207529631193093,2,51471,0.247796,0.2752814414852945,450.3278768800521,0.5522531041118672,0,61.0
2069-09-17,24,42693,542,Unemployed,Master,1,13400,120,0,0,Rent,364,0.6941826912569536,2,0,0.0964531505787571,0,Home,0,20,23,834,770,16905,78034,3557.75,0.9313116480883392,10,5281,0.2974,0.2983671952524406,351.6329934826027,0.2011476336118622,0,56.0
2069-09-19,63,52629,608,Employed,Master,42,26794,72,Divorced,0,Mortgage,215,0.3784494420612419,3,2,0.6952919303204909,0,Auto,0,16,14,1977,202,13898,25089,4385.75,0.9704094931975598,5,5798,0.237794,0.2578166908596522,734.6594477717608,0.2165329642072076,0,55.0
2069-09-25,37,32594,596,Employed,Master,14,26622,36,1,1,Rent,528,0.2555273066241622,3,0,0.3648665454031485,0,Education,0,21,9,1147,147,122260,52380,2716.1666666666665,0.6819890761891233,5,69880,0.213622,0.1875018947336226,972.4973884068958,0.5524320016224689,0,54.0
2069-09-30,36,109774,600,Employed,Master,13,10756,120,1,1,Mortgage,391,0.1292725234661878,2,1,0.3208461144634717,0,Auto,0,30,6,5447,4397,114303,59322,9147.833333333334,0.6573550500830602,4,54981,0.265756,0.3189072,298.6790934127802,0.0753926168396283,0,49.0
2069-10-07,20,15000,476,Employed,Master,0,22538,48,0,0,Own,316,0.5548495091454239,6,2,0.2006122419239305,0,Home,0,35,9,3180,1570,57164,22095,1250.0,0.7041197018709786,6,35069,0.279538,0.3354456,858.6181097480079,0.9396944877984064,0,56.0
2069-10-10,50,82145,624,Self-Employed,Master,25,16860,24,1,4,Own,389,0.4137532028699754,6,0,0.4208596370865378,0,Auto,0,39,1,1550,288,109166,33113,6845.416666666667,0.9422409934719927,6,76053,0.17986,0.1819884836851308,843.3411451911094,0.180024271012153,1,46.400000000000006
2069-10-11,18,37133,506,Employed,Master,0,31747,12,1,3,Rent,695,0.534879258017949,6,1,0.1229478546433581,0,Education,0,27,9,2017,1014,263659,88442,3094.4166666666665,0.7964054703865246,8,175217,0.243747,0.2501592144040135,3017.613610747212,1.1997781846057831,0,49.0
2069-10-15,34,67273,586,Self-Employed,Master,10,32534,72,Divorced,1,Own,643,0.1493558111776013,3,2,0.5140446533755585,0,Education,0,19,20,5093,581,56536,15638,5606.083333333333,0.9313598615200992,6,40898,0.254534,0.2355696295770673,847.7883973465338,0.2659233387563867,0,60.0
2069-10-22,23,37383,611,Employed,Master,0,23824,120,1,1,Mortgage,708,0.0947400597107091,1,1,0.3502321555993983,0,Home,0,28,27,221,77,81668,12181,3115.25,0.8727373048079861,3,69487,0.273324,0.3269309509995921,675.9235439814113,0.4442415677654799,0,49.0
2069-10-23,21,30798,586,Employed,Master,2,10693,96,1,0,Mortgage,873,0.291762699112556,2,2,0.1170288908512964,1,Other,0,26,1,4296,691,55778,17294,2566.5,0.9523983591938462,8,38484,0.252693,0.2273674311432497,242.6333336506522,0.4346905644459974,0,67.0
2069-10-30,31,63261,544,Employed,Master,7,22168,24,1,2,Rent,325,0.3267996347306228,6,1,0.3195831743537104,0,Home,0,32,26,1853,2328,14655,9715,5271.75,0.9320841513552462,6,4940,0.2251679999999999,0.2702016,1205.7274930658525,0.2903642041192872,0,54.0
2069-10-31,40,36755,565,Employed,Master,19,23750,60,0,2,Rent,404,0.3222276092548022,3,1,0.507066429330162,0,Home,0,32,6,1724,478,44143,39660,3062.9166666666665,0.8850018321520132,2,4483,0.2462499999999999,0.2524122856400537,700.4567384799569,0.360589875166902,0,61.0
2069-11-06,50,77261,583,Employed,Master,28,20606,60,0,3,Mortgage,208,0.2167606773863956,5,1,0.2403263774871879,0,Other,0,34,29,221,428,6460,48872,6438.416666666667,0.8875871281597018,2,7165,0.2341059999999999,0.2095751927269458,556.9692339810118,0.1188132538767572,1,41.6
2069-11-07,55,86335,667,Employed,Master,32,34564,48,Divorced,3,Rent,162,0.0329790017698176,4,2,0.2353383890909986,1,Other,0,23,17,16417,948,50458,68150,7194.583333333333,0.6415638332334086,4,7136,0.196064,0.1954587088105974,1043.4501793897955,0.1675496861374593,0,56.0
2069-11-13,40,35225,454,Employed,Master,16,34367,36,1,0,Rent,123,0.1980078441045358,4,1,0.2289914579139563,0,Home,0,28,7,2404,260,15226,16132,2935.4166666666665,0.8133019741024161,4,6330,0.292367,0.2662735719020245,1396.1786031754496,0.5175342296126443,0,53.0
2069-11-28,28,95649,533,Employed,Master,6,13626,96,1,0,Own,206,0.2662399148978097,5,0,0.5387808668753347,0,Auto,0,18,17,3157,1900,25212,7627,7970.75,0.6717815273600776,4,17585,0.282126,0.3150374515175391,390.14355591358617,0.0747914005474498,0,57.0
2069-11-30,23,36261,544,Employed,Master,1,70787,72,1,0,Own,722,0.3062140928097216,6,1,0.0992250558363459,0,Home,0,38,1,4665,1022,44411,19895,3021.75,0.8141002847322419,5,24516,0.313787,0.2759836568439712,2021.1964652796996,0.907817147440953,0,55.0
2069-12-02,19,77767,572,Employed,Master,0,11324,12,1,1,Own,173,0.4925496347363528,3,2,0.34005512218891,0,Home,1,19,28,1055,272,100617,9754,6480.583333333333,0.9512099580955412,4,90863,0.190324,0.1867170369447014,1041.8076479885517,0.187453441380825,1,47.2
2069-12-05,49,267966,610,Employed,Master,28,10731,36,0,0,Other,469,0.1745799710847565,1,3,0.3261666212514911,0,Education,0,35,29,5703,1550,404489,47814,22330.5,0.7323015749579174,4,356675,0.1907309999999999,0.1815641173150451,388.79387087869753,0.0384135541469603,1,33.6
2069-12-19,46,57480,578,Employed,Master,25,36339,48,Divorced,2,Mortgage,755,0.1734318966596051,2,0,0.3985885973880657,0,Education,0,21,26,1318,2844,57027,15427,4790.0,0.8894854743047249,3,41600,0.242339,0.2490378167087348,1202.9475688415412,0.408757321261282,0,53.0
2069-12-30,60,52246,667,Employed,Master,42,26158,24,0,3,Rent,215,0.3985229096450726,4,3,0.4399598118979792,1,Debt Consolidation,0,22,22,1124,1478,86469,14193,4353.833333333333,0.7179709584874189,7,72276,0.167658,0.1406431566739595,1256.7159212316835,0.3380276203877848,0,60.0
2070-01-12,63,45200,556,Employed,Master,43,10605,60,0,3,Own,1024,0.1461118359738846,5,0,0.2436333750672456,1,Home,0,19,18,4710,2399,211035,13639,3766.6666666666665,0.8086900624073852,6,197396,0.237605,0.2480031429680521,310.03049693469364,0.3541673885667328,0,60.0
2070-01-20,35,63768,605,Employed,Master,14,22708,36,0,4,Rent,88,0.161343748771421,2,1,0.182170100004666,0,Debt Consolidation,0,20,21,7195,1325,190412,24654,5314.0,0.39340877286229,5,165758,0.205208,0.2322372798126886,881.6704793516961,0.182474685613793,1,33.6
2070-01-24,43,46710,636,Employed,Master,21,8892,36,Divorced,2,Mortgage,303,0.2447465387781791,0,1,0.2160743390710427,0,Home,0,21,22,17732,4228,78068,13976,3892.5,0.8134156800493758,4,64092,0.175892,0.1718342442528816,317.8363750360598,0.1594955362969967,1,38.400000000000006
2070-02-04,42,87817,531,Employed,Master,19,11420,36,1,1,Mortgage,473,0.2234804538397716,4,1,0.5285066037746233,0,Debt Consolidation,0,25,9,4720,267,59198,18951,7318.083333333333,0.9107137387081384,4,40247,0.23092,0.2771039999999999,470.5872250022903,0.1289391199884701,0,58.0
2070-02-05,40,43722,631,Employed,Master,19,50139,24,Widowed,3,Other,604,0.2239464390123207,4,1,0.3121128809135732,0,Home,0,16,16,1204,343,55145,14844,3643.5,0.8965208913301402,4,40301,0.209639,0.2515668,2679.9377991997026,0.9013140659255392,0,52.0
2070-02-06,44,108787,561,Self-Employed,Master,24,31508,48,1,4,Rent,438,0.1470248219572591,4,2,0.1461556195102746,1,Home,0,20,22,321,8153,30860,30643,9065.583333333334,0.8324713580574036,6,9787,0.246008,0.2485749365508126,1042.2120441333595,0.1632781906808746,0,63.0
2070-03-05,34,34476,630,Unemployed,Master,11,11433,72,1,3,Other,388,0.3945182467677262,6,0,0.1084490191648763,1,Other,0,26,26,6458,729,23586,38626,2873.0,0.7976261899106137,5,4425,0.211433,0.2090346687331655,279.8729337040498,0.23246534413646,0,63.0
2070-03-17,42,34345,606,Employed,Master,16,10892,48,Divorced,0,Rent,530,0.3588943316100281,2,4,0.1061877214786257,0,Other,0,27,20,1397,4050,65684,21765,2862.083333333333,0.9194868227435516,4,43919,0.202892,0.2283876964671945,348.14317843087144,0.3068195702772006,0,48.0
2070-03-25,54,99714,594,Employed,Master,32,12286,60,1,4,Rent,1410,0.3278814663495242,6,1,0.1951201879036319,0,Home,0,28,20,3626,305,61933,39207,8309.5,0.8884943638590147,6,22726,0.2202859999999999,0.2110126217167578,333.07780318020724,0.2097692765124504,1,39.2
2070-03-26,53,65848,646,Employed,Master,30,37562,36,1,3,Rent,810,0.3085669224264458,1,2,0.2255998288412472,0,Debt Consolidation,1,16,27,2883,515,9259,6532,5487.333333333333,0.8943364486992847,3,2727,0.199562,0.2000276254021365,1395.9913905449373,0.4020151969162199,0,55.0
2070-03-30,34,49516,538,Employed,Master,15,36977,60,0,1,Own,379,0.5226100660551919,6,1,0.1646688504132611,0,Education,0,22,9,9448,101,135855,20026,4126.333333333333,0.7223851600101143,4,115829,0.272977,0.2606241385128196,1108.4754405209617,0.3604835868456972,0,49.0
2070-04-01,38,37360,595,Employed,Master,17,27928,60,1,1,Other,346,0.2460840071054824,1,2,0.0693389341791263,1,Other,0,19,23,2339,368,10627,3056,3113.333333333333,0.9412704448312904,7,7571,0.235428,0.2439329665048606,809.8199217412763,0.3712483688676475,0,63.0
2070-04-14,56,64883,636,Employed,Master,27,50220,120,Divorced,0,Mortgage,479,0.1768814466394152,5,1,0.0660570281500654,0,Debt Consolidation,0,28,2,412,659,31568,77405,5406.916666666667,0.8633040649311177,2,7701,0.28722,0.2978426844700207,1315.8938382124863,0.3319625488733541,0,50.0
2070-04-15,29,24926,558,Employed,Master,6,22532,12,1,0,Mortgage,309,0.2127730397468472,1,1,0.1443024634350191,0,Home,0,23,15,5696,760,20289,76479,2077.1666666666665,0.7711143091379009,5,5765,0.208532,0.2040665991474433,2091.6285114587663,1.1557226244686352,0,52.0
2070-04-19,37,101544,595,Employed,Master,10,10187,36,1,0,Own,244,0.3056054219795083,3,0,0.3184994350251489,0,Auto,0,16,10,4019,1422,45635,14690,8462.0,0.7420471348451786,4,30945,0.197687,0.2069659659813365,382.21082210142026,0.0740026970103309,1,42.400000000000006
2070-04-23,42,51569,620,Employed,Master,14,28701,12,Divorced,3,Rent,438,0.433623946050258,1,3,0.2497311488115356,0,Home,0,30,17,299,1904,229808,2251,4297.416666666667,0.9679799146542648,6,227557,0.183701,0.1751915941334018,2624.7440449284363,0.7126942259718286,0,46.0
2070-04-26,63,49909,659,Self-Employed,Master,40,24140,60,1,1,Mortgage,238,0.3407324067878008,6,1,0.3441735023605599,0,Home,1,19,22,475,421,86873,31826,4159.083333333333,0.7867661201340198,4,55047,0.1996399999999999,0.2243997157683998,672.7732522496094,0.2189841316595266,0,56.0
2070-05-07,39,26472,630,Employed,Master,16,26994,60,Divorced,3,Mortgage,697,0.4883408155331618,2,0,0.1236749944948454,0,Debt Consolidation,0,31,19,725,746,243333,20082,2206.0,0.8188011812397807,4,223251,0.216994,0.2182775133238921,742.9036620527208,0.652721514983101,0,46.0
2070-05-24,34,56464,591,Employed,Master,11,17286,96,1,2,Mortgage,304,0.130927809681228,1,1,0.2054685327185132,0,Auto,0,15,5,775,1381,74690,12639,4705.333333333333,0.8290271367645794,6,62051,0.256786,0.2632570896350464,433.15884395849,0.1566645318698973,0,51.0
2070-05-27,68,80825,672,Employed,Master,48,28642,36,1,2,Mortgage,539,0.0974199207211238,2,1,0.5326243445432803,0,Debt Consolidation,0,21,25,8587,591,100610,3028,6735.416666666667,0.9496746439155378,4,97582,0.177642,0.1854861017460509,1043.376512476491,0.2349337228545362,1,38.400000000000006
2070-06-14,33,121107,639,Employed,Master,12,19592,60,0,1,Rent,570,0.1221294528521631,2,2,0.4223489355176005,0,Auto,0,31,3,5918,405,187197,73990,10092.25,0.8042636774726577,3,113207,0.205092,0.2177452329459348,538.601050061617,0.109846768566139,1,39.2
2070-06-15,21,17529,553,Employed,Master,0,9555,36,1,1,Own,353,0.5667528147818217,1,0,0.1840470246281731,0,Auto,0,28,26,1351,246,84184,39236,1460.75,0.9038183645533924,3,44948,0.218055,0.2342241537301291,371.97834870763,0.4963055613264624,0,53.0
2070-06-16,25,24234,632,Employed,Master,5,33077,108,1,1,Own,275,0.3429853036793693,5,0,0.3630613504157992,0,Home,0,26,9,6495,996,43577,78658,2019.5,0.8339962596427308,7,2602,0.262077,0.2410741736845857,752.2922726829847,0.5086864435171997,0,54.0
2070-06-22,57,59208,571,Employed,Master,36,14573,24,1,0,Rent,1231,0.1362679840457391,5,1,0.2491128403079895,0,Auto,0,23,12,32144,710,32854,33434,4934.0,0.9011589433769084,2,10343,0.204073,0.1965214670962256,739.2304522336436,0.3993170758479212,0,51.0
2070-06-30,49,32091,621,Employed,Master,27,12402,24,Divorced,3,Mortgage,133,0.0487049947363382,2,2,0.2782109744323189,0,Debt Consolidation,0,20,11,12182,836,79725,18875,2674.25,0.7191331285553697,3,60850,0.176902,0.1922336085156209,626.5143641828153,0.2840102324699692,0,47.0
2070-07-01,28,16351,593,Self-Employed,Master,7,49630,24,0,0,Own,892,0.1977552005571373,9,0,0.1338629651688308,0,Home,0,24,22,2618,2170,47561,22356,1362.5833333333333,0.8430253517208398,7,25205,0.22813,0.1891589998970397,2499.752252803165,2.4892072065095707,0,54.0
2070-07-12,51,78029,461,Employed,Master,26,30248,48,1,2,Rent,707,0.281809472996322,0,1,0.1688146193041307,0,Home,0,24,22,3002,345,79311,6710,6502.416666666667,0.6396744454610813,4,72601,0.294748,0.3326310384935751,1147.257686054383,0.2851643905810992,0,48.0
2070-07-19,34,118655,637,Employed,Master,13,9299,36,0,0,Rent,943,0.6284147399742047,5,0,0.3470460965380414,1,Auto,1,31,9,6196,2947,14063,32024,9887.916666666666,0.9132763124326954,6,9933,0.175799,0.2001041706065774,345.6335206023413,0.1303240676518317,0,71.0
2070-07-30,41,36290,621,Employed,Master,20,11490,48,1,1,Own,812,0.0664215882890444,4,4,0.1867247752024471,0,Auto,0,26,23,2482,5043,39509,21166,3024.1666666666665,0.8012747230834419,6,18343,0.19599,0.2046556762767008,352.5013093875772,0.3850651891058398,0,47.0
2070-08-04,35,98210,562,Employed,Master,12,60404,24,1,1,Own,468,0.5616836308000736,4,2,0.1313332802974046,0,Home,0,35,14,3999,1549,19116,39178,8184.166666666667,0.7179713889962512,4,2459,0.254404,0.2716408738139865,3289.8102845170006,0.4591561288484269,0,50.0
2070-08-13,18,23142,534,Employed,Master,0,17788,60,Divorced,0,Rent,557,0.4598476820588494,2,1,0.4962714545872127,0,Home,0,10,6,4459,1469,22975,72831,1928.5,0.9320369833422184,5,6771,0.255788,0.2797757225199347,553.6033254277853,0.5758897202114521,0,61.0
2070-09-04,44,119494,586,Employed,Master,21,35503,36,1,3,Mortgage,642,0.6250517912027089,2,0,0.0500774452476056,1,Home,0,30,23,1720,1397,64954,6115,9957.833333333334,0.8593470056493222,7,58839,0.227503,0.2101935844329479,1337.9308187638871,0.1988314879840548,1,48.8
2070-09-15,41,76992,570,Employed,Master,18,59130,12,1,0,Mortgage,296,0.0826964123198021,2,1,0.3174245103757755,0,Debt Consolidation,0,34,23,317,5031,30394,44565,3914.8333333333335,0.9214379674605716,6,8268,0.23913,0.2422516505128179,5597.754143241943,1.5054929907382884,0,53.0
2070-09-17,33,44226,550,Employed,Master,8,25378,84,Divorced,1,Other,328,0.3570966187563456,1,1,0.2608918168437223,0,Home,0,23,23,14919,1328,65151,10175,3685.5,0.6756204381268959,7,54976,0.275378,0.2587046107111186,656.549987072721,0.2671414969672286,0,51.0
2070-09-19,68,105062,667,Employed,Master,47,16555,24,1,1,Mortgage,408,0.2617702261500732,2,0,0.4210663449505677,0,Auto,0,20,26,2399,1672,540557,8802,8755.166666666666,0.98047045817812,3,531755,0.1580549999999999,0.1550181757954003,806.6491375841769,0.13873512450753,1,32.800000000000004
2070-09-21,38,28691,610,Employed,Master,15,30644,60,0,1,Own,357,0.1556665657637541,4,0,0.0602089952518889,1,Auto,0,23,19,1927,509,68189,109889,2390.9166666666665,0.6279815134646388,5,1926,0.230644,0.2280706779528171,860.4753868840774,0.509208624398206,0,60.0
2070-09-29,33,53184,619,Employed,Master,13,25651,72,0,5,Mortgage,334,0.2203569473294536,3,0,0.1097045468879056,0,Debt Consolidation,0,18,19,9275,957,86720,3347,4432.0,0.7970200802867182,9,83373,0.231151,0.2209246496186571,645.9188965293309,0.2211008340544519,0,45.0
2070-10-06,59,27227,618,Employed,Master,37,36198,60,Widowed,0,Mortgage,410,0.2110168496703445,2,3,0.5918346776872325,0,Auto,0,28,2,3559,239,302550,6807,2268.9166666666665,0.930413571271126,5,295743,0.232198,0.2392222241267301,1039.7093067468145,0.6389433900525866,0,55.0
2070-10-07,50,15000,632,Employed,Master,27,20096,60,0,0,Other,479,0.2376551846556255,4,4,0.3310966525662449,0,Auto,0,23,27,1180,330,35042,27124,1250.0,0.8264163817115942,2,7918,0.209096,0.2066510446328715,539.8853436915002,0.8151082749532002,0,53.0
2070-10-13,30,47818,617,Employed,Master,8,23250,48,1,2,Mortgage,816,0.2223284733947211,0,0,0.1795188000882942,0,Education,0,31,24,1388,1680,160927,57264,3984.8333333333335,0.5599079399561977,6,103663,0.20975,0.199161678988947,706.467872203177,0.3820656335781112,0,44.0
2070-10-15,56,62276,593,Unemployed,Master,31,31771,48,1,2,Mortgage,768,0.4940897817528024,3,0,0.0829897040912234,0,Home,0,23,22,1079,5608,17230,127315,5189.666666666667,0.6228213730308179,2,4490,0.230271,0.2206480533740879,1002.0977160867208,0.3410811964968952,0,54.0
2070-10-25,18,16857,592,Employed,Master,0,27572,48,Divorced,3,Own,998,0.29040806882658,3,0,0.0799616348043576,0,Home,0,24,7,3765,918,84875,16441,1404.75,0.8113759021679771,1,68434,0.226572,0.226036990317029,877.7473036196535,1.3352890575687155,0,51.0
2070-10-26,41,71938,592,Employed,Master,18,21519,36,1,1,Own,397,0.4813438800235237,4,2,0.153171830810565,0,Debt Consolidation,0,28,28,2519,1828,73468,8745,5994.833333333333,0.8849210836871921,5,64723,0.210519,0.228725658395249,831.56590115866,0.2049374574481347,1,39.2
2070-11-02,46,23904,603,Employed,Master,24,20058,60,1,0,Own,300,0.234757705294883,0,0,0.3136097001641483,0,Debt Consolidation,0,27,29,751,5616,262983,30186,1992.0,0.8772998781995981,10,232797,0.2235579999999999,0.237739844891954,574.3994943758237,0.4389555694657749,0,49.0
2070-11-12,57,37432,609,Employed,Master,35,20691,12,0,0,Other,415,0.2285927571530763,5,0,0.2856943540145273,0,Home,0,29,4,4696,740,106817,32274,3119.333333333333,0.5419972145131771,7,74543,0.181191,0.1863232325347646,1903.1828587716864,0.7431661227094527,0,51.0
2070-11-22,41,46505,590,Employed,Master,16,23905,72,1,3,Rent,147,0.221271787419248,1,0,0.5163765597119242,0,Auto,0,23,11,286,1693,56038,39262,3875.4166666666665,0.9327802174123312,8,16776,0.243905,0.2530254492937659,648.378237344448,0.2052368314833539,0,59.0
2070-12-02,53,70888,642,Employed,Master,33,24476,36,0,1,Rent,716,0.0557889133477195,1,1,0.3421051309463273,0,Home,0,28,6,2176,882,20324,8885,5907.333333333333,0.8929689368747438,6,11439,0.188476,0.1808855102579689,885.9536745167925,0.2711805114293182,0,52.0
2070-12-03,34,46384,574,Employed,Master,10,31408,36,Divorced,0,Rent,556,0.5209796867286132,3,1,0.5241385060351129,0,Auto,0,24,21,16293,109,16402,35981,3865.3333333333335,0.9075126745147114,4,4340,0.229408,0.210968542983546,1184.860968169127,0.4503779669288876,0,60.0
2070-12-07,32,39974,487,Employed,Master,8,48750,36,0,2,Rent,276,0.0787480269202517,4,0,0.1311442811437954,0,Auto,0,21,16,1212,4315,79989,4524,3331.1666666666665,0.8908218916919481,4,75465,0.29025,0.2727000244974873,1997.297524013398,0.6824328385490764,0,48.0
2070-12-10,23,85639,498,Unemployed,Master,2,30587,60,Divorced,4,Rent,416,0.6116325094554406,2,1,0.2346895578983545,0,Home,0,30,25,1191,1237,38670,5184,7136.583333333333,0.8152151285088224,4,33486,0.286587,0.2292696,860.9788609706683,0.1789342044121022,1,44.8
2070-12-27,18,70078,637,Employed,Master,0,24044,48,0,2,Own,229,0.4192874517008867,4,1,0.4090655404611578,0,Home,0,19,10,777,393,30553,15135,5839.833333333333,0.8385098364698489,6,15418,0.200544,0.2217954911260105,759.8777969471785,0.1693332224573495,0,54.0
2071-01-01,31,85204,556,Employed,Master,9,21742,72,1,1,Own,928,0.2601553764776506,4,2,0.3811241177267528,0,Home,0,24,14,5249,5562,34516,8348,7100.333333333333,0.6603540460224109,8,26168,0.258742,0.2363846409824788,567.6356383761055,0.2106430174699927,1,42.400000000000006
2071-01-13,41,80893,543,Employed,Master,18,18121,60,0,1,Rent,581,0.1872009390994763,2,1,0.528655891386187,0,Debt Consolidation,1,25,23,5325,1369,59655,12600,6741.083333333333,0.7361405816866219,7,47055,0.251621,0.2288624416103278,509.6558858966472,0.1617923754930558,1,49.6
2071-01-28,18,23265,483,Employed,Master,0,24587,48,1,0,Mortgage,443,0.2884237135778191,6,0,0.1507502034567999,0,Debt Consolidation,1,25,4,5290,2273,90642,36806,1938.75,0.8311664953606808,9,53836,0.278087,0.2908918271428094,872.3022162783947,0.678427964553653,0,59.0
2071-02-08,47,146618,576,Employed,Master,27,40484,48,Divorced,1,Rent,549,0.2924377094802194,1,0,0.4470598837636946,0,Debt Consolidation,0,27,26,3999,1131,209673,18495,12218.166666666666,0.9766855340488916,5,191178,0.247484,0.2284077464488258,1294.0426111678207,0.1508444483897874,1,40.0
2071-03-01,33,98981,585,Employed,Master,13,20938,48,1,3,Mortgage,127,0.2395374750959572,5,0,0.2650111861296625,0,Debt Consolidation,0,17,3,5386,986,13014,18038,8248.416666666666,0.9046958189736723,4,4001,0.223438,0.20977800765531,648.1097438785259,0.0939707310144604,1,43.2
2071-03-04,24,61839,605,Employed,Master,6,35754,84,0,0,Rent,172,0.1450732853816098,4,1,0.4712186466556602,0,Home,0,20,11,9194,3995,190024,13176,5153.25,0.7215840448670816,7,176848,0.258254,0.2760132828264954,965.2928092711744,0.2206942821076358,0,48.0
2071-03-05,42,50582,609,Unemployed,Master,19,22455,36,0,2,Other,260,0.1218608366590301,2,0,0.1477340104420904,0,Debt Consolidation,0,22,27,406,1776,48722,16938,4215.166666666667,0.7946510945169183,4,31784,0.202955,0.1938563527149951,827.4956885383822,0.2579958930540624,0,49.0
2071-03-21,43,69165,597,Employed,Master,17,14396,36,0,2,Own,273,0.2021067125184312,1,2,0.6201072214712922,0,Debt Consolidation,0,23,21,3106,664,22480,8657,5763.75,0.7913431185625599,3,13823,0.200896,0.2016400953745168,536.2107390290386,0.1403965715079659,1,46.400000000000006
2071-03-28,34,33646,520,Self-Employed,Master,12,20111,36,Divorced,1,Mortgage,281,0.0416164535877273,1,0,0.1709214632293451,0,Home,0,23,4,2168,6502,12095,12248,2803.833333333333,0.969951395921486,3,3647,0.245111,0.1960888,743.3950168815461,0.3653551745401698,0,56.0
2071-03-30,32,51847,500,Employed,Master,12,8095,24,1,2,Own,534,0.2520861943910529,1,0,0.2896418682242259,0,Education,0,24,9,13260,2483,41687,38620,4320.583333333333,0.9306462377421224,11,3067,0.2330949999999999,0.2064362974525052,414.5512532933005,0.2195424043728587,1,42.400000000000006
2071-04-12,56,29497,575,Employed,Master,34,16639,36,1,0,Own,200,0.3125709303879681,3,0,0.2761768088551353,1,Other,0,30,17,2786,2007,20909,14686,2458.083333333333,0.6101908446774805,4,6223,0.214139,0.18079054921536,602.1997817022115,0.3263517435816028,0,66.0
2071-04-14,43,23380,585,Self-Employed,Master,19,32310,72,1,0,Rent,108,0.2980330763802774,4,2,0.411119074385833,0,Home,0,25,6,2588,704,29989,184308,1948.3333333333333,0.9681751836838686,10,9314,0.25481,0.2568295018909778,883.9292615494695,0.509116815166537,0,63.0
2071-04-18,61,63725,609,Employed,Master,39,11271,72,1,1,Rent,349,0.099904602334185,1,0,0.339584491038319,0,Debt Consolidation,0,22,20,631,604,116919,43577,5310.416666666667,0.8301682778596199,7,73342,0.221771,0.2110772440206705,277.25798158759284,0.1179301024566671,1,38.400000000000006
2071-04-30,34,55651,610,Employed,Master,12,13418,24,1,0,Own,519,0.2920320324677702,3,2,0.2014864256953679,0,Education,0,26,26,7748,933,105489,7653,4637.583333333333,0.6850917956318752,4,97836,0.183418,0.2029827189791627,684.8766220509403,0.2595913723852452,1,37.6
2071-05-05,18,33795,567,Employed,Master,0,29066,36,0,0,Mortgage,258,0.1506056553233004,3,2,0.4049141756246261,0,Home,0,20,27,15043,760,122552,16112,2816.25,0.7707296806390667,4,106440,0.230566,0.2357698546672648,1133.8963557380807,0.494237498708595,0,52.0
2071-05-09,32,39838,623,Self-Employed,Master,6,45176,108,Divorced,1,Rent,410,0.5527463280679122,2,1,0.0792168176129118,0,Debt Consolidation,0,25,26,2809,3992,6801,25733,3319.833333333333,0.8605038534149101,5,3471,0.278676,0.2825522693103126,1157.4510501533846,0.472147512471525,0,52.0
2071-05-16,41,17419,476,Employed,Master,18,43009,60,1,1,Mortgage,856,0.3008595725452165,2,2,0.1129883899531058,0,Education,0,17,26,1949,2279,65543,14173,1451.5833333333333,0.698796828189665,3,51370,0.310009,0.3277805506495361,1465.759931279553,1.5994672010651951,0,50.0
2071-05-22,58,74652,626,Employed,Master,40,38921,48,Divorced,4,Mortgage,491,0.4065926019807866,3,1,0.450513106046751,0,Home,0,24,1,9894,2139,91525,33875,6221.0,0.6969803776345217,6,57650,0.220921,0.2292854221138618,1245.952033535633,0.2792078497887209,0,56.0
2071-05-29,51,28494,626,Employed,Master,32,50238,60,0,0,Mortgage,172,0.3507842295127648,4,0,0.4619982511296162,1,Auto,0,20,4,995,112,41148,8237,2374.5,0.8517817222582669,4,32911,0.242238,0.286582321737008,1584.2112137296083,0.739613061162185,0,70.0
2071-05-31,34,81027,612,Employed,Master,10,26872,36,1,1,Rent,401,0.2040351695948546,2,1,0.3431385789531458,0,Home,0,31,28,4548,7339,224254,10269,6752.25,0.8657644942736338,3,213985,0.205872,0.2093412520799628,1011.4957553507588,0.2091889007887384,1,36.8
2071-06-06,48,47740,595,Employed,Master,25,53150,96,1,0,Mortgage,744,0.3335719908266838,4,2,0.0648660688183038,0,Other,0,22,23,7477,826,36448,20501,3978.3333333333335,0.7998305689723246,4,15947,0.29065,0.2975586321999046,1456.6579030118858,0.5531607632204153,0,51.0
2071-06-08,46,56420,486,Employed,Master,25,12015,48,1,1,Mortgage,251,0.5911224419094547,3,1,0.1194922099400173,0,Debt Consolidation,0,20,20,4581,763,24913,17367,4701.666666666667,0.9511454431921198,7,7546,0.264015,0.3126944527107377,441.52791376219335,0.1472941326683147,1,40.8
2071-06-09,28,30267,616,Unemployed,Master,10,18876,60,1,2,Mortgage,505,0.2758578048180732,1,1,0.0624602706532061,0,Education,0,20,27,7345,1922,36296,64533,2522.25,0.840564371404986,3,5820,0.215876,0.1783275405657617,477.610626718592,0.3895770152516967,0,51.0
2071-06-10,25,45350,570,Employed,Master,5,14371,36,1,3,Mortgage,528,0.2795865765912013,2,2,0.4502988237586348,0,Debt Consolidation,0,22,23,241,380,370443,91989,3779.1666666666665,0.6188445403103642,8,278454,0.214371,0.2119500457113452,542.8683228923028,0.283360967468746,1,40.8
2071-06-13,38,76373,635,Employed,Master,14,26836,60,1,3,Own,1671,0.2332327622455796,2,0,0.3709760010676551,0,Auto,0,24,24,961,2040,18738,39044,6364.416666666667,0.9757767531140566,4,8747,0.214336,0.2095211501335977,725.2812820462941,0.3765123195966575,1,40.8
2071-06-15,60,85658,586,Employed,Master,36,13103,24,1,1,Mortgage,611,0.1110520513015443,9,2,0.1615416242001443,0,Debt Consolidation,1,22,11,196,524,234002,38767,7138.166666666667,0.9914111858622052,3,195235,0.195103,0.1955777118494831,664.0603852569857,0.1786257515128047,1,40.0
2071-06-24,57,29793,484,Employed,Master,33,22170,72,1,1,Rent,1151,0.4329318198959129,3,0,0.2442772569505583,0,Education,0,28,22,1257,235,59172,12946,2482.75,0.7685142514284674,2,46226,0.29517,0.2631161038592033,615.1634674343001,0.71137386665363,0,55.0
2071-06-27,35,24682,614,Self-Employed,Master,14,31595,24,1,3,Rent,535,0.6273645707071344,3,0,0.303418297731952,0,Other,0,30,26,13337,1141,492471,54742,2056.833333333333,0.7017071743810409,3,437729,0.199595,0.2395139999999999,1669.6960263612175,1.0718885145585693,0,52.0
2071-07-13,36,65217,524,Employed,Master,15,18887,48,1,4,Own,453,0.3881982724255913,4,0,0.505307631726086,1,Home,1,25,7,3010,320,23716,25878,5434.75,0.7653138406368651,3,10476,0.2518869999999999,0.2989394646853148,678.880708325295,0.2082672999356539,0,77.0
2071-07-31,42,50000,618,Employed,Master,20,21933,84,0,3,Own,692,0.2125811153381137,6,0,0.5591828221646322,0,Debt Consolidation,0,18,7,1445,349,607300,21857,4166.666666666667,0.8625447832389258,4,585443,0.237933,0.2847093419147656,604.7385421187586,0.311217250108502,0,48.0
2071-08-05,30,20583,463,Employed,Master,6,43490,36,1,2,Mortgage,270,0.0394117644502093,1,2,0.4820532130891961,0,Education,0,28,19,3972,104,188899,67896,1715.25,0.8918090419550575,5,121003,0.29699,0.2979619731519222,1841.3677785931136,1.2309388011036957,0,53.0
2071-08-10,42,53772,578,Employed,Master,19,27473,108,1,4,Rent,448,0.1149414842295748,3,0,0.3859983594207987,0,Home,0,26,28,1041,280,41954,35599,4481.0,0.6119019865449775,5,6355,0.283473,0.2916521879894395,721.6646449059511,0.2610275931501788,0,53.0
2071-08-16,51,53823,626,Self-Employed,Master,29,10700,72,1,2,Own,819,0.1185103965533713,1,2,0.3872285604391256,0,Home,0,31,24,5197,658,34937,7389,4485.25,0.830097276019641,3,27548,0.2127,0.240733136582762,282.1734855070765,0.2455099460469486,0,53.0
2071-08-19,67,198580,628,Employed,Master,45,18518,12,1,0,Mortgage,192,0.2910890087375662,5,3,0.2468584365832331,0,Home,0,30,7,1935,736,42128,11028,16548.333333333332,0.982709548967076,4,31100,0.169518,0.1356144,1658.859052063688,0.1118456472190767,1,38.400000000000006
2071-08-31,36,317379,611,Employed,Master,14,29404,36,1,2,Mortgage,605,0.4235243074962438,5,1,0.2858817449501153,0,Debt Consolidation,0,26,8,1364,1939,40693,78536,15629.916666666666,0.8956352625736601,8,5820,0.208904,0.2259234709863964,1131.9826304546457,0.1111319188386361,1,39.2
2071-09-01,33,85134,563,Employed,Master,9,18511,72,1,0,Other,413,0.3268585359217458,1,2,0.296350709679947,0,Other,0,27,28,6293,1218,216667,198059,7094.5,0.9282293210099408,5,18608,0.252011,0.2738211818849728,526.0288602884453,0.1323601184422362,1,40.8
2071-10-07,43,44909,643,Employed,Master,19,22128,108,0,4,Mortgage,656,0.2063842397340327,4,0,0.237792915994697,0,Auto,0,19,7,474,772,21546,10255,3742.4166666666665,0.8811934765177953,7,11291,0.245628,0.2366871898574138,496.7037088186095,0.3080105214060281,0,51.0
2071-10-13,44,69816,463,Employed,Master,25,19737,24,1,2,Other,586,0.1812645423027181,7,0,0.2593166841663738,0,Debt Consolidation,0,17,15,4966,6595,30077,49009,5818.0,0.7960230749608327,4,5286,0.263237,0.2608843108280522,1064.202814442266,0.2836374724032771,0,51.0
2071-10-22,45,18625,656,Employed,Master,23,7640,96,Divorced,4,Mortgage,562,0.5709979904975728,6,1,0.4103479643767123,0,Debt Consolidation,0,22,25,7005,3400,34354,170386,1552.0833333333333,0.7712945846347391,3,10668,0.21464,0.2228460721171764,171.13286065293087,0.4723540578703447,0,53.0
2071-11-09,22,22099,474,Unemployed,Master,1,29076,96,Divorced,0,Mortgage,342,0.1033142811790393,2,0,0.3358230138674519,0,Education,0,26,16,321,554,106064,42855,1841.5833333333333,0.9408865266946296,2,63209,0.327076,0.3366271521122359,877.2602400882761,0.6620717173202096,0,56.0
2071-11-15,19,38909,561,Self-Employed,Master,0,19635,72,0,0,Rent,617,0.3758128267560659,6,1,0.4414625640171362,0,Auto,1,24,26,1424,1700,294535,19117,3242.4166666666665,0.7081833620846439,12,275418,0.254135,0.3032090359119659,594.7705830411256,0.3737245109484568,0,60.0
2071-12-01,45,239285,548,Employed,Master,24,44478,24,1,3,Rent,208,0.3354416162645979,4,4,0.2914286076127835,0,Debt Consolidation,0,29,1,1178,775,96700,12642,19940.416666666668,0.7324775941904528,1,84058,0.2454779999999999,0.2578687908861776,2391.45474721697,0.130361104818955,1,41.6
2071-12-05,31,52900,574,Self-Employed,Master,9,5266,60,Widowed,1,Mortgage,448,0.1933356605677684,3,2,0.4237118658869253,0,Home,0,25,8,4048,6422,96956,27115,4408.333333333333,0.5530365518664899,7,69841,0.223266,0.2504781567093662,154.71172351073582,0.1367209958814523,0,57.0
2071-12-10,50,30792,648,Employed,Master,25,16078,36,0,3,Rent,539,0.2949425410829969,3,0,0.5492899905957612,0,Home,0,18,25,4045,641,55354,18351,2566.0,0.9604366159852876,4,37003,0.177078,0.1969766659941816,595.0422086921271,0.4419494188200027,0,56.0
2071-12-13,41,69383,609,Employed,Master,19,53330,60,0,0,Mortgage,627,0.2277236307122311,5,1,0.2893260942406584,0,Other,0,22,10,4638,13765,18403,8539,5781.916666666667,0.7314851281418586,7,9864,0.25383,0.2695627787006372,1627.055670464294,0.3898457553805907,0,49.0
2071-12-17,42,72738,639,Employed,Master,18,9305,60,0,1,Rent,164,0.5853723248385875,0,0,0.3626887290773572,0,Auto,0,32,17,5880,6254,118117,13326,6061.5,0.901435382601502,7,104791,0.194805,0.1795531260982323,236.05969731465152,0.0660001150399491,1,38.400000000000006
2071-12-29,46,235010,507,Employed,Master,23,44122,60,1,1,Other,318,0.2351604239209365,4,0,0.2314895438716652,0,Education,0,26,13,2566,1705,24830,61262,19584.166666666668,0.6677464455872432,5,1879,0.295622,0.3175957231276999,1475.5486024609904,0.0915815634633925,1,40.0
2071-12-30,41,19983,583,Employed,Master,20,49922,84,0,5,Own,517,0.3636587378766044,6,0,0.3037838365211825,0,Debt Consolidation,0,21,12,842,2534,150736,32568,1665.25,0.3891605937323754,5,118168,0.283422,0.2815864087443329,1366.1362668532934,1.1308429766421215,0,52.0
2072-01-09,40,19874,574,Employed,Master,17,16803,96,1,0,Own,667,0.4729302568848909,1,0,0.1855325670038392,0,Debt Consolidation,0,22,17,1385,446,62192,81315,1656.1666666666667,0.7252798814904611,4,4714,0.264803,0.226616102980217,380.4593049473093,0.6324600814817203,0,53.0
2072-01-11,32,32662,604,Employed,Master,7,14227,36,0,1,Mortgage,567,0.1393664902751205,5,2,0.3268519247150071,0,Auto,0,14,6,7664,348,395228,51835,2721.833333333333,0.9675688762176788,2,343393,0.1972269999999999,0.1891806179260355,520.9159930784779,0.3996997096608209,0,47.0
2072-01-14,68,43139,587,Employed,Master,47,17974,24,Divorced,1,Mortgage,1300,0.217173021802506,5,1,0.0778406732346556,0,Education,0,26,8,4660,2183,54669,13368,3594.9166666666665,0.9775011400266284,4,41301,0.1994739999999999,0.1984861214581005,913.4724253415044,0.6157228749877849,0,52.0
2072-01-19,44,43625,584,Employed,Master,23,39277,48,1,1,Mortgage,290,0.2510758520823494,4,2,0.1959662498494068,0,Other,0,23,28,6824,850,82003,7322,3635.4166666666665,0.7092615705223183,5,74681,0.242277,0.2589421806302182,1321.9782080670266,0.4434094784367752,0,49.0
2072-01-21,40,49218,522,Unemployed,Master,19,16516,36,1,0,Other,443,0.2931545815952354,2,0,0.484080597029089,0,Home,0,32,5,2643,3815,46021,4918,4101.5,0.9725138956032542,4,41103,0.240516,0.1924128,607.4275134044359,0.2561081344397016,1,49.6
2072-01-23,31,44624,568,Employed,Master,11,18698,12,1,0,Rent,242,0.2625254196856878,4,0,0.1359137355037305,0,Home,0,21,24,1201,2832,22269,6210,3718.6666666666665,0.697023003635716,3,16059,0.199698,0.2173643390213076,1747.6567827076003,0.5350457465151309,0,51.0
2072-01-24,29,104433,503,Employed,Master,5,27719,36,0,2,Mortgage,389,0.0978267225665039,1,0,0.2372694127527982,0,Home,0,26,8,3833,953,108541,59403,8702.75,0.9203745878144196,1,49138,0.261219,0.2185448085418895,1056.5155842133645,0.1660987141091453,1,40.8
2072-01-29,37,61827,535,Employed,Master,16,23157,60,Widowed,0,Own,908,0.296626569867926,4,1,0.2176026601763632,0,Auto,0,21,6,11839,1355,346848,4751,5152.25,0.8703368375598475,2,342097,0.260657,0.3124953107643737,767.0777032903511,0.3251157655956817,0,48.0
2072-02-08,49,61071,555,Employed,Master,27,43914,96,0,3,Other,411,0.2847317770601666,2,2,0.4681359307482398,0,Debt Consolidation,0,18,10,988,7508,15799,50545,5089.25,0.99127804227332,10,5232,0.301414,0.3203740323079747,1273.9540368728192,0.331081011322458,0,56.0
2072-02-12,53,58976,544,Employed,Master,28,13229,120,1,1,Other,249,0.1566473329672358,1,1,0.1005304537928889,0,Education,1,21,21,2179,3815,5994,47340,4914.666666666667,0.8821247613104294,4,3916,0.2962289999999999,0.2369831999999999,288.89610839118683,0.1094471191788904,0,55.0
2072-02-17,25,15000,484,Employed,Master,2,37076,12,0,5,Mortgage,206,0.5775802908353165,3,0,0.05730430266537,0,Other,0,32,16,1683,1256,130083,20189,1250.0,0.9153767046240772,3,109894,0.260076,0.266655768605787,3553.894106640804,3.007915285312643,0,49.0
2072-02-18,33,31605,587,Unemployed,Master,11,21781,120,1,2,Own,743,0.5772622985390814,7,1,0.6291967698519401,0,Debt Consolidation,1,27,17,1048,454,37555,39089,2633.75,0.8272127860632087,6,6880,0.283281,0.2523209836341582,499.0709409556712,0.4715978893044789,0,69.0
2072-02-22,39,41629,634,Employed,Master,16,17092,48,1,2,Mortgage,572,0.2487816246743322,2,1,0.4035596648475853,0,Home,0,17,19,2425,616,344907,15159,3469.083333333333,0.76618512053492,6,329748,0.195092,0.1671571431152483,490.6800915842742,0.3063287876002615,1,38.400000000000006
2072-02-27,45,47714,582,Employed,Master,24,40174,48,0,2,Mortgage,570,0.5974140260476698,3,0,0.4631263589677588,0,Debt Consolidation,1,14,20,5078,384,82514,9476,3976.1666666666665,0.8407163582158562,7,73038,0.244174,0.2548008151080808,1342.834129628338,0.4810749372414817,0,62.0
2072-03-02,34,155118,542,Unemployed,Master,13,17733,72,1,0,Mortgage,360,0.1659629233428246,2,1,0.1393709138624059,0,Home,0,34,5,2854,2089,64500,3306,12926.5,0.9588207002460778,5,61194,0.261733,0.2999348306108818,533.4080030204879,0.0691144550358169,1,40.0
2072-03-09,33,60771,590,Employed,Master,10,34976,48,0,0,Rent,439,0.4109670489294818,4,0,0.1040227564346062,0,Other,0,24,14,5547,1527,70767,6095,5064.25,0.7739122966337763,3,64672,0.234976,0.2602847235075726,1179.8568658301306,0.319663694689269,0,49.0
2072-03-12,38,66470,540,Employed,Master,13,6900,72,Divorced,4,Mortgage,303,0.1298307417929696,2,3,0.2544981347677202,0,Home,0,19,20,805,1577,14065,12475,5539.166666666667,0.7768224965947341,2,1590,0.2519,0.2521646122587692,186.78406578537465,0.0884219766725514,1,40.8
2072-03-13,49,101448,609,Employed,Master,25,56491,72,1,2,Rent,226,0.2840607590310663,2,0,0.3440422303678225,0,Other,1,20,14,619,8035,74792,24939,8454.0,0.8981905186282388,2,49853,0.266991,0.2418911774803771,1493.721100462451,0.2034209960329371,0,56.0
2072-03-21,39,191468,624,Employed,Master,16,39213,36,1,2,Rent,432,0.141181320106289,3,3,0.353335440848889,0,Auto,0,24,7,6168,655,19963,36632,15955.666666666666,0.9285611332635052,5,6966,0.212213,0.1765626295617081,1410.8913474504088,0.1155007425230582,1,39.2
2072-03-25,29,45028,556,Employed,Master,4,20618,84,1,0,Mortgage,743,0.5917104630949148,3,1,0.2841040071376496,0,Home,0,25,13,2613,791,16969,15904,3752.3333333333335,0.823401064840342,3,1065,0.267618,0.2426375669424364,512.2092999559087,0.3345143377336524,0,54.0
2072-04-02,50,81373,545,Employed,Master,27,23887,48,1,0,Mortgage,496,0.4227895945220877,3,0,0.2769028896890151,0,Auto,0,23,13,904,868,39748,9121,6781.083333333333,0.8183743150586522,9,30627,0.246387,0.2490802093152479,790.7993964838475,0.1897631002642912,1,41.6
2072-04-05,60,52081,655,Employed,Master,39,19364,24,1,2,Rent,455,0.2463533795495102,4,2,0.1347146231754556,0,Debt Consolidation,0,27,5,3408,5165,13359,19322,4340.083333333333,0.9321109533267268,5,9355,0.1668639999999999,0.1505308939958915,939.3839553056832,0.3212804566668881,0,46.0
2072-04-06,30,29460,581,Employed,Master,7,18660,48,0,0,Mortgage,182,0.1501587278740309,2,1,0.4013905006222503,0,Education,0,31,9,7663,949,121759,6122,2455.0,0.8100011223736241,4,115637,0.22316,0.2111729404559858,578.9977432467667,0.3099787141534691,0,54.0
2072-04-11,29,86432,616,Employed,Master,9,50424,48,Divorced,0,Mortgage,214,0.198202672759225,2,0,0.2293609535462167,0,Other,0,32,23,5538,591,23205,15584,7202.666666666667,0.5985234396552692,3,7621,0.237424,0.2502063072111364,1672.4952963393494,0.2619162295917275,0,47.0
2072-04-12,49,75912,675,Unemployed,Master,25,12641,36,1,1,Mortgage,586,0.3117801638730265,2,1,0.2918187567019634,0,Auto,0,27,29,2621,805,7180,28518,6326.0,0.9097933945818604,6,8559,0.160141,0.1719260271390441,451.8987668789192,0.1640687269805436,1,39.2
2072-04-21,38,29518,448,Employed,Master,14,22613,36,1,1,Own,269,0.3264833686206007,5,1,0.5667330300787047,1,Debt Consolidation,0,30,14,937,489,17765,4135,2459.833333333333,0.8094742939495407,5,13630,0.283613,0.3343616448040612,1003.0079540648584,0.5171114387417272,0,72.0
2072-04-24,57,155382,638,Employed,Master,35,38213,36,1,1,Mortgage,491,0.2805467914021338,4,2,0.2127246030563275,0,Other,0,27,23,1770,409,20247,54427,12948.5,0.8149846696497274,3,6458,0.204213,0.2274051206303878,1474.0514095960743,0.1517589998529616,1,37.6
2072-04-25,46,46766,612,Unemployed,Master,17,17174,36,0,1,Rent,875,0.4086187533391356,2,1,0.0676342077710032,1,Home,0,32,17,5889,4203,49291,16910,3897.1666666666665,0.5335323613715711,2,32381,0.196174,0.2137077121934556,650.3055908635323,0.3913883396134454,0,64.0
2072-04-29,51,111673,596,Employed,Master,28,35066,48,1,0,Own,883,0.1291453453910299,4,1,0.4614431001477741,0,Education,0,17,11,2805,1572,161451,77607,9306.083333333334,0.8242180723136152,5,83844,0.232066,0.1948311444036597,1057.4379916014443,0.2085128535923395,1,41.6
2072-04-30,18,21403,600,Employed,Master,0,41405,48,1,3,Rent,441,0.0983344587637981,8,1,0.2701651501139324,0,Home,0,31,18,11174,1027,39871,31535,1783.5833333333333,0.905135165995456,3,8336,0.236405,0.24629407781124,1364.3265879932942,1.012190770262091,0,50.0
2072-05-10,32,26568,531,Unemployed,Master,7,26152,36,0,2,Rent,317,0.4061794430115589,3,1,0.1630611469714088,1,Debt Consolidation,0,24,9,3827,1973,224592,8141,2214.0,0.8215198304315499,4,216451,0.245652,0.2168545628517029,994.5062247186804,0.5923695685269558,0,65.0
2072-05-11,23,49605,524,Employed,Master,1,35380,60,1,2,Mortgage,917,0.5508895889288787,1,2,0.3313306027560619,0,Auto,0,20,10,919,3580,32168,57256,4133.75,0.9770901578318484,1,9575,0.27838,0.2591715228484158,1057.559210678079,0.4776677860727133,0,56.0
2072-05-12,44,102727,621,Employed,Master,23,22894,60,0,1,Rent,395,0.1991294278887757,3,2,0.5465567880328251,0,Debt Consolidation,0,23,3,1407,663,72582,21402,8560.583333333334,0.8577170569558893,2,51180,0.217394,0.1828603434263843,584.92535114054,0.1144694599636559,1,43.2
2072-05-14,40,112731,567,Employed,Master,17,39350,60,1,0,Mortgage,382,0.1177778318533753,2,1,0.332473414597026,0,Education,0,25,2,1647,1675,178065,88644,9394.25,0.6734429394449677,5,89421,0.2608499999999999,0.2329414647929213,1115.955224731902,0.1594544774443837,1,43.2
2072-05-16,36,53667,534,Employed,Master,13,20988,60,0,0,Rent,285,0.1834734273661045,0,3,0.2286753203847466,0,Other,0,25,18,1442,905,601558,20287,4472.25,0.9394536402897196,7,581271,0.258988,0.2806469424937481,654.2979893049616,0.2100280595460811,1,34.4
2072-05-23,38,46051,538,Employed,Master,13,17032,108,0,0,Mortgage,285,0.1308216586017506,3,1,0.201050832561059,0,Education,0,23,19,12453,2091,231341,7197,3837.5833333333335,0.9188510874276384,13,224144,0.2930319999999999,0.347101155544853,516.3952712305128,0.2088281091565037,0,48.0
2072-05-29,58,52638,637,Employed,Master,35,21866,48,1,3,Mortgage,208,0.3102557263935937,4,0,0.2280380657070505,0,Auto,0,23,14,2863,2252,58356,37891,4386.5,0.8084039969965423,5,20465,0.198366,0.1825777222265406,645.2627795068823,0.1945201822653328,1,39.2
2072-06-08,56,128158,636,Employed,Master,30,37915,36,Divorced,2,Own,323,0.4574838359817083,1,0,0.492669093361153,0,Debt Consolidation,1,32,15,1263,3176,84230,6027,10679.833333333334,0.9020024217094263,6,78203,0.204915,0.1984148603995925,1405.9968464879794,0.1618936169248564,1,44.8
2072-06-30,46,116213,608,Employed,Master,23,10758,36,1,1,Own,792,0.1624036612829643,5,0,0.6173591132832856,0,Home,0,26,24,2543,1715,19253,17294,9684.416666666666,0.9768955798476155,4,1959,0.1917579999999999,0.1757663488772424,386.6464960585196,0.1217054714421126,1,42.400000000000006
2072-07-20,52,80241,525,Employed,Master,28,14057,48,0,1,Mortgage,458,0.3960612588194044,3,0,0.3758324702471662,0,Home,0,22,23,1450,530,38463,14198,6686.75,0.8155350841590238,6,24265,0.246557,0.2201530855065765,442.9977712072885,0.1347437501338151,1,42.400000000000006
2072-07-25,56,44949,559,Employed,Master,34,15724,48,Divorced,1,Own,243,0.3798250625024756,6,2,0.1337065601001364,0,Home,0,25,6,2746,284,88312,124529,3745.75,0.8007333580621493,4,6034,0.2312239999999999,0.2542746376649428,525.1185298335383,0.2050640138379599,0,53.0
2072-08-01,22,63052,631,Employed,Master,2,18271,12,1,1,Other,433,0.1475346198116793,1,0,0.3764417905268303,0,Education,0,29,7,3747,3265,111995,203370,5254.333333333333,0.6393382108491246,3,1409,0.167771,0.1567016727582617,1654.8930427273958,0.3973659283246963,0,51.0
2072-08-05,31,42141,538,Employed,Master,9,18417,120,Widowed,0,Rent,331,0.698653233894013,3,0,0.2246088564944945,0,Auto,0,22,21,1576,579,12842,13539,3511.75,0.7274710564886946,6,3761,0.304417,0.2851024534903941,465.3637669889654,0.2267712015345526,0,55.0
2072-08-12,42,57736,610,Employed,Master,20,27341,36,0,0,Own,514,0.3603916219093954,0,1,0.0767969666002193,0,Debt Consolidation,0,22,20,3260,772,112102,641082,4811.333333333333,0.873583612511284,3,6474,0.207341,0.1963474649346674,1011.0083513707168,0.3169616914307988,1,37.6
2072-08-25,38,98936,605,Unemployed,Master,15,15225,72,1,3,Mortgage,533,0.2199401076945109,2,0,0.3261815801959827,0,Home,0,30,2,1767,388,46582,10206,8244.666666666666,0.9518019674350812,3,36376,0.2277249999999999,0.238715260701828,399.6394254143532,0.1131203313755583,1,45.6
2072-08-31,47,18136,646,Employed,Master,21,49304,72,0,2,Mortgage,432,0.1948116753339068,4,0,0.4351014365883426,0,Education,1,22,14,1548,212,126194,47551,1511.3333333333333,0.8712909405805893,11,78643,0.241304,0.2523046663295045,1335.091616750368,1.169226918890848,0,58.0
2072-09-07,27,74804,629,Unemployed,Master,6,19720,12,1,2,Rent,513,0.2515283032796547,6,1,0.6171546487740824,0,Auto,1,33,21,6234,600,27340,333340,6233.666666666667,0.7389849356362393,6,1631,0.17022,0.1543207018545895,1783.9169417847984,0.3684696446903585,0,64.0
2072-09-10,31,43973,551,Employed,Master,9,23367,48,1,3,Own,277,0.4050491126078887,1,0,0.3629852636459879,0,Education,0,23,18,5241,377,146972,26271,3664.4166666666665,0.7982014201641436,1,120701,0.242867,0.219876942370964,736.0464208903727,0.2764550303751045,0,52.0
2072-09-14,51,80555,617,Self-Employed,Master,30,20307,12,0,5,Own,814,0.0858295642968726,3,1,0.0649313207627809,0,Auto,0,26,23,608,1132,113378,2448,6712.916666666667,0.832469990443046,5,110930,0.176807,0.1608286616622687,1843.267942157373,0.3958440234111908,1,35.2
2072-09-17,40,61052,652,Unemployed,Master,18,10865,36,0,0,Other,368,0.1755656481500825,1,1,0.149768511011346,0,Education,0,22,10,1638,154,50505,39376,5087.666666666667,0.8674870914956005,6,11129,0.169865,0.1452191762790864,374.1000686949528,0.1458625569078725,1,36.8
2072-09-18,41,27179,556,Employed,Master,20,23544,60,1,3,Rent,576,0.3326458013077922,2,1,0.2247501837923553,0,Other,0,22,6,2794,205,25064,21064,2264.9166666666665,0.7139518813613505,6,4000,0.250544,0.2004352,624.3422577657467,0.5299719302840046,0,56.0
